symbol,time,brokerTime,timeframe,open,close,high,low,tickVolume,spread,endTime,endBrokerTime,state
XAUUSDc,2026-04-13T10:00:00.000Z,2026-04-13 10:00:00.000,30m,4714.835,4712.31,4718.928,4708.068,4137,280,2026-04-13T10:29:59.999Z,2026-04-13 10:29:59.999,complete
XAUUSDc,2026-04-13T10:30:00.000Z,2026-04-13 10:30:00.000,30m,4712.619,4721.993,4723.934,4711.589,3988,280,2026-04-13T10:59:59.999Z,2026-04-13 10:59:59.999,complete
XAUUSDc,2026-04-13T11:00:00.000Z,2026-04-13 11:00:00.000,30m,4721.927,4721.205,4729.12,4718.497,5090,280,2026-04-13T11:29:59.999Z,2026-04-13 11:29:59.999,complete
XAUUSDc,2026-04-13T11:30:00.000Z,2026-04-13 11:30:00.000,30m,4720.892,4706.841,4722.451,4703.353,7583,280,2026-04-13T11:59:59.999Z,2026-04-13 11:59:59.999,complete
XAUUSDc,2026-04-13T12:00:00.000Z,2026-04-13 12:00:00.000,30m,4706.698,4710.451,4720.221,4703.583,7948,280,2026-04-13T12:29:59.999Z,2026-04-13 12:29:59.999,complete
XAUUSDc,2026-04-13T12:30:00.000Z,2026-04-13 12:30:00.000,30m,4710.392,4723.347,4725.171,4708.982,6931,280,2026-04-13T12:59:59.999Z,2026-04-13 12:59:59.999,complete
XAUUSDc,2026-04-13T13:00:00.000Z,2026-04-13 13:00:00.000,30m,4723.568,4733.064,4737.577,4722.772,9535,280,2026-04-13T13:29:59.999Z,2026-04-13 13:29:59.999,complete
XAUUSDc,2026-04-13T13:30:00.000Z,2026-04-13 13:30:00.000,30m,4733.124,4730.65,4744.785,4721.125,19820,280,2026-04-13T13:59:59.999Z,2026-04-13 13:59:59.999,complete
XAUUSDc,2026-04-13T14:00:00.000Z,2026-04-13 14:00:00.000,30m,4730.433,4715.534,4731.419,4709.42,14698,280,2026-04-13T14:29:59.999Z,2026-04-13 14:29:59.999,complete
XAUUSDc,2026-04-13T14:30:00.000Z,2026-04-13 14:30:00.000,30m,4715.171,4719.179,4723.445,4708.587,9571,280,2026-04-13T14:59:59.999Z,2026-04-13 14:59:59.999,complete
XAUUSDc,2026-04-13T15:00:00.000Z,2026-04-13 15:00:00.000,30m,4718.903,4703.875,4719.715,4700.186,11487,280,2026-04-13T15:29:59.999Z,2026-04-13 15:29:59.999,complete
XAUUSDc,2026-04-13T15:30:00.000Z,2026-04-13 15:30:00.000,30m,4703.638,4714.412,4718.151,4702.069,7057,280,2026-04-13T15:59:59.999Z,2026-04-13 15:59:59.999,complete
XAUUSDc,2026-04-13T16:00:00.000Z,2026-04-13 16:00:00.000,30m,4714.288,4730.45,4734.175,4709.405,10590,280,2026-04-13T16:29:59.999Z,2026-04-13 16:29:59.999,complete
XAUUSDc,2026-04-13T16:30:00.000Z,2026-04-13 16:30:00.000,30m,4730.07,4733.091,4746.286,4728.68,13755,280,2026-04-13T16:59:59.999Z,2026-04-13 16:59:59.999,complete
XAUUSDc,2026-04-13T17:00:00.000Z,2026-04-13 17:00:00.000,30m,4733.117,4742.949,4749.934,4725.632,7921,280,2026-04-13T17:29:59.999Z,2026-04-13 17:29:59.999,complete
XAUUSDc,2026-04-13T17:30:00.000Z,2026-04-13 17:30:00.000,30m,4742.889,4730.032,4747.555,4727.138,5659,280,2026-04-13T17:59:59.999Z,2026-04-13 17:59:59.999,complete
XAUUSDc,2026-04-13T18:00:00.000Z,2026-04-13 18:00:00.000,30m,4730.089,4727.163,4732.91,4722.973,4678,280,2026-04-13T18:29:59.999Z,2026-04-13 18:29:59.999,complete
XAUUSDc,2026-04-13T18:30:00.000Z,2026-04-13 18:30:00.000,30m,4727.103,4738.262,4740.706,4726.618,4560,280,2026-04-13T18:59:59.999Z,2026-04-13 18:59:59.999,complete
XAUUSDc,2026-04-13T19:00:00.000Z,2026-04-13 19:00:00.000,30m,4738.189,4743.14,4744.1,4730.684,3825,280,2026-04-13T19:29:59.999Z,2026-04-13 19:29:59.999,complete
XAUUSDc,2026-04-13T19:30:00.000Z,2026-04-13 19:30:00.000,30m,4743.058,4741.283,4747.493,4739.159,4944,280,2026-04-13T19:59:59.999Z,2026-04-13 19:59:59.999,complete
XAUUSDc,2026-04-13T20:00:00.000Z,2026-04-13 20:00:00.000,30m,4741.096,4739.48,4744.14,4738.416,2423,280,2026-04-13T20:29:59.999Z,2026-04-13 20:29:59.999,complete
XAUUSDc,2026-04-13T20:30:00.000Z,2026-04-13 20:30:00.000,30m,4739.471,4741.1,4741.818,4738.174,1859,280,2026-04-13T20:59:59.999Z,2026-04-13 20:59:59.999,complete
XAUUSDc,2026-04-13T22:00:00.000Z,2026-04-13 22:00:00.000,30m,4750.803,4748.391,4752.618,4745.643,2749,360,2026-04-13T22:29:59.999Z,2026-04-13 22:29:59.999,complete
XAUUSDc,2026-04-13T22:30:00.000Z,2026-04-13 22:30:00.000,30m,4748.391,4757.829,4759.616,4746.285,2555,280,2026-04-13T22:59:59.999Z,2026-04-13 22:59:59.999,complete
XAUUSDc,2026-04-13T23:00:00.000Z,2026-04-13 23:00:00.000,30m,4757.766,4755.421,4765.979,4754.92,2865,280,2026-04-13T23:29:59.999Z,2026-04-13 23:29:59.999,complete
XAUUSDc,2026-04-13T23:30:00.000Z,2026-04-13 23:30:00.000,30m,4755.427,4757.323,4761.772,4754.415,2485,280,2026-04-13T23:59:59.999Z,2026-04-13 23:59:59.999,complete
XAUUSDc,2026-04-14T00:00:00.000Z,2026-04-14 00:00:00.000,30m,4757.699,4762.21,4767.578,4751.449,6283,280,2026-04-14T00:29:59.999Z,2026-04-14 00:29:59.999,complete
XAUUSDc,2026-04-14T00:30:00.000Z,2026-04-14 00:30:00.000,30m,4762.283,4769.651,4775.809,4761.169,5083,280,2026-04-14T00:59:59.999Z,2026-04-14 00:59:59.999,complete
XAUUSDc,2026-04-14T01:00:00.000Z,2026-04-14 01:00:00.000,30m,4769.888,4770.533,4777.005,4762.601,9101,280,2026-04-14T01:29:59.999Z,2026-04-14 01:29:59.999,complete
XAUUSDc,2026-04-14T01:30:00.000Z,2026-04-14 01:30:00.000,30m,4770.461,4764.591,4773.767,4761.69,5904,280,2026-04-14T01:59:59.999Z,2026-04-14 01:59:59.999,complete
XAUUSDc,2026-04-14T02:00:00.000Z,2026-04-14 02:00:00.000,30m,4764.727,4768.853,4772.473,4762.586,4211,280,2026-04-14T02:29:59.999Z,2026-04-14 02:29:59.999,complete
XAUUSDc,2026-04-14T02:30:00.000Z,2026-04-14 02:30:00.000,30m,4768.794,4774.928,4777.353,4762.214,4691,280,2026-04-14T02:59:59.999Z,2026-04-14 02:59:59.999,complete
XAUUSDc,2026-04-14T03:00:00.000Z,2026-04-14 03:00:00.000,30m,4774.962,4768.355,4775.629,4765.767,3705,280,2026-04-14T03:29:59.999Z,2026-04-14 03:29:59.999,complete
XAUUSDc,2026-04-14T03:30:00.000Z,2026-04-14 03:30:00.000,30m,4768.502,4768.253,4771.907,4765.632,2490,280,2026-04-14T03:59:59.999Z,2026-04-14 03:59:59.999,complete
XAUUSDc,2026-04-14T04:00:00.000Z,2026-04-14 04:00:00.000,30m,4768.317,4775.792,4776.916,4766.842,2205,280,2026-04-14T04:29:59.999Z,2026-04-14 04:29:59.999,complete
XAUUSDc,2026-04-14T04:30:00.000Z,2026-04-14 04:30:00.000,30m,4775.85,4774.231,4776.232,4771.578,2194,280,2026-04-14T04:59:59.999Z,2026-04-14 04:59:59.999,complete
XAUUSDc,2026-04-14T05:00:00.000Z,2026-04-14 05:00:00.000,30m,4774.005,4764.623,4774.333,4761.394,3456,280,2026-04-14T05:29:59.999Z,2026-04-14 05:29:59.999,complete
XAUUSDc,2026-04-14T05:30:00.000Z,2026-04-14 05:30:00.000,30m,4764.566,4760.172,4767.242,4757.965,5874,280,2026-04-14T05:59:59.999Z,2026-04-14 05:59:59.999,complete
XAUUSDc,2026-04-14T06:00:00.000Z,2026-04-14 06:00:00.000,30m,4760.162,4767.45,4769.826,4760.014,4656,280,2026-04-14T06:29:59.999Z,2026-04-14 06:29:59.999,complete
XAUUSDc,2026-04-14T06:30:00.000Z,2026-04-14 06:30:00.000,30m,4767.472,4781.951,4783.165,4764.287,5173,280,2026-04-14T06:59:59.999Z,2026-04-14 06:59:59.999,complete
XAUUSDc,2026-04-14T07:00:00.000Z,2026-04-14 07:00:00.000,30m,4782.023,4772.723,4796.449,4767.923,9629,280,2026-04-14T07:29:59.999Z,2026-04-14 07:29:59.999,complete
XAUUSDc,2026-04-14T07:30:00.000Z,2026-04-14 07:30:00.000,30m,4772.601,4777.057,4780.828,4771.659,5690,280,2026-04-14T07:59:59.999Z,2026-04-14 07:59:59.999,complete
XAUUSDc,2026-04-14T08:00:00.000Z,2026-04-14 08:00:00.000,30m,4776.984,4785.83,4786.409,4773.976,5668,280,2026-04-14T08:29:59.999Z,2026-04-14 08:29:59.999,complete
XAUUSDc,2026-04-14T08:30:00.000Z,2026-04-14 08:30:00.000,30m,4785.892,4786.93,4789.893,4781.361,4239,280,2026-04-14T08:59:59.999Z,2026-04-14 08:59:59.999,complete
XAUUSDc,2026-04-14T09:00:00.000Z,2026-04-14 09:00:00.000,30m,4786.699,4778.736,4789.126,4778.43,3997,280,2026-04-14T09:29:59.999Z,2026-04-14 09:29:59.999,complete
XAUUSDc,2026-04-14T09:30:00.000Z,2026-04-14 09:30:00.000,30m,4778.799,4778.362,4782.294,4771.366,5138,280,2026-04-14T09:59:59.999Z,2026-04-14 09:59:59.999,complete
XAUUSDc,2026-04-14T10:00:00.000Z,2026-04-14 10:00:00.000,30m,4778.42,4783.726,4788.094,4778.343,3863,280,2026-04-14T10:29:59.999Z,2026-04-14 10:29:59.999,complete
XAUUSDc,2026-04-14T10:30:00.000Z,2026-04-14 10:30:00.000,30m,4784.044,4768.552,4784.666,4751.685,6507,280,2026-04-14T10:59:59.999Z,2026-04-14 10:59:59.999,complete
XAUUSDc,2026-04-14T11:00:00.000Z,2026-04-14 11:00:00.000,30m,4768.487,4778.117,4783.045,4766.694,4294,280,2026-04-14T11:29:59.999Z,2026-04-14 11:29:59.999,complete
XAUUSDc,2026-04-14T11:30:00.000Z,2026-04-14 11:30:00.000,30m,4777.919,4775.049,4782.878,4770.27,5431,280,2026-04-14T11:59:59.999Z,2026-04-14 11:59:59.999,complete
XAUUSDc,2026-04-14T12:00:00.000Z,2026-04-14 12:00:00.000,30m,4775.106,4768.524,4777.535,4762.274,7074,280,2026-04-14T12:29:59.999Z,2026-04-14 12:29:59.999,complete
XAUUSDc,2026-04-14T12:30:00.000Z,2026-04-14 12:30:00.000,30m,4768.456,4771.488,4776.402,4762.112,7443,280,2026-04-14T12:59:59.999Z,2026-04-14 12:59:59.999,complete
XAUUSDc,2026-04-14T13:00:00.000Z,2026-04-14 13:00:00.000,30m,4771.375,4782.998,4792.484,4770.961,8465,280,2026-04-14T13:29:59.999Z,2026-04-14 13:29:59.999,complete
XAUUSDc,2026-04-14T13:30:00.000Z,2026-04-14 13:30:00.000,30m,4782.771,4794.43,4803.445,4780.34,12888,280,2026-04-14T13:59:59.999Z,2026-04-14 13:59:59.999,complete
XAUUSDc,2026-04-14T14:00:00.000Z,2026-04-14 14:00:00.000,30m,4794.493,4809.11,4810.505,4792.764,11065,280,2026-04-14T14:29:59.999Z,2026-04-14 14:29:59.999,complete
XAUUSDc,2026-04-14T14:30:00.000Z,2026-04-14 14:30:00.000,30m,4809.173,4803.974,4818.066,4795.223,9011,280,2026-04-14T14:59:59.999Z,2026-04-14 14:59:59.999,complete
XAUUSDc,2026-04-14T15:00:00.000Z,2026-04-14 15:00:00.000,30m,4803.743,4802.13,4805.892,4790.951,8419,280,2026-04-14T15:29:59.999Z,2026-04-14 15:29:59.999,complete
XAUUSDc,2026-04-14T15:30:00.000Z,2026-04-14 15:30:00.000,30m,4802.19,4807.938,4816.221,4802.19,6745,280,2026-04-14T15:59:59.999Z,2026-04-14 15:59:59.999,complete
XAUUSDc,2026-04-14T16:00:00.000Z,2026-04-14 16:00:00.000,30m,4808.256,4816.282,4819.325,4804.89,5964,280,2026-04-14T16:29:59.999Z,2026-04-14 16:29:59.999,complete
XAUUSDc,2026-04-14T16:30:00.000Z,2026-04-14 16:30:00.000,30m,4816.535,4810.245,4820.503,4809.099,4778,280,2026-04-14T16:59:59.999Z,2026-04-14 16:59:59.999,complete
XAUUSDc,2026-04-14T17:00:00.000Z,2026-04-14 17:00:00.000,30m,4810.247,4825.671,4833.575,4809.293,6817,280,2026-04-14T17:29:59.999Z,2026-04-14 17:29:59.999,complete
XAUUSDc,2026-04-14T17:30:00.000Z,2026-04-14 17:30:00.000,30m,4825.728,4835.191,4841.515,4824.925,5128,280,2026-04-14T17:59:59.999Z,2026-04-14 17:59:59.999,complete
XAUUSDc,2026-04-14T18:00:00.000Z,2026-04-14 18:00:00.000,30m,4835.131,4837.628,4843.424,4833.449,4936,280,2026-04-14T18:29:59.999Z,2026-04-14 18:29:59.999,complete
XAUUSDc,2026-04-14T18:30:00.000Z,2026-04-14 18:30:00.000,30m,4837.841,4835.553,4839.121,4830.843,3491,280,2026-04-14T18:59:59.999Z,2026-04-14 18:59:59.999,complete
XAUUSDc,2026-04-14T19:00:00.000Z,2026-04-14 19:00:00.000,30m,4835.625,4840.895,4842.541,4835.625,3377,280,2026-04-14T19:29:59.999Z,2026-04-14 19:29:59.999,complete
XAUUSDc,2026-04-14T19:30:00.000Z,2026-04-14 19:30:00.000,30m,4840.444,4844.587,4846.254,4838.554,4459,280,2026-04-14T19:59:59.999Z,2026-04-14 19:59:59.999,complete
XAUUSDc,2026-04-14T20:00:00.000Z,2026-04-14 20:00:00.000,30m,4844.657,4840.602,4846.003,4839.461,2240,280,2026-04-14T20:29:59.999Z,2026-04-14 20:29:59.999,complete
XAUUSDc,2026-04-14T20:30:00.000Z,2026-04-14 20:30:00.000,30m,4840.483,4840.739,4843.275,4839.8,1744,360,2026-04-14T20:59:59.999Z,2026-04-14 20:59:59.999,complete
XAUUSDc,2026-04-14T22:00:00.000Z,2026-04-14 22:00:00.000,30m,4839.629,4840.248,4850.659,4836.154,3226,360,2026-04-14T22:29:59.999Z,2026-04-14 22:29:59.999,complete
XAUUSDc,2026-04-14T22:30:00.000Z,2026-04-14 22:30:00.000,30m,4840.218,4835.156,4843.103,4833.395,2466,360,2026-04-14T22:59:59.999Z,2026-04-14 22:59:59.999,complete
XAUUSDc,2026-04-14T23:00:00.000Z,2026-04-14 23:00:00.000,30m,4835.072,4836.164,4844.128,4833.61,2667,280,2026-04-14T23:29:59.999Z,2026-04-14 23:29:59.999,complete
XAUUSDc,2026-04-14T23:30:00.000Z,2026-04-14 23:30:00.000,30m,4835.777,4836.889,4844.053,4835.222,3422,280,2026-04-14T23:59:59.999Z,2026-04-14 23:59:59.999,complete
XAUUSDc,2026-04-15T00:00:00.000Z,2026-04-15 00:00:00.000,30m,4836.946,4833.393,4839.709,4828.481,4799,280,2026-04-15T00:29:59.999Z,2026-04-15 00:29:59.999,complete
XAUUSDc,2026-04-15T00:30:00.000Z,2026-04-15 00:30:00.000,30m,4833.457,4835.625,4837.668,4827.148,3599,280,2026-04-15T00:59:59.999Z,2026-04-15 00:59:59.999,complete
XAUUSDc,2026-04-15T01:00:00.000Z,2026-04-15 01:00:00.000,30m,4835.578,4851.011,4871.422,4828.023,12872,360,2026-04-15T01:29:59.999Z,2026-04-15 01:29:59.999,complete
XAUUSDc,2026-04-15T01:30:00.000Z,2026-04-15 01:30:00.000,30m,4850.944,4847.234,4851.146,4839.749,7294,280,2026-04-15T01:59:59.999Z,2026-04-15 01:59:59.999,complete
XAUUSDc,2026-04-15T02:00:00.000Z,2026-04-15 02:00:00.000,30m,4846.867,4834.756,4853.411,4832.215,6045,280,2026-04-15T02:29:59.999Z,2026-04-15 02:29:59.999,complete
XAUUSDc,2026-04-15T02:30:00.000Z,2026-04-15 02:30:00.000,30m,4834.818,4824.012,4835.515,4820.373,8749,280,2026-04-15T02:59:59.999Z,2026-04-15 02:59:59.999,complete
XAUUSDc,2026-04-15T03:00:00.000Z,2026-04-15 03:00:00.000,30m,4823.902,4826.284,4827.993,4816.719,5772,280,2026-04-15T03:29:59.999Z,2026-04-15 03:29:59.999,complete
XAUUSDc,2026-04-15T03:30:00.000Z,2026-04-15 03:30:00.000,30m,4826.222,4824.099,4829.638,4823.741,2905,280,2026-04-15T03:59:59.999Z,2026-04-15 03:59:59.999,complete
XAUUSDc,2026-04-15T04:00:00.000Z,2026-04-15 04:00:00.000,30m,4824.125,4824.441,4826.561,4820.487,2779,280,2026-04-15T04:29:59.999Z,2026-04-15 04:29:59.999,complete
XAUUSDc,2026-04-15T04:30:00.000Z,2026-04-15 04:30:00.000,30m,4824.765,4825.076,4827.843,4821.146,2459,280,2026-04-15T04:59:59.999Z,2026-04-15 04:59:59.999,complete
XAUUSDc,2026-04-15T05:00:00.000Z,2026-04-15 05:00:00.000,30m,4824.76,4825.935,4830.507,4822.461,4494,280,2026-04-15T05:29:59.999Z,2026-04-15 05:29:59.999,complete
XAUUSDc,2026-04-15T05:30:00.000Z,2026-04-15 05:30:00.000,30m,4825.933,4819.773,4827.91,4812.471,8112,280,2026-04-15T05:59:59.999Z,2026-04-15 05:59:59.999,complete
XAUUSDc,2026-04-15T06:00:00.000Z,2026-04-15 06:00:00.000,30m,4819.855,4814.579,4825.015,4813.513,5103,280,2026-04-15T06:29:59.999Z,2026-04-15 06:29:59.999,complete
XAUUSDc,2026-04-15T06:30:00.000Z,2026-04-15 06:30:00.000,30m,4814.522,4811.811,4822.048,4810.878,5152,280,2026-04-15T06:59:59.999Z,2026-04-15 06:59:59.999,complete
XAUUSDc,2026-04-15T07:00:00.000Z,2026-04-15 07:00:00.000,30m,4811.634,4812.572,4816.742,4803.836,6636,280,2026-04-15T07:29:59.999Z,2026-04-15 07:29:59.999,complete
XAUUSDc,2026-04-15T07:30:00.000Z,2026-04-15 07:30:00.000,30m,4812.575,4810.975,4815.796,4805.764,5689,280,2026-04-15T07:59:59.999Z,2026-04-15 07:59:59.999,complete
XAUUSDc,2026-04-15T08:00:00.000Z,2026-04-15 08:00:00.000,30m,4810.912,4809.747,4814.007,4804.376,5685,280,2026-04-15T08:29:59.999Z,2026-04-15 08:29:59.999,complete
XAUUSDc,2026-04-15T08:30:00.000Z,2026-04-15 08:30:00.000,30m,4809.689,4818.171,4820.956,4805.287,4463,280,2026-04-15T08:59:59.999Z,2026-04-15 08:59:59.999,complete
XAUUSDc,2026-04-15T09:00:00.000Z,2026-04-15 09:00:00.000,30m,4818.11,4798.052,4819.23,4792.416,8089,280,2026-04-15T09:29:59.999Z,2026-04-15 09:29:59.999,complete
XAUUSDc,2026-04-15T09:30:00.000Z,2026-04-15 09:30:00.000,30m,4797.984,4798.255,4803.947,4786.049,6595,280,2026-04-15T09:59:59.999Z,2026-04-15 09:59:59.999,complete
XAUUSDc,2026-04-15T10:00:00.000Z,2026-04-15 10:00:00.000,30m,4798.191,4794.939,4803.063,4790.046,7228,280,2026-04-15T10:29:59.999Z,2026-04-15 10:29:59.999,complete
XAUUSDc,2026-04-15T10:30:00.000Z,2026-04-15 10:30:00.000,30m,4794.87,4799.858,4805.185,4793.012,5777,280,2026-04-15T10:59:59.999Z,2026-04-15 10:59:59.999,complete
XAUUSDc,2026-04-15T11:00:00.000Z,2026-04-15 11:00:00.000,30m,4799.918,4804.732,4806.831,4795.585,4185,280,2026-04-15T11:29:59.999Z,2026-04-15 11:29:59.999,complete
XAUUSDc,2026-04-15T11:30:00.000Z,2026-04-15 11:30:00.000,30m,4804.805,4812.722,4815.09,4802.505,5882,280,2026-04-15T11:59:59.999Z,2026-04-15 11:59:59.999,complete
XAUUSDc,2026-04-15T12:00:00.000Z,2026-04-15 12:00:00.000,30m,4812.655,4812.597,4816.274,4807.103,5966,280,2026-04-15T12:29:59.999Z,2026-04-15 12:29:59.999,complete
XAUUSDc,2026-04-15T12:30:00.000Z,2026-04-15 12:30:00.000,30m,4812.514,4811.751,4815.92,4808.195,4482,280,2026-04-15T12:59:59.999Z,2026-04-15 12:59:59.999,complete
XAUUSDc,2026-04-15T13:00:00.000Z,2026-04-15 13:00:00.000,30m,4811.688,4821.65,4821.922,4808.429,7500,280,2026-04-15T13:29:59.999Z,2026-04-15 13:29:59.999,complete
XAUUSDc,2026-04-15T13:30:00.000Z,2026-04-15 13:30:00.000,30m,4821.799,4828.629,4829.962,4815.629,11284,280,2026-04-15T13:59:59.999Z,2026-04-15 13:59:59.999,complete
XAUUSDc,2026-04-15T14:00:00.000Z,2026-04-15 14:00:00.000,30m,4828.542,4825.1,4830.688,4820.378,7436,280,2026-04-15T14:29:59.999Z,2026-04-15 14:29:59.999,complete
XAUUSDc,2026-04-15T14:30:00.000Z,2026-04-15 14:30:00.000,30m,4825.169,4815.636,4825.797,4813.401,6953,280,2026-04-15T14:59:59.999Z,2026-04-15 14:59:59.999,complete
XAUUSDc,2026-04-15T15:00:00.000Z,2026-04-15 15:00:00.000,30m,4815.705,4798.478,4816.284,4797.561,9373,280,2026-04-15T15:29:59.999Z,2026-04-15 15:29:59.999,complete
XAUUSDc,2026-04-15T15:30:00.000Z,2026-04-15 15:30:00.000,30m,4798.537,4801.8,4807.445,4786.692,8549,280,2026-04-15T15:59:59.999Z,2026-04-15 15:59:59.999,complete
XAUUSDc,2026-04-15T16:00:00.000Z,2026-04-15 16:00:00.000,30m,4801.629,4811.15,4812.802,4800.38,5298,280,2026-04-15T16:29:59.999Z,2026-04-15 16:29:59.999,complete
XAUUSDc,2026-04-15T16:30:00.000Z,2026-04-15 16:30:00.000,30m,4811.139,4803.691,4812.069,4800.007,6459,280,2026-04-15T16:59:59.999Z,2026-04-15 16:59:59.999,complete
XAUUSDc,2026-04-15T17:00:00.000Z,2026-04-15 17:00:00.000,30m,4804.04,4801.928,4808.692,4797.698,5079,280,2026-04-15T17:29:59.999Z,2026-04-15 17:29:59.999,complete
XAUUSDc,2026-04-15T17:30:00.000Z,2026-04-15 17:30:00.000,30m,4801.841,4792.598,4802.834,4790.729,5313,280,2026-04-15T17:59:59.999Z,2026-04-15 17:59:59.999,complete
XAUUSDc,2026-04-15T18:00:00.000Z,2026-04-15 18:00:00.000,30m,4792.385,4794.706,4800.864,4789.933,6265,280,2026-04-15T18:29:59.999Z,2026-04-15 18:29:59.999,complete
XAUUSDc,2026-04-15T18:30:00.000Z,2026-04-15 18:30:00.000,30m,4794.764,4799.897,4802.146,4794.727,3401,280,2026-04-15T18:59:59.999Z,2026-04-15 18:59:59.999,complete
XAUUSDc,2026-04-15T19:00:00.000Z,2026-04-15 19:00:00.000,30m,4799.565,4802.768,4803.401,4797.682,3312,280,2026-04-15T19:29:59.999Z,2026-04-15 19:29:59.999,complete
XAUUSDc,2026-04-15T19:30:00.000Z,2026-04-15 19:30:00.000,30m,4802.71,4795.951,4802.872,4794.349,3931,280,2026-04-15T19:59:59.999Z,2026-04-15 19:59:59.999,complete
XAUUSDc,2026-04-15T20:00:00.000Z,2026-04-15 20:00:00.000,30m,4796.01,4793.969,4796.808,4792.559,2180,280,2026-04-15T20:29:59.999Z,2026-04-15 20:29:59.999,complete
XAUUSDc,2026-04-15T20:30:00.000Z,2026-04-15 20:30:00.000,30m,4793.99,4791.166,4793.99,4787.612,2229,280,2026-04-15T20:59:59.999Z,2026-04-15 20:59:59.999,complete
XAUUSDc,2026-04-15T22:00:00.000Z,2026-04-15 22:00:00.000,30m,4797.162,4800.86,4801.81,4791.12,2359,280,2026-04-15T22:29:59.999Z,2026-04-15 22:29:59.999,complete
XAUUSDc,2026-04-15T22:30:00.000Z,2026-04-15 22:30:00.000,30m,4800.933,4807.696,4811.997,4799.114,2372,280,2026-04-15T22:59:59.999Z,2026-04-15 22:59:59.999,complete
XAUUSDc,2026-04-15T23:00:00.000Z,2026-04-15 23:00:00.000,30m,4807.675,4815.096,4815.807,4807.617,1905,280,2026-04-15T23:29:59.999Z,2026-04-15 23:29:59.999,complete
XAUUSDc,2026-04-15T23:30:00.000Z,2026-04-15 23:30:00.000,30m,4815.042,4823.572,4826.607,4814.324,2660,280,2026-04-15T23:59:59.999Z,2026-04-15 23:59:59.999,complete
XAUUSDc,2026-04-16T00:00:00.000Z,2026-04-16 00:00:00.000,30m,4823.205,4824.858,4831.274,4822.174,4145,280,2026-04-16T00:29:59.999Z,2026-04-16 00:29:59.999,complete
XAUUSDc,2026-04-16T00:30:00.000Z,2026-04-16 00:30:00.000,30m,4824.921,4833.196,4837.601,4820.235,4246,280,2026-04-16T00:59:59.999Z,2026-04-16 00:59:59.999,complete
XAUUSDc,2026-04-16T01:00:00.000Z,2026-04-16 01:00:00.000,30m,4832.852,4823.801,4836.371,4822.897,6094,280,2026-04-16T01:29:59.999Z,2026-04-16 01:29:59.999,complete
XAUUSDc,2026-04-16T01:30:00.000Z,2026-04-16 01:30:00.000,30m,4823.741,4818.061,4825.688,4811.174,5381,280,2026-04-16T01:59:59.999Z,2026-04-16 01:59:59.999,complete
XAUUSDc,2026-04-16T02:00:00.000Z,2026-04-16 02:00:00.000,30m,4817.842,4819.282,4825.014,4817.189,4059,280,2026-04-16T02:29:59.999Z,2026-04-16 02:29:59.999,complete
XAUUSDc,2026-04-16T02:30:00.000Z,2026-04-16 02:30:00.000,30m,4818.983,4819.499,4821.365,4812.578,4649,280,2026-04-16T02:59:59.999Z,2026-04-16 02:59:59.999,complete
XAUUSDc,2026-04-16T03:00:00.000Z,2026-04-16 03:00:00.000,30m,4819.732,4823.901,4826.969,4819.234,3449,280,2026-04-16T03:29:59.999Z,2026-04-16 03:29:59.999,complete
XAUUSDc,2026-04-16T03:30:00.000Z,2026-04-16 03:30:00.000,30m,4823.672,4824.174,4826.596,4818.934,2575,280,2026-04-16T03:59:59.999Z,2026-04-16 03:59:59.999,complete
XAUUSDc,2026-04-16T04:00:00.000Z,2026-04-16 04:00:00.000,30m,4824.174,4826.25,4829.797,4822.853,2552,280,2026-04-16T04:29:59.999Z,2026-04-16 04:29:59.999,complete
XAUUSDc,2026-04-16T04:30:00.000Z,2026-04-16 04:30:00.000,30m,4826.541,4832.78,4833.548,4824.887,2176,280,2026-04-16T04:59:59.999Z,2026-04-16 04:59:59.999,complete
XAUUSDc,2026-04-16T05:00:00.000Z,2026-04-16 05:00:00.000,30m,4832.838,4833.083,4838.376,4831.6,3168,280,2026-04-16T05:29:59.999Z,2026-04-16 05:29:59.999,complete
XAUUSDc,2026-04-16T05:30:00.000Z,2026-04-16 05:30:00.000,30m,4833.145,4821.392,4833.738,4821.229,5327,280,2026-04-16T05:59:59.999Z,2026-04-16 05:59:59.999,complete
XAUUSDc,2026-04-16T06:00:00.000Z,2026-04-16 06:00:00.000,30m,4821.463,4816.297,4827.52,4814.098,5526,280,2026-04-16T06:29:59.999Z,2026-04-16 06:29:59.999,complete
XAUUSDc,2026-04-16T06:30:00.000Z,2026-04-16 06:30:00.000,30m,4816.37,4826.134,4830.647,4814.687,6127,280,2026-04-16T06:59:59.999Z,2026-04-16 06:59:59.999,complete
XAUUSDc,2026-04-16T07:00:00.000Z,2026-04-16 07:00:00.000,30m,4826.192,4828.013,4830.906,4816.961,6955,280,2026-04-16T07:29:59.999Z,2026-04-16 07:29:59.999,complete
XAUUSDc,2026-04-16T07:30:00.000Z,2026-04-16 07:30:00.000,30m,4828.072,4821.228,4830.141,4819.41,3984,280,2026-04-16T07:59:59.999Z,2026-04-16 07:59:59.999,complete
XAUUSDc,2026-04-16T08:00:00.000Z,2026-04-16 08:00:00.000,30m,4821.22,4811.648,4821.767,4807.32,6156,280,2026-04-16T08:29:59.999Z,2026-04-16 08:29:59.999,complete
XAUUSDc,2026-04-16T08:30:00.000Z,2026-04-16 08:30:00.000,30m,4811.322,4813.604,4814.442,4806.397,4091,280,2026-04-16T08:59:59.999Z,2026-04-16 08:59:59.999,complete
XAUUSDc,2026-04-16T09:00:00.000Z,2026-04-16 09:00:00.000,30m,4813.578,4813.235,4817.874,4811.088,3451,280,2026-04-16T09:29:59.999Z,2026-04-16 09:29:59.999,complete
XAUUSDc,2026-04-16T09:30:00.000Z,2026-04-16 09:30:00.000,30m,4813.092,4812.597,4815.304,4806.781,4859,280,2026-04-16T09:59:59.999Z,2026-04-16 09:59:59.999,complete
XAUUSDc,2026-04-16T10:00:00.000Z,2026-04-16 10:00:00.000,30m,4812.838,4807.192,4815.39,4804.978,3529,280,2026-04-16T10:29:59.999Z,2026-04-16 10:29:59.999,complete
XAUUSDc,2026-04-16T10:30:00.000Z,2026-04-16 10:30:00.000,30m,4807.199,4817.01,4817.391,4804.983,3865,280,2026-04-16T10:59:59.999Z,2026-04-16 10:59:59.999,complete
XAUUSDc,2026-04-16T11:00:00.000Z,2026-04-16 11:00:00.000,30m,4817.076,4815.998,4820.499,4815.41,3467,280,2026-04-16T11:29:59.999Z,2026-04-16 11:29:59.999,complete
XAUUSDc,2026-04-16T11:30:00.000Z,2026-04-16 11:30:00.000,30m,4815.977,4822.252,4822.537,4815.808,3764,280,2026-04-16T11:59:59.999Z,2026-04-16 11:59:59.999,complete
XAUUSDc,2026-04-16T12:00:00.000Z,2026-04-16 12:00:00.000,30m,4822.149,4815.345,4823.109,4811.351,4909,280,2026-04-16T12:29:59.999Z,2026-04-16 12:29:59.999,complete
XAUUSDc,2026-04-16T12:30:00.000Z,2026-04-16 12:30:00.000,30m,4815.113,4816.337,4820.542,4811.924,4727,280,2026-04-16T12:59:59.999Z,2026-04-16 12:59:59.999,complete
XAUUSDc,2026-04-16T13:00:00.000Z,2026-04-16 13:00:00.000,30m,4816.41,4815.729,4823.182,4814.015,5778,280,2026-04-16T13:29:59.999Z,2026-04-16 13:29:59.999,complete
XAUUSDc,2026-04-16T13:30:00.000Z,2026-04-16 13:30:00.000,30m,4815.657,4794.686,4824.0,4784.549,16853,280,2026-04-16T13:59:59.999Z,2026-04-16 13:59:59.999,complete
XAUUSDc,2026-04-16T14:00:00.000Z,2026-04-16 14:00:00.000,30m,4794.602,4799.029,4805.229,4785.244,15585,280,2026-04-16T14:29:59.999Z,2026-04-16 14:29:59.999,complete
XAUUSDc,2026-04-16T14:30:00.000Z,2026-04-16 14:30:00.000,30m,4798.992,4788.806,4800.65,4772.851,13754,280,2026-04-16T14:59:59.999Z,2026-04-16 14:59:59.999,complete
XAUUSDc,2026-04-16T15:00:00.000Z,2026-04-16 15:00:00.000,30m,4788.509,4801.833,4812.932,4788.184,8758,280,2026-04-16T15:29:59.999Z,2026-04-16 15:29:59.999,complete
XAUUSDc,2026-04-16T15:30:00.000Z,2026-04-16 15:30:00.000,30m,4801.77,4806.743,4810.984,4798.022,9997,280,2026-04-16T15:59:59.999Z,2026-04-16 15:59:59.999,complete
XAUUSDc,2026-04-16T16:00:00.000Z,2026-04-16 16:00:00.000,30m,4806.678,4799.391,4810.262,4796.568,5109,280,2026-04-16T16:29:59.999Z,2026-04-16 16:29:59.999,complete
XAUUSDc,2026-04-16T16:30:00.000Z,2026-04-16 16:30:00.000,30m,4799.453,4792.162,4799.982,4785.123,9266,280,2026-04-16T16:59:59.999Z,2026-04-16 16:59:59.999,complete
XAUUSDc,2026-04-16T17:00:00.000Z,2026-04-16 17:00:00.000,30m,4792.222,4785.292,4795.39,4784.666,6408,280,2026-04-16T17:29:59.999Z,2026-04-16 17:29:59.999,complete
XAUUSDc,2026-04-16T17:30:00.000Z,2026-04-16 17:30:00.000,30m,4785.35,4788.984,4790.933,4781.359,5744,280,2026-04-16T17:59:59.999Z,2026-04-16 17:59:59.999,complete
XAUUSDc,2026-04-16T18:00:00.000Z,2026-04-16 18:00:00.000,30m,4788.925,4787.183,4794.03,4785.606,5817,280,2026-04-16T18:29:59.999Z,2026-04-16 18:29:59.999,complete
XAUUSDc,2026-04-16T18:30:00.000Z,2026-04-16 18:30:00.000,30m,4787.24,4789.327,4792.654,4786.508,3550,280,2026-04-16T18:59:59.999Z,2026-04-16 18:59:59.999,complete
XAUUSDc,2026-04-16T19:00:00.000Z,2026-04-16 19:00:00.000,30m,4789.313,4790.864,4795.12,4789.313,3563,280,2026-04-16T19:29:59.999Z,2026-04-16 19:29:59.999,complete
XAUUSDc,2026-04-16T19:30:00.000Z,2026-04-16 19:30:00.000,30m,4790.924,4793.737,4798.636,4790.415,3965,280,2026-04-16T19:59:59.999Z,2026-04-16 19:59:59.999,complete
XAUUSDc,2026-04-16T20:00:00.000Z,2026-04-16 20:00:00.000,30m,4793.669,4788.959,4793.929,4787.986,2156,280,2026-04-16T20:29:59.999Z,2026-04-16 20:29:59.999,complete
XAUUSDc,2026-04-16T20:30:00.000Z,2026-04-16 20:30:00.000,30m,4789.064,4790.146,4790.721,4786.201,1745,280,2026-04-16T20:59:59.999Z,2026-04-16 20:59:59.999,complete
XAUUSDc,2026-04-16T22:00:00.000Z,2026-04-16 22:00:00.000,30m,4794.579,4794.11,4797.829,4791.334,2434,360,2026-04-16T22:29:59.999Z,2026-04-16 22:29:59.999,complete
XAUUSDc,2026-04-16T22:30:00.000Z,2026-04-16 22:30:00.000,30m,4793.77,4795.375,4796.806,4791.114,2125,280,2026-04-16T22:59:59.999Z,2026-04-16 22:59:59.999,complete
XAUUSDc,2026-04-16T23:00:00.000Z,2026-04-16 23:00:00.000,30m,4795.317,4794.525,4797.849,4792.299,2064,280,2026-04-16T23:29:59.999Z,2026-04-16 23:29:59.999,complete
XAUUSDc,2026-04-16T23:30:00.000Z,2026-04-16 23:30:00.000,30m,4794.539,4791.651,4796.615,4791.575,2149,280,2026-04-16T23:59:59.999Z,2026-04-16 23:59:59.999,complete
XAUUSDc,2026-04-17T00:00:00.000Z,2026-04-17 00:00:00.000,30m,4791.559,4792.757,4793.078,4785.725,3782,280,2026-04-17T00:29:59.999Z,2026-04-17 00:29:59.999,complete
XAUUSDc,2026-04-17T00:30:00.000Z,2026-04-17 00:30:00.000,30m,4793.051,4794.94,4801.312,4792.289,3392,280,2026-04-17T00:59:59.999Z,2026-04-17 00:59:59.999,complete
XAUUSDc,2026-04-17T01:00:00.000Z,2026-04-17 01:00:00.000,30m,4795.002,4768.847,4795.764,4767.553,9581,280,2026-04-17T01:29:59.999Z,2026-04-17 01:29:59.999,complete
XAUUSDc,2026-04-17T01:30:00.000Z,2026-04-17 01:30:00.000,30m,4768.911,4789.223,4791.492,4767.519,6538,280,2026-04-17T01:59:59.999Z,2026-04-17 01:59:59.999,complete
XAUUSDc,2026-04-17T02:00:00.000Z,2026-04-17 02:00:00.000,30m,4789.219,4789.172,4794.504,4788.149,3709,280,2026-04-17T02:29:59.999Z,2026-04-17 02:29:59.999,complete
XAUUSDc,2026-04-17T02:30:00.000Z,2026-04-17 02:30:00.000,30m,4789.086,4784.685,4794.791,4784.395,3721,280,2026-04-17T02:59:59.999Z,2026-04-17 02:59:59.999,complete
XAUUSDc,2026-04-17T03:00:00.000Z,2026-04-17 03:00:00.000,30m,4784.742,4794.253,4798.378,4784.69,4697,280,2026-04-17T03:29:59.999Z,2026-04-17 03:29:59.999,complete
XAUUSDc,2026-04-17T03:30:00.000Z,2026-04-17 03:30:00.000,30m,4793.904,4793.418,4796.74,4792.01,2346,280,2026-04-17T03:59:59.999Z,2026-04-17 03:59:59.999,complete
XAUUSDc,2026-04-17T04:00:00.000Z,2026-04-17 04:00:00.000,30m,4793.393,4795.743,4796.299,4792.417,2320,280,2026-04-17T04:29:59.999Z,2026-04-17 04:29:59.999,complete
XAUUSDc,2026-04-17T04:30:00.000Z,2026-04-17 04:30:00.000,30m,4795.75,4802.809,4804.608,4795.157,2403,280,2026-04-17T04:59:59.999Z,2026-04-17 04:59:59.999,complete
XAUUSDc,2026-04-17T05:00:00.000Z,2026-04-17 05:00:00.000,30m,4802.82,4803.341,4806.378,4799.742,3227,280,2026-04-17T05:29:59.999Z,2026-04-17 05:29:59.999,complete
XAUUSDc,2026-04-17T05:30:00.000Z,2026-04-17 05:30:00.000,30m,4803.569,4794.313,4805.194,4793.676,5470,280,2026-04-17T05:59:59.999Z,2026-04-17 05:59:59.999,complete
XAUUSDc,2026-04-17T06:00:00.000Z,2026-04-17 06:00:00.000,30m,4794.433,4783.958,4795.298,4783.011,5408,280,2026-04-17T06:29:59.999Z,2026-04-17 06:29:59.999,complete
XAUUSDc,2026-04-17T06:30:00.000Z,2026-04-17 06:30:00.000,30m,4783.898,4785.071,4787.226,4779.107,4246,280,2026-04-17T06:59:59.999Z,2026-04-17 06:59:59.999,complete
XAUUSDc,2026-04-17T07:00:00.000Z,2026-04-17 07:00:00.000,30m,4785.142,4791.485,4792.786,4784.14,3856,280,2026-04-17T07:29:59.999Z,2026-04-17 07:29:59.999,complete
XAUUSDc,2026-04-17T07:30:00.000Z,2026-04-17 07:30:00.000,30m,4791.488,4784.474,4794.828,4778.621,4296,280,2026-04-17T07:59:59.999Z,2026-04-17 07:59:59.999,complete
XAUUSDc,2026-04-17T08:00:00.000Z,2026-04-17 08:00:00.000,30m,4784.46,4784.542,4790.899,4780.853,4036,280,2026-04-17T08:29:59.999Z,2026-04-17 08:29:59.999,complete
XAUUSDc,2026-04-17T08:30:00.000Z,2026-04-17 08:30:00.000,30m,4784.55,4795.744,4796.861,4784.283,3732,280,2026-04-17T08:59:59.999Z,2026-04-17 08:59:59.999,complete
XAUUSDc,2026-04-17T09:00:00.000Z,2026-04-17 09:00:00.000,30m,4795.685,4796.001,4801.041,4792.099,3584,280,2026-04-17T09:29:59.999Z,2026-04-17 09:29:59.999,complete
XAUUSDc,2026-04-17T09:30:00.000Z,2026-04-17 09:30:00.000,30m,4795.681,4790.49,4798.785,4789.943,3422,280,2026-04-17T09:59:59.999Z,2026-04-17 09:59:59.999,complete
XAUUSDc,2026-04-17T10:00:00.000Z,2026-04-17 10:00:00.000,30m,4790.548,4789.663,4793.98,4787.072,3117,280,2026-04-17T10:29:59.999Z,2026-04-17 10:29:59.999,complete
XAUUSDc,2026-04-17T10:30:00.000Z,2026-04-17 10:30:00.000,30m,4789.671,4787.203,4789.909,4782.155,3519,280,2026-04-17T10:59:59.999Z,2026-04-17 10:59:59.999,complete
XAUUSDc,2026-04-17T11:00:00.000Z,2026-04-17 11:00:00.000,30m,4787.263,4792.685,4793.124,4783.276,3168,280,2026-04-17T11:29:59.999Z,2026-04-17 11:29:59.999,complete
XAUUSDc,2026-04-17T11:30:00.000Z,2026-04-17 11:30:00.000,30m,4792.92,4799.214,4811.696,4789.657,5074,280,2026-04-17T11:59:59.999Z,2026-04-17 11:59:59.999,complete
XAUUSDc,2026-04-17T12:00:00.000Z,2026-04-17 12:00:00.000,30m,4799.279,4816.909,4819.546,4797.535,6722,280,2026-04-17T12:29:59.999Z,2026-04-17 12:29:59.999,complete
XAUUSDc,2026-04-17T12:30:00.000Z,2026-04-17 12:30:00.000,30m,4816.712,4846.533,4847.737,4815.211,17101,280,2026-04-17T12:59:59.999Z,2026-04-17 12:59:59.999,complete
XAUUSDc,2026-04-17T13:00:00.000Z,2026-04-17 13:00:00.000,30m,4846.09,4851.479,4889.866,4834.674,24951,360,2026-04-17T13:29:59.999Z,2026-04-17 13:29:59.999,complete
XAUUSDc,2026-04-17T13:30:00.000Z,2026-04-17 13:30:00.000,30m,4851.544,4879.969,4882.103,4848.072,22944,360,2026-04-17T13:59:59.999Z,2026-04-17 13:59:59.999,complete
XAUUSDc,2026-04-17T14:00:00.000Z,2026-04-17 14:00:00.000,30m,4880.029,4871.564,4885.522,4860.606,13627,280,2026-04-17T14:29:59.999Z,2026-04-17 14:29:59.999,complete
XAUUSDc,2026-04-17T14:30:00.000Z,2026-04-17 14:30:00.000,30m,4871.624,4873.242,4883.167,4869.387,10671,280,2026-04-17T14:59:59.999Z,2026-04-17 14:59:59.999,complete
XAUUSDc,2026-04-17T15:00:00.000Z,2026-04-17 15:00:00.000,30m,4873.309,4866.062,4880.352,4862.322,12425,360,2026-04-17T15:29:59.999Z,2026-04-17 15:29:59.999,complete
XAUUSDc,2026-04-17T15:30:00.000Z,2026-04-17 15:30:00.000,30m,4866.132,4867.541,4874.039,4854.646,9028,280,2026-04-17T15:59:59.999Z,2026-04-17 15:59:59.999,complete
XAUUSDc,2026-04-17T16:00:00.000Z,2026-04-17 16:00:00.000,30m,4867.472,4867.841,4873.515,4863.729,5714,280,2026-04-17T16:29:59.999Z,2026-04-17 16:29:59.999,complete
XAUUSDc,2026-04-17T16:30:00.000Z,2026-04-17 16:30:00.000,30m,4867.904,4866.755,4872.888,4864.776,4425,280,2026-04-17T16:59:59.999Z,2026-04-17 16:59:59.999,complete
XAUUSDc,2026-04-17T17:00:00.000Z,2026-04-17 17:00:00.000,30m,4866.828,4858.292,4869.709,4853.681,9112,360,2026-04-17T17:29:59.999Z,2026-04-17 17:29:59.999,complete
XAUUSDc,2026-04-17T17:30:00.000Z,2026-04-17 17:30:00.000,30m,4858.358,4862.611,4863.135,4854.119,5109,280,2026-04-17T17:59:59.999Z,2026-04-17 17:59:59.999,complete
XAUUSDc,2026-04-17T18:00:00.000Z,2026-04-17 18:00:00.000,30m,4862.401,4860.896,4868.183,4858.827,4646,280,2026-04-17T18:29:59.999Z,2026-04-17 18:29:59.999,complete
XAUUSDc,2026-04-17T18:30:00.000Z,2026-04-17 18:30:00.000,30m,4860.835,4858.352,4866.642,4855.746,4564,280,2026-04-17T18:59:59.999Z,2026-04-17 18:59:59.999,complete
XAUUSDc,2026-04-17T19:00:00.000Z,2026-04-17 19:00:00.000,30m,4858.41,4856.998,4858.99,4853.703,3809,280,2026-04-17T19:29:59.999Z,2026-04-17 19:29:59.999,complete
XAUUSDc,2026-04-17T19:30:00.000Z,2026-04-17 19:30:00.000,30m,4856.655,4854.611,4861.34,4852.678,5265,280,2026-04-17T19:59:59.999Z,2026-04-17 19:59:59.999,complete
XAUUSDc,2026-04-17T20:00:00.000Z,2026-04-17 20:00:00.000,30m,4854.67,4845.647,4855.221,4844.52,4601,360,2026-04-17T20:29:59.999Z,2026-04-17 20:29:59.999,complete
XAUUSDc,2026-04-17T20:30:00.000Z,2026-04-17 20:30:00.000,30m,4846.068,4833.011,4847.099,4830.727,5434,360,2026-04-17T20:59:59.999Z,2026-04-17 20:59:59.999,complete
XAUUSDc,2026-04-19T22:00:00.000Z,2026-04-19 22:00:00.000,30m,4774.618,4785.484,4795.369,4770.992,8119,360,2026-04-19T22:29:59.999Z,2026-04-19 22:29:59.999,complete
XAUUSDc,2026-04-19T22:30:00.000Z,2026-04-19 22:30:00.000,30m,4785.043,4779.369,4790.648,4777.803,3740,360,2026-04-19T22:59:59.999Z,2026-04-19 22:59:59.999,complete
XAUUSDc,2026-04-19T23:00:00.000Z,2026-04-19 23:00:00.000,30m,4779.388,4769.242,4779.503,4768.038,4407,360,2026-04-19T23:29:59.999Z,2026-04-19 23:29:59.999,complete
XAUUSDc,2026-04-19T23:30:00.000Z,2026-04-19 23:30:00.000,30m,4769.317,4755.259,4773.353,4736.736,8136,360,2026-04-19T23:59:59.999Z,2026-04-19 23:59:59.999,complete
XAUUSDc,2026-04-20T00:00:00.000Z,2026-04-20 00:00:00.000,30m,4755.342,4765.196,4765.752,4745.008,10753,280,2026-04-20T00:29:59.999Z,2026-04-20 00:29:59.999,complete
XAUUSDc,2026-04-20T00:30:00.000Z,2026-04-20 00:30:00.000,30m,4765.142,4772.266,4774.324,4759.453,5828,280,2026-04-20T00:59:59.999Z,2026-04-20 00:59:59.999,complete
XAUUSDc,2026-04-20T01:00:00.000Z,2026-04-20 01:00:00.000,30m,4772.204,4802.548,4803.457,4771.086,12371,280,2026-04-20T01:29:59.999Z,2026-04-20 01:29:59.999,complete
XAUUSDc,2026-04-20T01:30:00.000Z,2026-04-20 01:30:00.000,30m,4802.695,4807.955,4814.463,4801.151,7814,360,2026-04-20T01:59:59.999Z,2026-04-20 01:59:59.999,complete
XAUUSDc,2026-04-20T02:00:00.000Z,2026-04-20 02:00:00.000,30m,4807.813,4800.412,4809.098,4798.131,5064,280,2026-04-20T02:29:59.999Z,2026-04-20 02:29:59.999,complete
XAUUSDc,2026-04-20T02:30:00.000Z,2026-04-20 02:30:00.000,30m,4800.474,4797.403,4801.866,4793.02,5163,280,2026-04-20T02:59:59.999Z,2026-04-20 02:59:59.999,complete
XAUUSDc,2026-04-20T03:00:00.000Z,2026-04-20 03:00:00.000,30m,4797.102,4795.068,4798.327,4788.768,4657,280,2026-04-20T03:29:59.999Z,2026-04-20 03:29:59.999,complete
XAUUSDc,2026-04-20T03:30:00.000Z,2026-04-20 03:30:00.000,30m,4795.039,4791.005,4796.753,4788.839,3265,280,2026-04-20T03:59:59.999Z,2026-04-20 03:59:59.999,complete
XAUUSDc,2026-04-20T04:00:00.000Z,2026-04-20 04:00:00.000,30m,4791.068,4794.511,4795.71,4790.668,2907,360,2026-04-20T04:29:59.999Z,2026-04-20 04:29:59.999,complete
XAUUSDc,2026-04-20T04:30:00.000Z,2026-04-20 04:30:00.000,30m,4794.574,4788.781,4794.808,4786.958,3486,280,2026-04-20T04:59:59.999Z,2026-04-20 04:59:59.999,complete
XAUUSDc,2026-04-20T05:00:00.000Z,2026-04-20 05:00:00.000,30m,4788.613,4787.711,4793.008,4784.292,4034,280,2026-04-20T05:29:59.999Z,2026-04-20 05:29:59.999,complete
XAUUSDc,2026-04-20T05:30:00.000Z,2026-04-20 05:30:00.000,30m,4788.031,4790.677,4795.82,4779.444,8094,280,2026-04-20T05:59:59.999Z,2026-04-20 05:59:59.999,complete
XAUUSDc,2026-04-20T06:00:00.000Z,2026-04-20 06:00:00.000,30m,4790.591,4786.243,4794.004,4783.716,6534,280,2026-04-20T06:29:59.999Z,2026-04-20 06:29:59.999,complete
XAUUSDc,2026-04-20T06:30:00.000Z,2026-04-20 06:30:00.000,30m,4786.319,4795.267,4795.478,4785.252,5779,280,2026-04-20T06:59:59.999Z,2026-04-20 06:59:59.999,complete
XAUUSDc,2026-04-20T07:00:00.000Z,2026-04-20 07:00:00.000,30m,4795.326,4797.734,4805.458,4793.799,6489,280,2026-04-20T07:29:59.999Z,2026-04-20 07:29:59.999,complete
XAUUSDc,2026-04-20T07:30:00.000Z,2026-04-20 07:30:00.000,30m,4797.515,4789.601,4798.572,4786.87,6161,280,2026-04-20T07:59:59.999Z,2026-04-20 07:59:59.999,complete
XAUUSDc,2026-04-20T08:00:00.000Z,2026-04-20 08:00:00.000,30m,4789.74,4791.821,4792.348,4785.877,5179,280,2026-04-20T08:29:59.999Z,2026-04-20 08:29:59.999,complete
XAUUSDc,2026-04-20T08:30:00.000Z,2026-04-20 08:30:00.000,30m,4792.099,4795.932,4796.086,4788.683,3588,280,2026-04-20T08:59:59.999Z,2026-04-20 08:59:59.999,complete
XAUUSDc,2026-04-20T09:00:00.000Z,2026-04-20 09:00:00.000,30m,4795.87,4792.41,4797.97,4791.679,3749,280,2026-04-20T09:29:59.999Z,2026-04-20 09:29:59.999,complete
XAUUSDc,2026-04-20T09:30:00.000Z,2026-04-20 09:30:00.000,30m,4792.196,4791.358,4797.059,4783.279,4712,280,2026-04-20T09:59:59.999Z,2026-04-20 09:59:59.999,complete
XAUUSDc,2026-04-20T10:00:00.000Z,2026-04-20 10:00:00.000,30m,4791.783,4798.051,4801.067,4789.896,3928,280,2026-04-20T10:29:59.999Z,2026-04-20 10:29:59.999,complete
XAUUSDc,2026-04-20T10:30:00.000Z,2026-04-20 10:30:00.000,30m,4798.14,4795.658,4800.027,4794.391,2713,280,2026-04-20T10:59:59.999Z,2026-04-20 10:59:59.999,complete
XAUUSDc,2026-04-20T11:00:00.000Z,2026-04-20 11:00:00.000,30m,4795.718,4788.613,4796.344,4786.559,4152,280,2026-04-20T11:29:59.999Z,2026-04-20 11:29:59.999,complete
XAUUSDc,2026-04-20T11:30:00.000Z,2026-04-20 11:30:00.000,30m,4788.671,4810.295,4810.918,4787.663,5228,280,2026-04-20T11:59:59.999Z,2026-04-20 11:59:59.999,complete
XAUUSDc,2026-04-20T12:00:00.000Z,2026-04-20 12:00:00.000,30m,4810.237,4805.324,4822.201,4803.148,8191,280,2026-04-20T12:29:59.999Z,2026-04-20 12:29:59.999,complete
XAUUSDc,2026-04-20T12:30:00.000Z,2026-04-20 12:30:00.000,30m,4805.741,4803.483,4809.545,4798.901,5561,280,2026-04-20T12:59:59.999Z,2026-04-20 12:59:59.999,complete
XAUUSDc,2026-04-20T13:00:00.000Z,2026-04-20 13:00:00.000,30m,4803.542,4824.083,4825.893,4799.684,9901,280,2026-04-20T13:29:59.999Z,2026-04-20 13:29:59.999,complete
XAUUSDc,2026-04-20T13:30:00.000Z,2026-04-20 13:30:00.000,30m,4824.158,4817.933,4826.499,4815.671,11581,280,2026-04-20T13:59:59.999Z,2026-04-20 13:59:59.999,complete
XAUUSDc,2026-04-20T14:00:00.000Z,2026-04-20 14:00:00.000,30m,4817.997,4823.076,4826.739,4806.813,10941,280,2026-04-20T14:29:59.999Z,2026-04-20 14:29:59.999,complete
XAUUSDc,2026-04-20T14:30:00.000Z,2026-04-20 14:30:00.000,30m,4823.422,4805.124,4827.671,4792.309,13902,280,2026-04-20T14:59:59.999Z,2026-04-20 14:59:59.999,complete
XAUUSDc,2026-04-20T15:00:00.000Z,2026-04-20 15:00:00.000,30m,4805.062,4808.26,4809.544,4792.556,12572,280,2026-04-20T15:29:59.999Z,2026-04-20 15:29:59.999,complete
XAUUSDc,2026-04-20T15:30:00.000Z,2026-04-20 15:30:00.000,30m,4807.973,4799.546,4809.34,4795.171,6942,280,2026-04-20T15:59:59.999Z,2026-04-20 15:59:59.999,complete
XAUUSDc,2026-04-20T16:00:00.000Z,2026-04-20 16:00:00.000,30m,4799.916,4800.92,4801.877,4792.696,5279,280,2026-04-20T16:29:59.999Z,2026-04-20 16:29:59.999,complete
XAUUSDc,2026-04-20T16:30:00.000Z,2026-04-20 16:30:00.000,30m,4801.076,4805.319,4806.317,4798.715,4457,280,2026-04-20T16:59:59.999Z,2026-04-20 16:59:59.999,complete
XAUUSDc,2026-04-20T17:00:00.000Z,2026-04-20 17:00:00.000,30m,4805.399,4810.145,4811.32,4803.742,4223,280,2026-04-20T17:29:59.999Z,2026-04-20 17:29:59.999,complete
XAUUSDc,2026-04-20T17:30:00.000Z,2026-04-20 17:30:00.000,30m,4809.794,4806.87,4812.298,4804.97,4094,280,2026-04-20T17:59:59.999Z,2026-04-20 17:59:59.999,complete
XAUUSDc,2026-04-20T18:00:00.000Z,2026-04-20 18:00:00.000,30m,4806.928,4813.328,4815.917,4806.928,4079,280,2026-04-20T18:29:59.999Z,2026-04-20 18:29:59.999,complete
XAUUSDc,2026-04-20T18:30:00.000Z,2026-04-20 18:30:00.000,30m,4813.271,4813.922,4816.661,4810.896,2959,280,2026-04-20T18:59:59.999Z,2026-04-20 18:59:59.999,complete
XAUUSDc,2026-04-20T19:00:00.000Z,2026-04-20 19:00:00.000,30m,4814.138,4817.197,4821.479,4814.023,2636,280,2026-04-20T19:29:59.999Z,2026-04-20 19:29:59.999,complete
XAUUSDc,2026-04-20T19:30:00.000Z,2026-04-20 19:30:00.000,30m,4817.254,4814.035,4817.392,4810.293,3395,280,2026-04-20T19:59:59.999Z,2026-04-20 19:59:59.999,complete
XAUUSDc,2026-04-20T20:00:00.000Z,2026-04-20 20:00:00.000,30m,4814.096,4815.961,4817.063,4812.03,1793,280,2026-04-20T20:29:59.999Z,2026-04-20 20:29:59.999,complete
XAUUSDc,2026-04-20T20:30:00.000Z,2026-04-20 20:30:00.000,30m,4815.868,4820.814,4822.032,4813.042,2100,280,2026-04-20T20:59:59.999Z,2026-04-20 20:59:59.999,complete
XAUUSDc,2026-04-20T22:00:00.000Z,2026-04-20 22:00:00.000,30m,4827.606,4828.952,4833.152,4820.905,4023,280,2026-04-20T22:29:59.999Z,2026-04-20 22:29:59.999,complete
XAUUSDc,2026-04-20T22:30:00.000Z,2026-04-20 22:30:00.000,30m,4829.034,4827.759,4831.804,4825.282,2867,280,2026-04-20T22:59:59.999Z,2026-04-20 22:59:59.999,complete
XAUUSDc,2026-04-20T23:00:00.000Z,2026-04-20 23:00:00.000,30m,4827.498,4825.782,4831.957,4823.626,2420,280,2026-04-20T23:29:59.999Z,2026-04-20 23:29:59.999,complete
XAUUSDc,2026-04-20T23:30:00.000Z,2026-04-20 23:30:00.000,30m,4825.725,4821.556,4825.725,4819.8,1972,280,2026-04-20T23:59:59.999Z,2026-04-20 23:59:59.999,complete
XAUUSDc,2026-04-21T00:00:00.000Z,2026-04-21 00:00:00.000,30m,4821.618,4819.97,4830.531,4819.334,5259,360,2026-04-21T00:29:59.999Z,2026-04-21 00:29:59.999,complete
XAUUSDc,2026-04-21T00:30:00.000Z,2026-04-21 00:30:00.000,30m,4820.046,4824.024,4826.147,4816.668,4622,360,2026-04-21T00:59:59.999Z,2026-04-21 00:59:59.999,complete
XAUUSDc,2026-04-21T01:00:00.000Z,2026-04-21 01:00:00.000,30m,4823.72,4818.3,4824.489,4813.022,6271,280,2026-04-21T01:29:59.999Z,2026-04-21 01:29:59.999,complete
XAUUSDc,2026-04-21T01:30:00.000Z,2026-04-21 01:30:00.000,30m,4818.236,4810.008,4819.062,4805.573,4844,280,2026-04-21T01:59:59.999Z,2026-04-21 01:59:59.999,complete
XAUUSDc,2026-04-21T02:00:00.000Z,2026-04-21 02:00:00.000,30m,4810.297,4807.76,4810.474,4803.361,3534,280,2026-04-21T02:29:59.999Z,2026-04-21 02:29:59.999,complete
XAUUSDc,2026-04-21T02:30:00.000Z,2026-04-21 02:30:00.000,30m,4807.744,4806.961,4807.984,4802.291,4083,280,2026-04-21T02:59:59.999Z,2026-04-21 02:59:59.999,complete
XAUUSDc,2026-04-21T03:00:00.000Z,2026-04-21 03:00:00.000,30m,4807.029,4798.43,4807.784,4793.593,4553,280,2026-04-21T03:29:59.999Z,2026-04-21 03:29:59.999,complete
XAUUSDc,2026-04-21T03:30:00.000Z,2026-04-21 03:30:00.000,30m,4798.442,4797.283,4799.71,4792.433,3075,280,2026-04-21T03:59:59.999Z,2026-04-21 03:59:59.999,complete
XAUUSDc,2026-04-21T04:00:00.000Z,2026-04-21 04:00:00.000,30m,4797.047,4792.362,4797.869,4791.019,3268,280,2026-04-21T04:29:59.999Z,2026-04-21 04:29:59.999,complete
XAUUSDc,2026-04-21T04:30:00.000Z,2026-04-21 04:30:00.000,30m,4792.302,4788.898,4794.08,4788.598,2745,280,2026-04-21T04:59:59.999Z,2026-04-21 04:59:59.999,complete
XAUUSDc,2026-04-21T05:00:00.000Z,2026-04-21 05:00:00.000,30m,4788.958,4787.666,4793.059,4785.742,4028,280,2026-04-21T05:29:59.999Z,2026-04-21 05:29:59.999,complete
XAUUSDc,2026-04-21T05:30:00.000Z,2026-04-21 05:30:00.000,30m,4787.648,4784.205,4796.775,4782.955,6111,280,2026-04-21T05:59:59.999Z,2026-04-21 05:59:59.999,complete
XAUUSDc,2026-04-21T06:00:00.000Z,2026-04-21 06:00:00.000,30m,4784.22,4779.038,4790.668,4775.055,6683,280,2026-04-21T06:29:59.999Z,2026-04-21 06:29:59.999,complete
XAUUSDc,2026-04-21T06:30:00.000Z,2026-04-21 06:30:00.000,30m,4779.099,4778.955,4783.455,4774.398,5156,280,2026-04-21T06:59:59.999Z,2026-04-21 06:59:59.999,complete
XAUUSDc,2026-04-21T07:00:00.000Z,2026-04-21 07:00:00.000,30m,4778.897,4783.47,4787.463,4772.647,5424,280,2026-04-21T07:29:59.999Z,2026-04-21 07:29:59.999,complete
XAUUSDc,2026-04-21T07:30:00.000Z,2026-04-21 07:30:00.000,30m,4783.453,4786.103,4792.644,4780.723,3813,280,2026-04-21T07:59:59.999Z,2026-04-21 07:59:59.999,complete
XAUUSDc,2026-04-21T08:00:00.000Z,2026-04-21 08:00:00.000,30m,4786.17,4787.154,4789.03,4774.515,5542,280,2026-04-21T08:29:59.999Z,2026-04-21 08:29:59.999,complete
XAUUSDc,2026-04-21T08:30:00.000Z,2026-04-21 08:30:00.000,30m,4787.098,4786.257,4792.792,4784.854,3712,280,2026-04-21T08:59:59.999Z,2026-04-21 08:59:59.999,complete
XAUUSDc,2026-04-21T09:00:00.000Z,2026-04-21 09:00:00.000,30m,4786.191,4782.452,4787.954,4781.043,3572,280,2026-04-21T09:29:59.999Z,2026-04-21 09:29:59.999,complete
XAUUSDc,2026-04-21T09:30:00.000Z,2026-04-21 09:30:00.000,30m,4782.387,4783.815,4789.746,4781.932,3967,280,2026-04-21T09:59:59.999Z,2026-04-21 09:59:59.999,complete
XAUUSDc,2026-04-21T10:00:00.000Z,2026-04-21 10:00:00.000,30m,4783.874,4782.771,4785.94,4780.739,3284,280,2026-04-21T10:29:59.999Z,2026-04-21 10:29:59.999,complete
XAUUSDc,2026-04-21T10:30:00.000Z,2026-04-21 10:30:00.000,30m,4782.833,4789.508,4790.4,4782.61,2678,280,2026-04-21T10:59:59.999Z,2026-04-21 10:59:59.999,complete
XAUUSDc,2026-04-21T11:00:00.000Z,2026-04-21 11:00:00.000,30m,4789.642,4783.262,4790.118,4775.128,5622,280,2026-04-21T11:29:59.999Z,2026-04-21 11:29:59.999,complete
XAUUSDc,2026-04-21T11:30:00.000Z,2026-04-21 11:30:00.000,30m,4783.196,4794.718,4798.126,4782.963,4332,280,2026-04-21T11:59:59.999Z,2026-04-21 11:59:59.999,complete
XAUUSDc,2026-04-21T12:00:00.000Z,2026-04-21 12:00:00.000,30m,4794.56,4781.08,4796.986,4779.047,6038,280,2026-04-21T12:29:59.999Z,2026-04-21 12:29:59.999,complete
XAUUSDc,2026-04-21T12:30:00.000Z,2026-04-21 12:30:00.000,30m,4781.188,4778.602,4790.513,4766.569,8907,280,2026-04-21T12:59:59.999Z,2026-04-21 12:59:59.999,complete
XAUUSDc,2026-04-21T13:00:00.000Z,2026-04-21 13:00:00.000,30m,4778.537,4774.736,4783.831,4760.249,11138,280,2026-04-21T13:29:59.999Z,2026-04-21 13:29:59.999,complete
XAUUSDc,2026-04-21T13:30:00.000Z,2026-04-21 13:30:00.000,30m,4774.68,4779.2,4794.354,4770.228,13014,280,2026-04-21T13:59:59.999Z,2026-04-21 13:59:59.999,complete
XAUUSDc,2026-04-21T14:00:00.000Z,2026-04-21 14:00:00.000,30m,4779.141,4774.015,4782.711,4769.593,8376,280,2026-04-21T14:29:59.999Z,2026-04-21 14:29:59.999,complete
XAUUSDc,2026-04-21T14:30:00.000Z,2026-04-21 14:30:00.000,30m,4773.952,4738.715,4775.123,4723.305,26819,280,2026-04-21T14:59:59.999Z,2026-04-21 14:59:59.999,complete
XAUUSDc,2026-04-21T15:00:00.000Z,2026-04-21 15:00:00.000,30m,4738.807,4742.609,4757.548,4727.81,21599,280,2026-04-21T15:29:59.999Z,2026-04-21 15:29:59.999,complete
XAUUSDc,2026-04-21T15:30:00.000Z,2026-04-21 15:30:00.000,30m,4742.377,4741.401,4750.081,4736.574,11683,280,2026-04-21T15:59:59.999Z,2026-04-21 15:59:59.999,complete
XAUUSDc,2026-04-21T16:00:00.000Z,2026-04-21 16:00:00.000,30m,4741.459,4720.873,4746.723,4719.555,10419,280,2026-04-21T16:29:59.999Z,2026-04-21 16:29:59.999,complete
XAUUSDc,2026-04-21T16:30:00.000Z,2026-04-21 16:30:00.000,30m,4720.815,4711.152,4727.428,4707.912,10149,280,2026-04-21T16:59:59.999Z,2026-04-21 16:59:59.999,complete
XAUUSDc,2026-04-21T17:00:00.000Z,2026-04-21 17:00:00.000,30m,4711.192,4700.168,4718.649,4697.206,15016,280,2026-04-21T17:29:59.999Z,2026-04-21 17:29:59.999,complete
XAUUSDc,2026-04-21T17:30:00.000Z,2026-04-21 17:30:00.000,30m,4700.066,4710.794,4722.284,4696.825,13108,280,2026-04-21T17:59:59.999Z,2026-04-21 17:59:59.999,complete
XAUUSDc,2026-04-21T18:00:00.000Z,2026-04-21 18:00:00.000,30m,4710.737,4696.018,4714.626,4692.205,8954,280,2026-04-21T18:29:59.999Z,2026-04-21 18:29:59.999,complete
XAUUSDc,2026-04-21T18:30:00.000Z,2026-04-21 18:30:00.000,30m,4696.08,4709.045,4713.935,4696.08,8807,280,2026-04-21T18:59:59.999Z,2026-04-21 18:59:59.999,complete
XAUUSDc,2026-04-21T19:00:00.000Z,2026-04-21 19:00:00.000,30m,4709.102,4713.786,4715.08,4704.057,9856,280,2026-04-21T19:29:59.999Z,2026-04-21 19:29:59.999,complete
XAUUSDc,2026-04-21T19:30:00.000Z,2026-04-21 19:30:00.000,30m,4713.745,4679.122,4714.738,4668.14,21485,280,2026-04-21T19:59:59.999Z,2026-04-21 19:59:59.999,complete
XAUUSDc,2026-04-21T20:00:00.000Z,2026-04-21 20:00:00.000,30m,4679.216,4705.701,4711.274,4668.722,17237,280,2026-04-21T20:29:59.999Z,2026-04-21 20:29:59.999,complete
XAUUSDc,2026-04-21T20:30:00.000Z,2026-04-21 20:30:00.000,30m,4705.335,4718.807,4719.379,4705.335,4577,280,2026-04-21T20:59:59.999Z,2026-04-21 20:59:59.999,complete
XAUUSDc,2026-04-21T22:00:00.000Z,2026-04-21 22:00:00.000,30m,4719.794,4718.835,4729.469,4716.628,3897,360,2026-04-21T22:29:59.999Z,2026-04-21 22:29:59.999,complete
XAUUSDc,2026-04-21T22:30:00.000Z,2026-04-21 22:30:00.000,30m,4718.903,4719.31,4720.073,4715.431,2300,280,2026-04-21T22:59:59.999Z,2026-04-21 22:59:59.999,complete
XAUUSDc,2026-04-21T23:00:00.000Z,2026-04-21 23:00:00.000,30m,4719.334,4730.136,4733.094,4718.183,3125,280,2026-04-21T23:29:59.999Z,2026-04-21 23:29:59.999,complete
XAUUSDc,2026-04-21T23:30:00.000Z,2026-04-21 23:30:00.000,30m,4730.128,4737.824,4740.423,4728.788,3095,280,2026-04-21T23:59:59.999Z,2026-04-21 23:59:59.999,complete
XAUUSDc,2026-04-22T00:00:00.000Z,2026-04-22 00:00:00.000,30m,4738.113,4742.585,4747.507,4738.113,4996,280,2026-04-22T00:29:59.999Z,2026-04-22 00:29:59.999,complete
XAUUSDc,2026-04-22T00:30:00.000Z,2026-04-22 00:30:00.000,30m,4742.273,4739.681,4747.155,4738.529,4164,280,2026-04-22T00:59:59.999Z,2026-04-22 00:59:59.999,complete
XAUUSDc,2026-04-22T01:00:00.000Z,2026-04-22 01:00:00.000,30m,4739.625,4746.203,4749.077,4735.857,7170,280,2026-04-22T01:29:59.999Z,2026-04-22 01:29:59.999,complete
XAUUSDc,2026-04-22T01:30:00.000Z,2026-04-22 01:30:00.000,30m,4746.262,4752.269,4754.751,4746.24,5466,280,2026-04-22T01:59:59.999Z,2026-04-22 01:59:59.999,complete
XAUUSDc,2026-04-22T02:00:00.000Z,2026-04-22 02:00:00.000,30m,4752.001,4755.776,4758.125,4750.102,3520,280,2026-04-22T02:29:59.999Z,2026-04-22 02:29:59.999,complete
XAUUSDc,2026-04-22T02:30:00.000Z,2026-04-22 02:30:00.000,30m,4755.436,4755.602,4758.887,4751.018,3648,280,2026-04-22T02:59:59.999Z,2026-04-22 02:59:59.999,complete
XAUUSDc,2026-04-22T03:00:00.000Z,2026-04-22 03:00:00.000,30m,4755.536,4762.961,4763.496,4753.013,3691,280,2026-04-22T03:29:59.999Z,2026-04-22 03:29:59.999,complete
XAUUSDc,2026-04-22T03:30:00.000Z,2026-04-22 03:30:00.000,30m,4762.95,4758.263,4765.088,4756.932,2867,280,2026-04-22T03:59:59.999Z,2026-04-22 03:59:59.999,complete
XAUUSDc,2026-04-22T04:00:00.000Z,2026-04-22 04:00:00.000,30m,4758.31,4755.732,4759.767,4754.332,2933,280,2026-04-22T04:29:59.999Z,2026-04-22 04:29:59.999,complete
XAUUSDc,2026-04-22T04:30:00.000Z,2026-04-22 04:30:00.000,30m,4756.017,4754.41,4759.578,4752.365,2868,280,2026-04-22T04:59:59.999Z,2026-04-22 04:59:59.999,complete
XAUUSDc,2026-04-22T05:00:00.000Z,2026-04-22 05:00:00.000,30m,4754.442,4766.235,4771.583,4752.039,5688,280,2026-04-22T05:29:59.999Z,2026-04-22 05:29:59.999,complete
XAUUSDc,2026-04-22T05:30:00.000Z,2026-04-22 05:30:00.000,30m,4766.128,4767.491,4772.196,4763.812,4880,280,2026-04-22T05:59:59.999Z,2026-04-22 05:59:59.999,complete
XAUUSDc,2026-04-22T06:00:00.000Z,2026-04-22 06:00:00.000,30m,4767.401,4766.897,4767.855,4758.735,3629,280,2026-04-22T06:29:59.999Z,2026-04-22 06:29:59.999,complete
XAUUSDc,2026-04-22T06:30:00.000Z,2026-04-22 06:30:00.000,30m,4766.829,4767.457,4767.884,4763.296,3074,280,2026-04-22T06:59:59.999Z,2026-04-22 06:59:59.999,complete
XAUUSDc,2026-04-22T07:00:00.000Z,2026-04-22 07:00:00.000,30m,4767.397,4766.196,4772.377,4762.336,4093,280,2026-04-22T07:29:59.999Z,2026-04-22 07:29:59.999,complete
XAUUSDc,2026-04-22T07:30:00.000Z,2026-04-22 07:30:00.000,30m,4765.844,4760.654,4766.671,4759.446,3677,280,2026-04-22T07:59:59.999Z,2026-04-22 07:59:59.999,complete
XAUUSDc,2026-04-22T08:00:00.000Z,2026-04-22 08:00:00.000,30m,4760.661,4754.31,4762.361,4754.117,4165,280,2026-04-22T08:29:59.999Z,2026-04-22 08:29:59.999,complete
XAUUSDc,2026-04-22T08:30:00.000Z,2026-04-22 08:30:00.000,30m,4754.23,4757.126,4758.522,4751.758,3503,280,2026-04-22T08:59:59.999Z,2026-04-22 08:59:59.999,complete
XAUUSDc,2026-04-22T09:00:00.000Z,2026-04-22 09:00:00.000,30m,4757.059,4756.528,4761.982,4756.166,3752,280,2026-04-22T09:29:59.999Z,2026-04-22 09:29:59.999,complete
XAUUSDc,2026-04-22T09:30:00.000Z,2026-04-22 09:30:00.000,30m,4756.385,4755.016,4762.497,4752.188,3549,280,2026-04-22T09:59:59.999Z,2026-04-22 09:59:59.999,complete
XAUUSDc,2026-04-22T10:00:00.000Z,2026-04-22 10:00:00.000,30m,4755.387,4754.526,4757.684,4745.709,4322,280,2026-04-22T10:29:59.999Z,2026-04-22 10:29:59.999,complete
XAUUSDc,2026-04-22T10:30:00.000Z,2026-04-22 10:30:00.000,30m,4754.512,4759.141,4760.032,4753.575,3162,280,2026-04-22T10:59:59.999Z,2026-04-22 10:59:59.999,complete
XAUUSDc,2026-04-22T11:00:00.000Z,2026-04-22 11:00:00.000,30m,4758.953,4757.394,4760.852,4756.144,3532,280,2026-04-22T11:29:59.999Z,2026-04-22 11:29:59.999,complete
XAUUSDc,2026-04-22T11:30:00.000Z,2026-04-22 11:30:00.000,30m,4757.159,4750.568,4759.741,4747.651,4453,280,2026-04-22T11:59:59.999Z,2026-04-22 11:59:59.999,complete
XAUUSDc,2026-04-22T12:00:00.000Z,2026-04-22 12:00:00.000,30m,4750.342,4753.242,4760.264,4746.971,5224,280,2026-04-22T12:29:59.999Z,2026-04-22 12:29:59.999,complete
XAUUSDc,2026-04-22T12:30:00.000Z,2026-04-22 12:30:00.000,30m,4753.184,4744.339,4754.379,4742.753,6417,280,2026-04-22T12:59:59.999Z,2026-04-22 12:59:59.999,complete
XAUUSDc,2026-04-22T13:00:00.000Z,2026-04-22 13:00:00.000,30m,4744.151,4749.749,4750.598,4736.311,9959,280,2026-04-22T13:29:59.999Z,2026-04-22 13:29:59.999,complete
XAUUSDc,2026-04-22T13:30:00.000Z,2026-04-22 13:30:00.000,30m,4749.812,4752.74,4760.87,4741.895,11876,280,2026-04-22T13:59:59.999Z,2026-04-22 13:59:59.999,complete
XAUUSDc,2026-04-22T14:00:00.000Z,2026-04-22 14:00:00.000,30m,4752.65,4744.057,4757.254,4742.295,8772,280,2026-04-22T14:29:59.999Z,2026-04-22 14:29:59.999,complete
XAUUSDc,2026-04-22T14:30:00.000Z,2026-04-22 14:30:00.000,30m,4744.023,4735.76,4744.683,4729.994,9855,280,2026-04-22T14:59:59.999Z,2026-04-22 14:59:59.999,complete
XAUUSDc,2026-04-22T15:00:00.000Z,2026-04-22 15:00:00.000,30m,4735.818,4735.017,4740.268,4729.744,7895,280,2026-04-22T15:29:59.999Z,2026-04-22 15:29:59.999,complete
XAUUSDc,2026-04-22T15:30:00.000Z,2026-04-22 15:30:00.000,30m,4735.086,4727.751,4735.582,4724.866,6037,280,2026-04-22T15:59:59.999Z,2026-04-22 15:59:59.999,complete
XAUUSDc,2026-04-22T16:00:00.000Z,2026-04-22 16:00:00.000,30m,4727.836,4727.104,4735.001,4723.979,5053,280,2026-04-22T16:29:59.999Z,2026-04-22 16:29:59.999,complete
XAUUSDc,2026-04-22T16:30:00.000Z,2026-04-22 16:30:00.000,30m,4726.848,4728.534,4732.001,4723.734,4861,280,2026-04-22T16:59:59.999Z,2026-04-22 16:59:59.999,complete
XAUUSDc,2026-04-22T17:00:00.000Z,2026-04-22 17:00:00.000,30m,4728.477,4735.076,4739.343,4728.393,5261,280,2026-04-22T17:29:59.999Z,2026-04-22 17:29:59.999,complete
XAUUSDc,2026-04-22T17:30:00.000Z,2026-04-22 17:30:00.000,30m,4734.994,4737.258,4738.376,4733.658,3794,280,2026-04-22T17:59:59.999Z,2026-04-22 17:59:59.999,complete
XAUUSDc,2026-04-22T18:00:00.000Z,2026-04-22 18:00:00.000,30m,4737.314,4730.53,4738.725,4729.736,3232,280,2026-04-22T18:29:59.999Z,2026-04-22 18:29:59.999,complete
XAUUSDc,2026-04-22T18:30:00.000Z,2026-04-22 18:30:00.000,30m,4730.459,4741.584,4749.719,4730.1,3984,280,2026-04-22T18:59:59.999Z,2026-04-22 18:59:59.999,complete
XAUUSDc,2026-04-22T19:00:00.000Z,2026-04-22 19:00:00.000,30m,4741.885,4744.2,4745.408,4736.825,4260,280,2026-04-22T19:29:59.999Z,2026-04-22 19:29:59.999,complete
XAUUSDc,2026-04-22T19:30:00.000Z,2026-04-22 19:30:00.000,30m,4744.434,4739.997,4744.675,4736.894,3790,280,2026-04-22T19:59:59.999Z,2026-04-22 19:59:59.999,complete
XAUUSDc,2026-04-22T20:00:00.000Z,2026-04-22 20:00:00.000,30m,4740.227,4736.69,4740.528,4734.553,2636,280,2026-04-22T20:29:59.999Z,2026-04-22 20:29:59.999,complete
XAUUSDc,2026-04-22T20:30:00.000Z,2026-04-22 20:30:00.000,30m,4736.694,4739.5,4739.873,4736.011,1851,280,2026-04-22T20:59:59.999Z,2026-04-22 20:59:59.999,complete
XAUUSDc,2026-04-22T22:00:00.000Z,2026-04-22 22:00:00.000,30m,4744.802,4733.007,4745.712,4732.529,2256,280,2026-04-22T22:29:59.999Z,2026-04-22 22:29:59.999,complete
XAUUSDc,2026-04-22T22:30:00.000Z,2026-04-22 22:30:00.000,30m,4733.064,4726.068,4734.947,4725.81,2124,280,2026-04-22T22:59:59.999Z,2026-04-22 22:59:59.999,complete
XAUUSDc,2026-04-22T23:00:00.000Z,2026-04-22 23:00:00.000,30m,4726.131,4728.019,4729.826,4723.36,2261,280,2026-04-22T23:29:59.999Z,2026-04-22 23:29:59.999,complete
XAUUSDc,2026-04-22T23:30:00.000Z,2026-04-22 23:30:00.000,30m,4728.06,4727.96,4729.266,4723.71,2225,280,2026-04-22T23:59:59.999Z,2026-04-22 23:59:59.999,complete
XAUUSDc,2026-04-23T00:00:00.000Z,2026-04-23 00:00:00.000,30m,4728.026,4741.334,4742.542,4693.986,18111,280,2026-04-23T00:29:59.999Z,2026-04-23 00:29:59.999,complete
XAUUSDc,2026-04-23T00:30:00.000Z,2026-04-23 00:30:00.000,30m,4741.319,4747.984,4753.821,4740.875,10284,280,2026-04-23T00:59:59.999Z,2026-04-23 00:59:59.999,complete
XAUUSDc,2026-04-23T01:00:00.000Z,2026-04-23 01:00:00.000,30m,4748.188,4728.281,4749.988,4727.069,8277,280,2026-04-23T01:29:59.999Z,2026-04-23 01:29:59.999,complete
XAUUSDc,2026-04-23T01:30:00.000Z,2026-04-23 01:30:00.000,30m,4728.36,4723.2,4736.768,4722.569,8097,280,2026-04-23T01:59:59.999Z,2026-04-23 01:59:59.999,complete
XAUUSDc,2026-04-23T02:00:00.000Z,2026-04-23 02:00:00.000,30m,4723.444,4713.891,4724.749,4704.916,9197,280,2026-04-23T02:29:59.999Z,2026-04-23 02:29:59.999,complete
XAUUSDc,2026-04-23T02:30:00.000Z,2026-04-23 02:30:00.000,30m,4713.954,4698.875,4715.749,4698.037,10755,280,2026-04-23T02:59:59.999Z,2026-04-23 02:59:59.999,complete
XAUUSDc,2026-04-23T03:00:00.000Z,2026-04-23 03:00:00.000,30m,4698.961,4703.373,4708.727,4697.879,8875,280,2026-04-23T03:29:59.999Z,2026-04-23 03:29:59.999,complete
XAUUSDc,2026-04-23T03:30:00.000Z,2026-04-23 03:30:00.000,30m,4703.332,4703.918,4707.435,4701.04,4902,280,2026-04-23T03:59:59.999Z,2026-04-23 03:59:59.999,complete
XAUUSDc,2026-04-23T04:00:00.000Z,2026-04-23 04:00:00.000,30m,4703.721,4705.361,4707.029,4700.667,3350,280,2026-04-23T04:29:59.999Z,2026-04-23 04:29:59.999,complete
XAUUSDc,2026-04-23T04:30:00.000Z,2026-04-23 04:30:00.000,30m,4705.376,4704.507,4706.851,4698.592,3268,280,2026-04-23T04:59:59.999Z,2026-04-23 04:59:59.999,complete
XAUUSDc,2026-04-23T05:00:00.000Z,2026-04-23 05:00:00.000,30m,4704.208,4706.069,4710.325,4703.232,3870,280,2026-04-23T05:29:59.999Z,2026-04-23 05:29:59.999,complete
XAUUSDc,2026-04-23T05:30:00.000Z,2026-04-23 05:30:00.000,30m,4705.817,4713.264,4715.347,4692.117,8209,280,2026-04-23T05:59:59.999Z,2026-04-23 05:59:59.999,complete
XAUUSDc,2026-04-23T06:00:00.000Z,2026-04-23 06:00:00.000,30m,4713.631,4712.305,4718.118,4708.672,5190,280,2026-04-23T06:29:59.999Z,2026-04-23 06:29:59.999,complete
XAUUSDc,2026-04-23T06:30:00.000Z,2026-04-23 06:30:00.000,30m,4712.312,4713.004,4721.201,4709.191,5639,280,2026-04-23T06:59:59.999Z,2026-04-23 06:59:59.999,complete
XAUUSDc,2026-04-23T07:00:00.000Z,2026-04-23 07:00:00.000,30m,4712.945,4705.915,4716.394,4703.214,6951,280,2026-04-23T07:29:59.999Z,2026-04-23 07:29:59.999,complete
XAUUSDc,2026-04-23T07:30:00.000Z,2026-04-23 07:30:00.000,30m,4705.94,4718.937,4720.402,4703.311,4428,280,2026-04-23T07:59:59.999Z,2026-04-23 07:59:59.999,complete
XAUUSDc,2026-04-23T08:00:00.000Z,2026-04-23 08:00:00.000,30m,4719.007,4715.459,4725.019,4714.879,4278,280,2026-04-23T08:29:59.999Z,2026-04-23 08:29:59.999,complete
XAUUSDc,2026-04-23T08:30:00.000Z,2026-04-23 08:30:00.000,30m,4715.405,4703.459,4716.102,4701.469,5018,280,2026-04-23T08:59:59.999Z,2026-04-23 08:59:59.999,complete
XAUUSDc,2026-04-23T09:00:00.000Z,2026-04-23 09:00:00.000,30m,4703.402,4700.755,4703.778,4694.749,5770,280,2026-04-23T09:29:59.999Z,2026-04-23 09:29:59.999,complete
XAUUSDc,2026-04-23T09:30:00.000Z,2026-04-23 09:30:00.000,30m,4700.695,4697.384,4703.113,4694.868,4595,280,2026-04-23T09:59:59.999Z,2026-04-23 09:59:59.999,complete
XAUUSDc,2026-04-23T10:00:00.000Z,2026-04-23 10:00:00.000,30m,4697.318,4686.799,4701.744,4684.149,5970,280,2026-04-23T10:29:59.999Z,2026-04-23 10:29:59.999,complete
XAUUSDc,2026-04-23T10:30:00.000Z,2026-04-23 10:30:00.000,30m,4686.764,4696.362,4697.089,4684.368,5088,280,2026-04-23T10:59:59.999Z,2026-04-23 10:59:59.999,complete
XAUUSDc,2026-04-23T11:00:00.000Z,2026-04-23 11:00:00.000,30m,4696.418,4699.37,4703.165,4695.529,4433,280,2026-04-23T11:29:59.999Z,2026-04-23 11:29:59.999,complete
XAUUSDc,2026-04-23T11:30:00.000Z,2026-04-23 11:30:00.000,30m,4699.438,4720.423,4720.86,4696.648,6185,280,2026-04-23T11:59:59.999Z,2026-04-23 11:59:59.999,complete
XAUUSDc,2026-04-23T12:00:00.000Z,2026-04-23 12:00:00.000,30m,4720.486,4732.961,4738.911,4719.577,9963,280,2026-04-23T12:29:59.999Z,2026-04-23 12:29:59.999,complete
XAUUSDc,2026-04-23T12:30:00.000Z,2026-04-23 12:30:00.000,30m,4732.803,4740.053,4743.215,4731.304,9521,280,2026-04-23T12:59:59.999Z,2026-04-23 12:59:59.999,complete
XAUUSDc,2026-04-23T13:00:00.000Z,2026-04-23 13:00:00.000,30m,4739.963,4727.56,4740.864,4723.732,8056,280,2026-04-23T13:29:59.999Z,2026-04-23 13:29:59.999,complete
XAUUSDc,2026-04-23T13:30:00.000Z,2026-04-23 13:30:00.000,30m,4727.215,4724.536,4741.268,4724.077,10410,280,2026-04-23T13:59:59.999Z,2026-04-23 13:59:59.999,complete
XAUUSDc,2026-04-23T14:00:00.000Z,2026-04-23 14:00:00.000,30m,4724.475,4731.14,4736.018,4716.862,12610,280,2026-04-23T14:29:59.999Z,2026-04-23 14:29:59.999,complete
XAUUSDc,2026-04-23T14:30:00.000Z,2026-04-23 14:30:00.000,30m,4731.493,4733.708,4736.705,4725.788,8405,280,2026-04-23T14:59:59.999Z,2026-04-23 14:59:59.999,complete
XAUUSDc,2026-04-23T15:00:00.000Z,2026-04-23 15:00:00.000,30m,4733.77,4733.648,4741.063,4726.631,7166,280,2026-04-23T15:29:59.999Z,2026-04-23 15:29:59.999,complete
XAUUSDc,2026-04-23T15:30:00.000Z,2026-04-23 15:30:00.000,30m,4733.558,4720.31,4734.745,4716.296,8689,280,2026-04-23T15:59:59.999Z,2026-04-23 15:59:59.999,complete
XAUUSDc,2026-04-23T16:00:00.000Z,2026-04-23 16:00:00.000,30m,4720.474,4723.037,4724.981,4715.496,6049,280,2026-04-23T16:29:59.999Z,2026-04-23 16:29:59.999,complete
XAUUSDc,2026-04-23T16:30:00.000Z,2026-04-23 16:30:00.000,30m,4723.056,4732.726,4736.972,4722.486,5051,280,2026-04-23T16:59:59.999Z,2026-04-23 16:59:59.999,complete
XAUUSDc,2026-04-23T17:00:00.000Z,2026-04-23 17:00:00.000,30m,4732.757,4706.338,4734.389,4704.386,20560,280,2026-04-23T17:29:59.999Z,2026-04-23 17:29:59.999,complete
XAUUSDc,2026-04-23T17:30:00.000Z,2026-04-23 17:30:00.000,30m,4706.453,4709.115,4714.041,4664.01,30269,280,2026-04-23T17:59:59.999Z,2026-04-23 17:59:59.999,complete
XAUUSDc,2026-04-23T18:00:00.000Z,2026-04-23 18:00:00.000,30m,4709.172,4716.649,4722.163,4707.682,16019,280,2026-04-23T18:29:59.999Z,2026-04-23 18:29:59.999,complete
XAUUSDc,2026-04-23T18:30:00.000Z,2026-04-23 18:30:00.000,30m,4716.578,4701.213,4720.44,4699.164,8484,280,2026-04-23T18:59:59.999Z,2026-04-23 18:59:59.999,complete
XAUUSDc,2026-04-23T19:00:00.000Z,2026-04-23 19:00:00.000,30m,4701.153,4700.213,4704.491,4692.578,7985,280,2026-04-23T19:29:59.999Z,2026-04-23 19:29:59.999,complete
XAUUSDc,2026-04-23T19:30:00.000Z,2026-04-23 19:30:00.000,30m,4700.192,4696.077,4701.295,4689.189,8429,280,2026-04-23T19:59:59.999Z,2026-04-23 19:59:59.999,complete
XAUUSDc,2026-04-23T20:00:00.000Z,2026-04-23 20:00:00.000,30m,4695.804,4689.287,4698.198,4686.383,4432,280,2026-04-23T20:29:59.999Z,2026-04-23 20:29:59.999,complete
XAUUSDc,2026-04-23T20:30:00.000Z,2026-04-23 20:30:00.000,30m,4689.299,4692.968,4693.29,4688.134,2456,280,2026-04-23T20:59:59.999Z,2026-04-23 20:59:59.999,complete
XAUUSDc,2026-04-23T22:00:00.000Z,2026-04-23 22:00:00.000,30m,4699.581,4692.739,4700.028,4691.991,2486,360,2026-04-23T22:29:59.999Z,2026-04-23 22:29:59.999,complete
XAUUSDc,2026-04-23T22:30:00.000Z,2026-04-23 22:30:00.000,30m,4692.907,4693.083,4696.677,4689.913,2258,280,2026-04-23T22:59:59.999Z,2026-04-23 22:59:59.999,complete
XAUUSDc,2026-04-23T23:00:00.000Z,2026-04-23 23:00:00.000,30m,4693.096,4694.27,4695.405,4686.543,2591,280,2026-04-23T23:29:59.999Z,2026-04-23 23:29:59.999,complete
XAUUSDc,2026-04-23T23:30:00.000Z,2026-04-23 23:30:00.000,30m,4694.62,4695.231,4700.563,4692.086,3066,280,2026-04-23T23:59:59.999Z,2026-04-23 23:59:59.999,complete
XAUUSDc,2026-04-24T00:00:00.000Z,2026-04-24 00:00:00.000,30m,4695.277,4705.319,4705.756,4690.823,6890,280,2026-04-24T00:29:59.999Z,2026-04-24 00:29:59.999,complete
XAUUSDc,2026-04-24T00:30:00.000Z,2026-04-24 00:30:00.000,30m,4705.59,4704.464,4707.876,4697.383,6082,280,2026-04-24T00:59:59.999Z,2026-04-24 00:59:59.999,complete
XAUUSDc,2026-04-24T01:00:00.000Z,2026-04-24 01:00:00.000,30m,4704.403,4698.4,4711.23,4695.564,8520,280,2026-04-24T01:29:59.999Z,2026-04-24 01:29:59.999,complete
XAUUSDc,2026-04-24T01:30:00.000Z,2026-04-24 01:30:00.000,30m,4698.512,4699.317,4702.272,4690.03,7288,280,2026-04-24T01:59:59.999Z,2026-04-24 01:59:59.999,complete
XAUUSDc,2026-04-24T02:00:00.000Z,2026-04-24 02:00:00.000,30m,4699.231,4683.744,4700.608,4681.758,6519,280,2026-04-24T02:29:59.999Z,2026-04-24 02:29:59.999,complete
XAUUSDc,2026-04-24T02:30:00.000Z,2026-04-24 02:30:00.000,30m,4683.802,4676.807,4690.924,4672.867,6810,280,2026-04-24T02:59:59.999Z,2026-04-24 02:59:59.999,complete
XAUUSDc,2026-04-24T03:00:00.000Z,2026-04-24 03:00:00.000,30m,4676.572,4674.559,4678.271,4668.591,5833,280,2026-04-24T03:29:59.999Z,2026-04-24 03:29:59.999,complete
XAUUSDc,2026-04-24T03:30:00.000Z,2026-04-24 03:30:00.000,30m,4674.619,4672.223,4678.113,4671.313,4037,280,2026-04-24T03:59:59.999Z,2026-04-24 03:59:59.999,complete
XAUUSDc,2026-04-24T04:00:00.000Z,2026-04-24 04:00:00.000,30m,4672.117,4659.472,4674.609,4658.833,5038,280,2026-04-24T04:29:59.999Z,2026-04-24 04:29:59.999,complete
XAUUSDc,2026-04-24T04:30:00.000Z,2026-04-24 04:30:00.000,30m,4659.535,4674.259,4676.677,4657.581,4391,280,2026-04-24T04:59:59.999Z,2026-04-24 04:59:59.999,complete
XAUUSDc,2026-04-24T05:00:00.000Z,2026-04-24 05:00:00.000,30m,4674.326,4676.333,4678.629,4669.63,3930,280,2026-04-24T05:29:59.999Z,2026-04-24 05:29:59.999,complete
XAUUSDc,2026-04-24T05:30:00.000Z,2026-04-24 05:30:00.000,30m,4676.397,4686.2,4687.437,4676.394,5513,280,2026-04-24T05:59:59.999Z,2026-04-24 05:59:59.999,complete
XAUUSDc,2026-04-24T06:00:00.000Z,2026-04-24 06:00:00.000,30m,4686.257,4671.555,4688.16,4670.013,4479,280,2026-04-24T06:29:59.999Z,2026-04-24 06:29:59.999,complete
XAUUSDc,2026-04-24T06:30:00.000Z,2026-04-24 06:30:00.000,30m,4671.617,4671.969,4676.485,4666.696,4943,280,2026-04-24T06:59:59.999Z,2026-04-24 06:59:59.999,complete
XAUUSDc,2026-04-24T07:00:00.000Z,2026-04-24 07:00:00.000,30m,4671.934,4684.21,4684.737,4670.822,3972,280,2026-04-24T07:29:59.999Z,2026-04-24 07:29:59.999,complete
XAUUSDc,2026-04-24T07:30:00.000Z,2026-04-24 07:30:00.000,30m,4684.139,4694.271,4695.253,4682.161,3843,280,2026-04-24T07:59:59.999Z,2026-04-24 07:59:59.999,complete
XAUUSDc,2026-04-24T08:00:00.000Z,2026-04-24 08:00:00.000,30m,4694.344,4687.989,4697.415,4686.209,4804,280,2026-04-24T08:29:59.999Z,2026-04-24 08:29:59.999,complete
XAUUSDc,2026-04-24T08:30:00.000Z,2026-04-24 08:30:00.000,30m,4687.918,4690.635,4692.91,4685.261,3768,280,2026-04-24T08:59:59.999Z,2026-04-24 08:59:59.999,complete
XAUUSDc,2026-04-24T09:00:00.000Z,2026-04-24 09:00:00.000,30m,4690.993,4683.424,4696.703,4682.199,5108,280,2026-04-24T09:29:59.999Z,2026-04-24 09:29:59.999,complete
XAUUSDc,2026-04-24T09:30:00.000Z,2026-04-24 09:30:00.000,30m,4683.134,4681.918,4688.365,4679.21,4317,280,2026-04-24T09:59:59.999Z,2026-04-24 09:59:59.999,complete
XAUUSDc,2026-04-24T10:00:00.000Z,2026-04-24 10:00:00.000,30m,4682.085,4682.384,4686.167,4680.118,3878,280,2026-04-24T10:29:59.999Z,2026-04-24 10:29:59.999,complete
XAUUSDc,2026-04-24T10:30:00.000Z,2026-04-24 10:30:00.000,30m,4682.44,4677.913,4682.461,4674.638,3666,280,2026-04-24T10:59:59.999Z,2026-04-24 10:59:59.999,complete
XAUUSDc,2026-04-24T11:00:00.000Z,2026-04-24 11:00:00.000,30m,4677.857,4715.372,4717.153,4677.754,16590,280,2026-04-24T11:29:59.999Z,2026-04-24 11:29:59.999,complete
XAUUSDc,2026-04-24T11:30:00.000Z,2026-04-24 11:30:00.000,30m,4715.163,4706.679,4717.411,4702.812,6542,280,2026-04-24T11:59:59.999Z,2026-04-24 11:59:59.999,complete
XAUUSDc,2026-04-24T12:00:00.000Z,2026-04-24 12:00:00.000,30m,4706.756,4710.242,4711.768,4701.292,7608,280,2026-04-24T12:29:59.999Z,2026-04-24 12:29:59.999,complete
XAUUSDc,2026-04-24T12:30:00.000Z,2026-04-24 12:30:00.000,30m,4710.114,4700.848,4711.647,4690.27,6419,280,2026-04-24T12:59:59.999Z,2026-04-24 12:59:59.999,complete
XAUUSDc,2026-04-24T13:00:00.000Z,2026-04-24 13:00:00.000,30m,4700.814,4697.224,4705.604,4693.384,7759,280,2026-04-24T13:29:59.999Z,2026-04-24 13:29:59.999,complete
XAUUSDc,2026-04-24T13:30:00.000Z,2026-04-24 13:30:00.000,30m,4696.873,4711.984,4717.579,4689.474,12230,280,2026-04-24T13:59:59.999Z,2026-04-24 13:59:59.999,complete
XAUUSDc,2026-04-24T14:00:00.000Z,2026-04-24 14:00:00.000,30m,4711.549,4725.658,4740.348,4706.814,16035,280,2026-04-24T14:29:59.999Z,2026-04-24 14:29:59.999,complete
XAUUSDc,2026-04-24T14:30:00.000Z,2026-04-24 14:30:00.000,30m,4725.715,4726.395,4732.989,4723.553,8284,280,2026-04-24T14:59:59.999Z,2026-04-24 14:59:59.999,complete
XAUUSDc,2026-04-24T15:00:00.000Z,2026-04-24 15:00:00.000,30m,4726.458,4721.723,4727.226,4718.488,6761,280,2026-04-24T15:29:59.999Z,2026-04-24 15:29:59.999,complete
XAUUSDc,2026-04-24T15:30:00.000Z,2026-04-24 15:30:00.000,30m,4721.789,4726.932,4733.336,4714.543,13663,280,2026-04-24T15:59:59.999Z,2026-04-24 15:59:59.999,complete
XAUUSDc,2026-04-24T16:00:00.000Z,2026-04-24 16:00:00.000,30m,4727.0,4723.269,4729.772,4718.936,6621,280,2026-04-24T16:29:59.999Z,2026-04-24 16:29:59.999,complete
XAUUSDc,2026-04-24T16:30:00.000Z,2026-04-24 16:30:00.000,30m,4723.332,4726.512,4727.698,4719.076,5409,280,2026-04-24T16:59:59.999Z,2026-04-24 16:59:59.999,complete
XAUUSDc,2026-04-24T17:00:00.000Z,2026-04-24 17:00:00.000,30m,4726.568,4723.024,4730.061,4722.473,5486,280,2026-04-24T17:29:59.999Z,2026-04-24 17:29:59.999,complete
XAUUSDc,2026-04-24T17:30:00.000Z,2026-04-24 17:30:00.000,30m,4722.953,4723.412,4728.088,4718.88,5040,280,2026-04-24T17:59:59.999Z,2026-04-24 17:59:59.999,complete
XAUUSDc,2026-04-24T18:00:00.000Z,2026-04-24 18:00:00.000,30m,4723.482,4717.172,4724.878,4716.821,3677,280,2026-04-24T18:29:59.999Z,2026-04-24 18:29:59.999,complete
XAUUSDc,2026-04-24T18:30:00.000Z,2026-04-24 18:30:00.000,30m,4716.837,4722.521,4723.326,4716.808,3216,280,2026-04-24T18:59:59.999Z,2026-04-24 18:59:59.999,complete
XAUUSDc,2026-04-24T19:00:00.000Z,2026-04-24 19:00:00.000,30m,4722.579,4718.855,4726.075,4717.354,3373,280,2026-04-24T19:29:59.999Z,2026-04-24 19:29:59.999,complete
XAUUSDc,2026-04-24T19:30:00.000Z,2026-04-24 19:30:00.000,30m,4718.829,4716.67,4720.608,4713.497,3760,280,2026-04-24T19:59:59.999Z,2026-04-24 19:59:59.999,complete
XAUUSDc,2026-04-24T20:00:00.000Z,2026-04-24 20:00:00.000,30m,4716.607,4708.209,4717.467,4705.262,3098,280,2026-04-24T20:29:59.999Z,2026-04-24 20:29:59.999,complete
XAUUSDc,2026-04-24T20:30:00.000Z,2026-04-24 20:30:00.000,30m,4708.085,4708.466,4709.327,4705.234,2511,280,2026-04-24T20:59:59.999Z,2026-04-24 20:59:59.999,complete
XAUUSDc,2026-04-26T22:00:00.000Z,2026-04-26 22:00:00.000,30m,4696.125,4686.663,4699.884,4679.967,4255,360,2026-04-26T22:29:59.999Z,2026-04-26 22:29:59.999,complete
XAUUSDc,2026-04-26T22:30:00.000Z,2026-04-26 22:30:00.000,30m,4686.588,4684.718,4687.001,4681.659,2375,280,2026-04-26T22:59:59.999Z,2026-04-26 22:59:59.999,complete
XAUUSDc,2026-04-26T23:00:00.000Z,2026-04-26 23:00:00.000,30m,4684.636,4677.456,4684.742,4677.304,2620,280,2026-04-26T23:29:59.999Z,2026-04-26 23:29:59.999,complete
XAUUSDc,2026-04-26T23:30:00.000Z,2026-04-26 23:30:00.000,30m,4677.451,4680.075,4682.209,4674.849,2745,280,2026-04-26T23:59:59.999Z,2026-04-26 23:59:59.999,complete
XAUUSDc,2026-04-27T00:00:00.000Z,2026-04-27 00:00:00.000,30m,4680.139,4680.582,4682.233,4672.027,5224,280,2026-04-27T00:29:59.999Z,2026-04-27 00:29:59.999,complete
XAUUSDc,2026-04-27T00:30:00.000Z,2026-04-27 00:30:00.000,30m,4680.645,4697.623,4698.187,4676.646,4268,280,2026-04-27T00:59:59.999Z,2026-04-27 00:59:59.999,complete
XAUUSDc,2026-04-27T01:00:00.000Z,2026-04-27 01:00:00.000,30m,4697.688,4698.127,4709.834,4690.961,10814,280,2026-04-27T01:29:59.999Z,2026-04-27 01:29:59.999,complete
XAUUSDc,2026-04-27T01:30:00.000Z,2026-04-27 01:30:00.000,30m,4697.983,4702.49,4706.353,4695.538,6021,280,2026-04-27T01:59:59.999Z,2026-04-27 01:59:59.999,complete
XAUUSDc,2026-04-27T02:00:00.000Z,2026-04-27 02:00:00.000,30m,4702.621,4705.534,4708.14,4696.148,5199,280,2026-04-27T02:29:59.999Z,2026-04-27 02:29:59.999,complete
XAUUSDc,2026-04-27T02:30:00.000Z,2026-04-27 02:30:00.000,30m,4705.447,4718.337,4723.526,4704.296,5844,280,2026-04-27T02:59:59.999Z,2026-04-27 02:59:59.999,complete
XAUUSDc,2026-04-27T03:00:00.000Z,2026-04-27 03:00:00.000,30m,4718.255,4715.759,4722.306,4714.542,4446,280,2026-04-27T03:29:59.999Z,2026-04-27 03:29:59.999,complete
XAUUSDc,2026-04-27T03:30:00.000Z,2026-04-27 03:30:00.000,30m,4715.821,4723.973,4729.391,4715.487,4023,280,2026-04-27T03:59:59.999Z,2026-04-27 03:59:59.999,complete
XAUUSDc,2026-04-27T04:00:00.000Z,2026-04-27 04:00:00.000,30m,4723.916,4726.76,4728.087,4723.498,2676,280,2026-04-27T04:29:59.999Z,2026-04-27 04:29:59.999,complete
XAUUSDc,2026-04-27T04:30:00.000Z,2026-04-27 04:30:00.000,30m,4727.071,4724.786,4730.145,4722.694,2957,280,2026-04-27T04:59:59.999Z,2026-04-27 04:59:59.999,complete
XAUUSDc,2026-04-27T05:00:00.000Z,2026-04-27 05:00:00.000,30m,4724.803,4717.92,4725.313,4715.894,3161,280,2026-04-27T05:29:59.999Z,2026-04-27 05:29:59.999,complete
XAUUSDc,2026-04-27T05:30:00.000Z,2026-04-27 05:30:00.000,30m,4718.274,4710.147,4718.429,4708.643,4925,280,2026-04-27T05:59:59.999Z,2026-04-27 05:59:59.999,complete
XAUUSDc,2026-04-27T06:00:00.000Z,2026-04-27 06:00:00.000,30m,4710.087,4714.293,4715.604,4709.316,4697,280,2026-04-27T06:29:59.999Z,2026-04-27 06:29:59.999,complete
XAUUSDc,2026-04-27T06:30:00.000Z,2026-04-27 06:30:00.000,30m,4714.237,4712.779,4715.617,4709.036,3953,280,2026-04-27T06:59:59.999Z,2026-04-27 06:59:59.999,complete
XAUUSDc,2026-04-27T07:00:00.000Z,2026-04-27 07:00:00.000,30m,4712.724,4715.81,4718.261,4710.756,4408,280,2026-04-27T07:29:59.999Z,2026-04-27 07:29:59.999,complete
XAUUSDc,2026-04-27T07:30:00.000Z,2026-04-27 07:30:00.000,30m,4716.106,4713.427,4717.42,4710.105,3887,280,2026-04-27T07:59:59.999Z,2026-04-27 07:59:59.999,complete
XAUUSDc,2026-04-27T08:00:00.000Z,2026-04-27 08:00:00.000,30m,4713.195,4710.476,4714.169,4709.408,4227,280,2026-04-27T08:29:59.999Z,2026-04-27 08:29:59.999,complete
XAUUSDc,2026-04-27T08:30:00.000Z,2026-04-27 08:30:00.000,30m,4710.538,4706.908,4714.581,4705.289,3593,280,2026-04-27T08:59:59.999Z,2026-04-27 08:59:59.999,complete
XAUUSDc,2026-04-27T09:00:00.000Z,2026-04-27 09:00:00.000,30m,4706.792,4702.388,4708.17,4701.282,3393,280,2026-04-27T09:29:59.999Z,2026-04-27 09:29:59.999,complete
XAUUSDc,2026-04-27T09:30:00.000Z,2026-04-27 09:30:00.000,30m,4702.329,4703.455,4705.543,4699.26,3253,280,2026-04-27T09:59:59.999Z,2026-04-27 09:59:59.999,complete
XAUUSDc,2026-04-27T10:00:00.000Z,2026-04-27 10:00:00.000,30m,4703.516,4704.87,4706.75,4699.408,2522,280,2026-04-27T10:29:59.999Z,2026-04-27 10:29:59.999,complete
XAUUSDc,2026-04-27T10:30:00.000Z,2026-04-27 10:30:00.000,30m,4704.927,4708.884,4711.056,4704.469,2902,280,2026-04-27T10:59:59.999Z,2026-04-27 10:59:59.999,complete
XAUUSDc,2026-04-27T11:00:00.000Z,2026-04-27 11:00:00.000,30m,4708.939,4705.32,4708.982,4700.146,3452,280,2026-04-27T11:29:59.999Z,2026-04-27 11:29:59.999,complete
XAUUSDc,2026-04-27T11:30:00.000Z,2026-04-27 11:30:00.000,30m,4705.261,4704.642,4708.647,4699.931,3194,280,2026-04-27T11:59:59.999Z,2026-04-27 11:59:59.999,complete
XAUUSDc,2026-04-27T12:00:00.000Z,2026-04-27 12:00:00.000,30m,4704.756,4706.847,4712.575,4701.694,5253,280,2026-04-27T12:29:59.999Z,2026-04-27 12:29:59.999,complete
XAUUSDc,2026-04-27T12:30:00.000Z,2026-04-27 12:30:00.000,30m,4706.787,4699.289,4707.793,4696.858,5681,280,2026-04-27T12:59:59.999Z,2026-04-27 12:59:59.999,complete
XAUUSDc,2026-04-27T13:00:00.000Z,2026-04-27 13:00:00.000,30m,4699.349,4699.968,4703.336,4693.005,7035,280,2026-04-27T13:29:59.999Z,2026-04-27 13:29:59.999,complete
XAUUSDc,2026-04-27T13:30:00.000Z,2026-04-27 13:30:00.000,30m,4699.826,4695.951,4702.696,4688.93,10233,280,2026-04-27T13:59:59.999Z,2026-04-27 13:59:59.999,complete
XAUUSDc,2026-04-27T14:00:00.000Z,2026-04-27 14:00:00.000,30m,4696.013,4689.04,4696.63,4686.118,9558,280,2026-04-27T14:29:59.999Z,2026-04-27 14:29:59.999,complete
XAUUSDc,2026-04-27T14:30:00.000Z,2026-04-27 14:30:00.000,30m,4689.118,4677.852,4696.772,4676.355,9154,280,2026-04-27T14:59:59.999Z,2026-04-27 14:59:59.999,complete
XAUUSDc,2026-04-27T15:00:00.000Z,2026-04-27 15:00:00.000,30m,4678.203,4680.912,4681.041,4666.949,9871,280,2026-04-27T15:29:59.999Z,2026-04-27 15:29:59.999,complete
XAUUSDc,2026-04-27T15:30:00.000Z,2026-04-27 15:30:00.000,30m,4680.97,4670.152,4682.596,4667.968,5989,280,2026-04-27T15:59:59.999Z,2026-04-27 15:59:59.999,complete
XAUUSDc,2026-04-27T16:00:00.000Z,2026-04-27 16:00:00.000,30m,4670.124,4676.139,4677.736,4667.123,4984,280,2026-04-27T16:29:59.999Z,2026-04-27 16:29:59.999,complete
XAUUSDc,2026-04-27T16:30:00.000Z,2026-04-27 16:30:00.000,30m,4676.209,4676.478,4679.376,4674.412,3637,280,2026-04-27T16:59:59.999Z,2026-04-27 16:59:59.999,complete
XAUUSDc,2026-04-27T17:00:00.000Z,2026-04-27 17:00:00.000,30m,4676.535,4679.667,4679.978,4668.054,5470,280,2026-04-27T17:29:59.999Z,2026-04-27 17:29:59.999,complete
XAUUSDc,2026-04-27T17:30:00.000Z,2026-04-27 17:30:00.000,30m,4679.542,4682.322,4686.253,4679.227,4304,280,2026-04-27T17:59:59.999Z,2026-04-27 17:59:59.999,complete
XAUUSDc,2026-04-27T18:00:00.000Z,2026-04-27 18:00:00.000,30m,4682.26,4683.98,4685.544,4678.785,3241,280,2026-04-27T18:29:59.999Z,2026-04-27 18:29:59.999,complete
XAUUSDc,2026-04-27T18:30:00.000Z,2026-04-27 18:30:00.000,30m,4683.818,4680.837,4685.08,4680.837,2851,280,2026-04-27T18:59:59.999Z,2026-04-27 18:59:59.999,complete
XAUUSDc,2026-04-27T19:00:00.000Z,2026-04-27 19:00:00.000,30m,4680.781,4682.041,4682.733,4678.64,2653,280,2026-04-27T19:29:59.999Z,2026-04-27 19:29:59.999,complete
XAUUSDc,2026-04-27T19:30:00.000Z,2026-04-27 19:30:00.000,30m,4682.123,4680.485,4682.34,4676.594,3412,280,2026-04-27T19:59:59.999Z,2026-04-27 19:59:59.999,complete
XAUUSDc,2026-04-27T20:00:00.000Z,2026-04-27 20:00:00.000,30m,4680.546,4679.626,4681.248,4677.299,1804,280,2026-04-27T20:29:59.999Z,2026-04-27 20:29:59.999,complete
XAUUSDc,2026-04-27T20:30:00.000Z,2026-04-27 20:30:00.000,30m,4679.857,4680.054,4680.562,4678.578,1402,280,2026-04-27T20:59:59.999Z,2026-04-27 20:59:59.999,complete
XAUUSDc,2026-04-27T22:00:00.000Z,2026-04-27 22:00:00.000,30m,4684.202,4688.884,4691.112,4682.043,2476,280,2026-04-27T22:29:59.999Z,2026-04-27 22:29:59.999,complete
XAUUSDc,2026-04-27T22:30:00.000Z,2026-04-27 22:30:00.000,30m,4688.884,4687.726,4689.876,4686.247,1626,280,2026-04-27T22:59:59.999Z,2026-04-27 22:59:59.999,complete
XAUUSDc,2026-04-27T23:00:00.000Z,2026-04-27 23:00:00.000,30m,4687.939,4690.479,4691.634,4687.125,1717,280,2026-04-27T23:29:59.999Z,2026-04-27 23:29:59.999,complete
XAUUSDc,2026-04-27T23:30:00.000Z,2026-04-27 23:30:00.000,30m,4690.423,4692.056,4695.106,4690.339,1913,280,2026-04-27T23:59:59.999Z,2026-04-27 23:59:59.999,complete
XAUUSDc,2026-04-28T00:00:00.000Z,2026-04-28 00:00:00.000,30m,4692.118,4694.836,4701.445,4691.675,3726,280,2026-04-28T00:29:59.999Z,2026-04-28 00:29:59.999,complete
XAUUSDc,2026-04-28T00:30:00.000Z,2026-04-28 00:30:00.000,30m,4694.897,4690.535,4695.28,4690.424,3211,280,2026-04-28T00:59:59.999Z,2026-04-28 00:59:59.999,complete
XAUUSDc,2026-04-28T01:00:00.000Z,2026-04-28 01:00:00.000,30m,4690.59,4687.61,4691.067,4684.53,5571,280,2026-04-28T01:29:59.999Z,2026-04-28 01:29:59.999,complete
XAUUSDc,2026-04-28T01:30:00.000Z,2026-04-28 01:30:00.000,30m,4687.61,4670.795,4691.303,4669.266,5916,280,2026-04-28T01:59:59.999Z,2026-04-28 01:59:59.999,complete
XAUUSDc,2026-04-28T02:00:00.000Z,2026-04-28 02:00:00.000,30m,4670.853,4675.614,4679.573,4666.316,4803,280,2026-04-28T02:29:59.999Z,2026-04-28 02:29:59.999,complete
XAUUSDc,2026-04-28T02:30:00.000Z,2026-04-28 02:30:00.000,30m,4675.631,4669.244,4675.697,4666.458,4868,280,2026-04-28T02:59:59.999Z,2026-04-28 02:59:59.999,complete
XAUUSDc,2026-04-28T03:00:00.000Z,2026-04-28 03:00:00.000,30m,4669.007,4674.922,4675.862,4668.38,3959,280,2026-04-28T03:29:59.999Z,2026-04-28 03:29:59.999,complete
XAUUSDc,2026-04-28T03:30:00.000Z,2026-04-28 03:30:00.000,30m,4674.985,4670.964,4675.433,4669.372,2704,280,2026-04-28T03:59:59.999Z,2026-04-28 03:59:59.999,complete
XAUUSDc,2026-04-28T04:00:00.000Z,2026-04-28 04:00:00.000,30m,4670.907,4667.585,4671.336,4666.582,2624,280,2026-04-28T04:29:59.999Z,2026-04-28 04:29:59.999,complete
XAUUSDc,2026-04-28T04:30:00.000Z,2026-04-28 04:30:00.000,30m,4667.522,4667.569,4669.922,4666.678,2353,280,2026-04-28T04:59:59.999Z,2026-04-28 04:59:59.999,complete
XAUUSDc,2026-04-28T05:00:00.000Z,2026-04-28 05:00:00.000,30m,4667.408,4658.161,4668.049,4648.434,5617,280,2026-04-28T05:29:59.999Z,2026-04-28 05:29:59.999,complete
XAUUSDc,2026-04-28T05:30:00.000Z,2026-04-28 05:30:00.000,30m,4658.152,4632.356,4658.72,4623.804,13018,280,2026-04-28T05:59:59.999Z,2026-04-28 05:59:59.999,complete
XAUUSDc,2026-04-28T06:00:00.000Z,2026-04-28 06:00:00.000,30m,4632.273,4631.399,4643.099,4623.172,7543,280,2026-04-28T06:29:59.999Z,2026-04-28 06:29:59.999,complete
XAUUSDc,2026-04-28T06:30:00.000Z,2026-04-28 06:30:00.000,30m,4631.307,4629.039,4634.84,4623.172,6630,280,2026-04-28T06:59:59.999Z,2026-04-28 06:59:59.999,complete
XAUUSDc,2026-04-28T07:00:00.000Z,2026-04-28 07:00:00.000,30m,4628.943,4629.742,4639.299,4627.105,6301,280,2026-04-28T07:29:59.999Z,2026-04-28 07:29:59.999,complete
XAUUSDc,2026-04-28T07:30:00.000Z,2026-04-28 07:30:00.000,30m,4629.797,4633.007,4635.297,4620.574,6499,280,2026-04-28T07:59:59.999Z,2026-04-28 07:59:59.999,complete
XAUUSDc,2026-04-28T08:00:00.000Z,2026-04-28 08:00:00.000,30m,4633.245,4626.644,4633.654,4614.607,8640,280,2026-04-28T08:29:59.999Z,2026-04-28 08:29:59.999,complete
XAUUSDc,2026-04-28T08:30:00.000Z,2026-04-28 08:30:00.000,30m,4626.996,4629.748,4635.326,4625.089,5382,280,2026-04-28T08:59:59.999Z,2026-04-28 08:59:59.999,complete
XAUUSDc,2026-04-28T09:00:00.000Z,2026-04-28 09:00:00.000,30m,4629.589,4618.319,4630.087,4612.847,5657,280,2026-04-28T09:29:59.999Z,2026-04-28 09:29:59.999,complete
XAUUSDc,2026-04-28T09:30:00.000Z,2026-04-28 09:30:00.000,30m,4617.955,4604.937,4619.078,4604.516,6467,280,2026-04-28T09:59:59.999Z,2026-04-28 09:59:59.999,complete
XAUUSDc,2026-04-28T10:00:00.000Z,2026-04-28 10:00:00.000,30m,4604.856,4611.662,4616.285,4604.632,4399,280,2026-04-28T10:29:59.999Z,2026-04-28 10:29:59.999,complete
XAUUSDc,2026-04-28T10:30:00.000Z,2026-04-28 10:30:00.000,30m,4611.309,4603.4,4616.038,4603.173,4374,280,2026-04-28T10:59:59.999Z,2026-04-28 10:59:59.999,complete
XAUUSDc,2026-04-28T11:00:00.000Z,2026-04-28 11:00:00.000,30m,4603.387,4599.225,4608.56,4593.909,7662,280,2026-04-28T11:29:59.999Z,2026-04-28 11:29:59.999,complete
XAUUSDc,2026-04-28T11:30:00.000Z,2026-04-28 11:30:00.000,30m,4599.186,4562.466,4599.878,4555.299,14315,280,2026-04-28T11:59:59.999Z,2026-04-28 11:59:59.999,complete
XAUUSDc,2026-04-28T12:00:00.000Z,2026-04-28 12:00:00.000,30m,4562.702,4580.386,4597.786,4554.641,13961,280,2026-04-28T12:29:59.999Z,2026-04-28 12:29:59.999,complete
XAUUSDc,2026-04-28T12:30:00.000Z,2026-04-28 12:30:00.000,30m,4580.329,4593.824,4600.152,4570.783,10642,280,2026-04-28T12:59:59.999Z,2026-04-28 12:59:59.999,complete
XAUUSDc,2026-04-28T13:00:00.000Z,2026-04-28 13:00:00.000,30m,4593.47,4581.653,4594.653,4571.113,12710,280,2026-04-28T13:29:59.999Z,2026-04-28 13:29:59.999,complete
XAUUSDc,2026-04-28T13:30:00.000Z,2026-04-28 13:30:00.000,30m,4581.596,4580.513,4592.654,4570.678,17507,280,2026-04-28T13:59:59.999Z,2026-04-28 13:59:59.999,complete
XAUUSDc,2026-04-28T14:00:00.000Z,2026-04-28 14:00:00.000,30m,4580.152,4571.355,4580.768,4563.903,14890,280,2026-04-28T14:29:59.999Z,2026-04-28 14:29:59.999,complete
XAUUSDc,2026-04-28T14:30:00.000Z,2026-04-28 14:30:00.000,30m,4571.414,4574.305,4578.183,4557.162,15824,280,2026-04-28T14:59:59.999Z,2026-04-28 14:59:59.999,complete
XAUUSDc,2026-04-28T15:00:00.000Z,2026-04-28 15:00:00.000,30m,4574.249,4576.732,4581.949,4566.902,11813,280,2026-04-28T15:29:59.999Z,2026-04-28 15:29:59.999,complete
XAUUSDc,2026-04-28T15:30:00.000Z,2026-04-28 15:30:00.000,30m,4576.967,4586.215,4586.424,4570.937,9786,280,2026-04-28T15:59:59.999Z,2026-04-28 15:59:59.999,complete
XAUUSDc,2026-04-28T16:00:00.000Z,2026-04-28 16:00:00.000,30m,4586.431,4582.935,4586.984,4577.98,7098,280,2026-04-28T16:29:59.999Z,2026-04-28 16:29:59.999,complete
XAUUSDc,2026-04-28T16:30:00.000Z,2026-04-28 16:30:00.000,30m,4582.587,4592.093,4594.964,4580.585,6648,280,2026-04-28T16:59:59.999Z,2026-04-28 16:59:59.999,complete
XAUUSDc,2026-04-28T17:00:00.000Z,2026-04-28 17:00:00.000,30m,4592.442,4593.601,4597.291,4586.97,6294,280,2026-04-28T17:29:59.999Z,2026-04-28 17:29:59.999,complete
XAUUSDc,2026-04-28T17:30:00.000Z,2026-04-28 17:30:00.000,30m,4593.658,4594.81,4601.565,4593.658,5088,280,2026-04-28T17:59:59.999Z,2026-04-28 17:59:59.999,complete
XAUUSDc,2026-04-28T18:00:00.000Z,2026-04-28 18:00:00.000,30m,4594.866,4599.021,4600.691,4592.169,4563,280,2026-04-28T18:29:59.999Z,2026-04-28 18:29:59.999,complete
XAUUSDc,2026-04-28T18:30:00.000Z,2026-04-28 18:30:00.000,30m,4599.101,4594.403,4599.398,4593.177,3429,280,2026-04-28T18:59:59.999Z,2026-04-28 18:59:59.999,complete
XAUUSDc,2026-04-28T19:00:00.000Z,2026-04-28 19:00:00.000,30m,4594.461,4596.264,4598.817,4593.694,3505,280,2026-04-28T19:29:59.999Z,2026-04-28 19:29:59.999,complete
XAUUSDc,2026-04-28T19:30:00.000Z,2026-04-28 19:30:00.000,30m,4596.072,4595.752,4599.94,4593.479,3906,280,2026-04-28T19:59:59.999Z,2026-04-28 19:59:59.999,complete
XAUUSDc,2026-04-28T20:00:00.000Z,2026-04-28 20:00:00.000,30m,4595.696,4592.932,4598.554,4591.063,2558,280,2026-04-28T20:29:59.999Z,2026-04-28 20:29:59.999,complete
XAUUSDc,2026-04-28T20:30:00.000Z,2026-04-28 20:30:00.000,30m,4592.753,4596.512,4596.594,4592.236,1699,280,2026-04-28T20:59:59.999Z,2026-04-28 20:59:59.999,complete
XAUUSDc,2026-04-28T22:00:00.000Z,2026-04-28 22:00:00.000,30m,4598.249,4595.644,4599.638,4594.443,1695,280,2026-04-28T22:29:59.999Z,2026-04-28 22:29:59.999,complete
XAUUSDc,2026-04-28T22:30:00.000Z,2026-04-28 22:30:00.000,30m,4595.994,4593.931,4597.161,4592.604,1400,280,2026-04-28T22:59:59.999Z,2026-04-28 22:59:59.999,complete
XAUUSDc,2026-04-28T23:00:00.000Z,2026-04-28 23:00:00.000,30m,4593.92,4592.045,4594.506,4589.22,1710,280,2026-04-28T23:29:59.999Z,2026-04-28 23:29:59.999,complete
XAUUSDc,2026-04-28T23:30:00.000Z,2026-04-28 23:30:00.000,30m,4591.97,4595.783,4596.092,4587.856,2273,280,2026-04-28T23:59:59.999Z,2026-04-28 23:59:59.999,complete
XAUUSDc,2026-04-29T00:00:00.000Z,2026-04-29 00:00:00.000,30m,4595.847,4600.181,4610.195,4594.829,6106,280,2026-04-29T00:29:59.999Z,2026-04-29 00:29:59.999,complete
XAUUSDc,2026-04-29T00:30:00.000Z,2026-04-29 00:30:00.000,30m,4599.954,4600.048,4604.893,4596.029,3910,280,2026-04-29T00:59:59.999Z,2026-04-29 00:59:59.999,complete
XAUUSDc,2026-04-29T01:00:00.000Z,2026-04-29 01:00:00.000,30m,4599.985,4580.469,4600.47,4575.793,11599,280,2026-04-29T01:29:59.999Z,2026-04-29 01:29:59.999,complete
XAUUSDc,2026-04-29T01:30:00.000Z,2026-04-29 01:30:00.000,30m,4580.175,4584.59,4591.417,4578.749,7876,280,2026-04-29T01:59:59.999Z,2026-04-29 01:59:59.999,complete
XAUUSDc,2026-04-29T02:00:00.000Z,2026-04-29 02:00:00.000,30m,4584.635,4599.274,4604.114,4584.635,6094,280,2026-04-29T02:29:59.999Z,2026-04-29 02:29:59.999,complete
XAUUSDc,2026-04-29T02:30:00.000Z,2026-04-29 02:30:00.000,30m,4599.336,4593.49,4601.866,4592.099,5158,280,2026-04-29T02:59:59.999Z,2026-04-29 02:59:59.999,complete
XAUUSDc,2026-04-29T03:00:00.000Z,2026-04-29 03:00:00.000,30m,4593.552,4598.883,4603.361,4592.771,4446,280,2026-04-29T03:29:59.999Z,2026-04-29 03:29:59.999,complete
XAUUSDc,2026-04-29T03:30:00.000Z,2026-04-29 03:30:00.000,30m,4598.61,4595.214,4598.787,4592.083,2750,280,2026-04-29T03:59:59.999Z,2026-04-29 03:59:59.999,complete
XAUUSDc,2026-04-29T04:00:00.000Z,2026-04-29 04:00:00.000,30m,4595.274,4601.77,4603.261,4595.131,2853,280,2026-04-29T04:29:59.999Z,2026-04-29 04:29:59.999,complete
XAUUSDc,2026-04-29T04:30:00.000Z,2026-04-29 04:30:00.000,30m,4601.631,4604.641,4605.725,4601.488,2779,280,2026-04-29T04:59:59.999Z,2026-04-29 04:59:59.999,complete
XAUUSDc,2026-04-29T05:00:00.000Z,2026-04-29 05:00:00.000,30m,4604.827,4600.808,4607.76,4598.549,3171,280,2026-04-29T05:29:59.999Z,2026-04-29 05:29:59.999,complete
XAUUSDc,2026-04-29T05:30:00.000Z,2026-04-29 05:30:00.000,30m,4600.8,4591.158,4603.268,4590.49,4875,280,2026-04-29T05:59:59.999Z,2026-04-29 05:59:59.999,complete
XAUUSDc,2026-04-29T06:00:00.000Z,2026-04-29 06:00:00.000,30m,4590.802,4585.093,4598.481,4581.339,6224,280,2026-04-29T06:29:59.999Z,2026-04-29 06:29:59.999,complete
XAUUSDc,2026-04-29T06:30:00.000Z,2026-04-29 06:30:00.000,30m,4584.878,4584.361,4587.449,4580.623,4566,280,2026-04-29T06:59:59.999Z,2026-04-29 06:59:59.999,complete
XAUUSDc,2026-04-29T07:00:00.000Z,2026-04-29 07:00:00.000,30m,4584.28,4575.331,4588.646,4569.688,6171,280,2026-04-29T07:29:59.999Z,2026-04-29 07:29:59.999,complete
XAUUSDc,2026-04-29T07:30:00.000Z,2026-04-29 07:30:00.000,30m,4575.277,4567.971,4578.466,4567.131,6463,280,2026-04-29T07:59:59.999Z,2026-04-29 07:59:59.999,complete
XAUUSDc,2026-04-29T08:00:00.000Z,2026-04-29 08:00:00.000,30m,4568.064,4566.174,4573.457,4564.404,7081,280,2026-04-29T08:29:59.999Z,2026-04-29 08:29:59.999,complete
XAUUSDc,2026-04-29T08:30:00.000Z,2026-04-29 08:30:00.000,30m,4566.382,4573.273,4576.548,4557.089,5975,280,2026-04-29T08:59:59.999Z,2026-04-29 08:59:59.999,complete
XAUUSDc,2026-04-29T09:00:00.000Z,2026-04-29 09:00:00.000,30m,4573.334,4565.864,4580.967,4565.644,4628,280,2026-04-29T09:29:59.999Z,2026-04-29 09:29:59.999,complete
XAUUSDc,2026-04-29T09:30:00.000Z,2026-04-29 09:30:00.000,30m,4565.803,4555.596,4569.542,4551.411,7360,280,2026-04-29T09:59:59.999Z,2026-04-29 09:59:59.999,complete
XAUUSDc,2026-04-29T10:00:00.000Z,2026-04-29 10:00:00.000,30m,4555.521,4571.54,4573.267,4554.819,4643,280,2026-04-29T10:29:59.999Z,2026-04-29 10:29:59.999,complete
XAUUSDc,2026-04-29T10:30:00.000Z,2026-04-29 10:30:00.000,30m,4571.601,4569.678,4576.512,4563.845,4400,280,2026-04-29T10:59:59.999Z,2026-04-29 10:59:59.999,complete
XAUUSDc,2026-04-29T11:00:00.000Z,2026-04-29 11:00:00.000,30m,4569.742,4564.802,4571.948,4564.213,5052,280,2026-04-29T11:29:59.999Z,2026-04-29 11:29:59.999,complete
XAUUSDc,2026-04-29T11:30:00.000Z,2026-04-29 11:30:00.000,30m,4564.718,4561.761,4571.88,4559.214,4665,280,2026-04-29T11:59:59.999Z,2026-04-29 11:59:59.999,complete
XAUUSDc,2026-04-29T12:00:00.000Z,2026-04-29 12:00:00.000,30m,4561.405,4559.476,4568.942,4559.239,5250,280,2026-04-29T12:29:59.999Z,2026-04-29 12:29:59.999,complete
XAUUSDc,2026-04-29T12:30:00.000Z,2026-04-29 12:30:00.000,30m,4559.42,4544.682,4560.015,4541.417,7704,280,2026-04-29T12:59:59.999Z,2026-04-29 12:59:59.999,complete
XAUUSDc,2026-04-29T13:00:00.000Z,2026-04-29 13:00:00.000,30m,4545.031,4537.654,4553.279,4534.426,10378,280,2026-04-29T13:29:59.999Z,2026-04-29 13:29:59.999,complete
XAUUSDc,2026-04-29T13:30:00.000Z,2026-04-29 13:30:00.000,30m,4537.712,4521.873,4539.618,4510.087,15230,280,2026-04-29T13:59:59.999Z,2026-04-29 13:59:59.999,complete
XAUUSDc,2026-04-29T14:00:00.000Z,2026-04-29 14:00:00.000,30m,4521.927,4533.21,4537.831,4517.704,13189,280,2026-04-29T14:29:59.999Z,2026-04-29 14:29:59.999,complete
XAUUSDc,2026-04-29T14:30:00.000Z,2026-04-29 14:30:00.000,30m,4533.333,4539.129,4542.779,4530.741,8727,280,2026-04-29T14:59:59.999Z,2026-04-29 14:59:59.999,complete
XAUUSDc,2026-04-29T15:00:00.000Z,2026-04-29 15:00:00.000,30m,4539.073,4543.427,4546.91,4536.222,9558,280,2026-04-29T15:29:59.999Z,2026-04-29 15:29:59.999,complete
XAUUSDc,2026-04-29T15:30:00.000Z,2026-04-29 15:30:00.000,30m,4543.36,4547.873,4558.771,4540.139,12840,280,2026-04-29T15:59:59.999Z,2026-04-29 15:59:59.999,complete
XAUUSDc,2026-04-29T16:00:00.000Z,2026-04-29 16:00:00.000,30m,4547.815,4560.332,4565.047,4546.842,8001,280,2026-04-29T16:29:59.999Z,2026-04-29 16:29:59.999,complete
XAUUSDc,2026-04-29T16:30:00.000Z,2026-04-29 16:30:00.000,30m,4560.276,4545.288,4560.276,4543.218,7393,280,2026-04-29T16:59:59.999Z,2026-04-29 16:59:59.999,complete
XAUUSDc,2026-04-29T17:00:00.000Z,2026-04-29 17:00:00.000,30m,4545.462,4547.299,4554.463,4542.68,7313,280,2026-04-29T17:29:59.999Z,2026-04-29 17:29:59.999,complete
XAUUSDc,2026-04-29T17:30:00.000Z,2026-04-29 17:30:00.000,30m,4547.355,4547.154,4548.558,4541.398,6241,280,2026-04-29T17:59:59.999Z,2026-04-29 17:59:59.999,complete
XAUUSDc,2026-04-29T18:00:00.000Z,2026-04-29 18:00:00.000,30m,4547.332,4532.691,4552.639,4524.94,14258,280,2026-04-29T18:29:59.999Z,2026-04-29 18:29:59.999,complete
XAUUSDc,2026-04-29T18:30:00.000Z,2026-04-29 18:30:00.000,30m,4532.758,4537.838,4541.173,4517.921,19393,280,2026-04-29T18:59:59.999Z,2026-04-29 18:59:59.999,complete
XAUUSDc,2026-04-29T19:00:00.000Z,2026-04-29 19:00:00.000,30m,4537.916,4542.959,4550.566,4533.25,10183,280,2026-04-29T19:29:59.999Z,2026-04-29 19:29:59.999,complete
XAUUSDc,2026-04-29T19:30:00.000Z,2026-04-29 19:30:00.000,30m,4542.9,4547.053,4549.896,4537.661,6880,280,2026-04-29T19:59:59.999Z,2026-04-29 19:59:59.999,complete
XAUUSDc,2026-04-29T20:00:00.000Z,2026-04-29 20:00:00.000,30m,4546.998,4543.351,4553.613,4541.376,9729,280,2026-04-29T20:29:59.999Z,2026-04-29 20:29:59.999,complete
XAUUSDc,2026-04-29T20:30:00.000Z,2026-04-29 20:30:00.000,30m,4543.295,4543.688,4546.718,4541.412,3784,280,2026-04-29T20:59:59.999Z,2026-04-29 20:59:59.999,complete
XAUUSDc,2026-04-29T22:00:00.000Z,2026-04-29 22:00:00.000,30m,4542.801,4549.23,4550.85,4539.166,2613,280,2026-04-29T22:29:59.999Z,2026-04-29 22:29:59.999,complete
XAUUSDc,2026-04-29T22:30:00.000Z,2026-04-29 22:30:00.000,30m,4549.186,4552.223,4552.689,4547.251,2275,280,2026-04-29T22:59:59.999Z,2026-04-29 22:59:59.999,complete
XAUUSDc,2026-04-29T23:00:00.000Z,2026-04-29 23:00:00.000,30m,4551.92,4551.473,4555.283,4549.412,2257,280,2026-04-29T23:29:59.999Z,2026-04-29 23:29:59.999,complete
XAUUSDc,2026-04-29T23:30:00.000Z,2026-04-29 23:30:00.000,30m,4551.613,4561.756,4562.107,4551.24,2480,280,2026-04-29T23:59:59.999Z,2026-04-29 23:59:59.999,complete
XAUUSDc,2026-04-30T00:00:00.000Z,2026-04-30 00:00:00.000,30m,4561.628,4563.331,4568.583,4556.285,8566,280,2026-04-30T00:29:59.999Z,2026-04-30 00:29:59.999,complete
XAUUSDc,2026-04-30T00:30:00.000Z,2026-04-30 00:30:00.000,30m,4563.388,4569.67,4574.196,4562.082,5001,280,2026-04-30T00:59:59.999Z,2026-04-30 00:59:59.999,complete
XAUUSDc,2026-04-30T01:00:00.000Z,2026-04-30 01:00:00.000,30m,4569.613,4579.645,4580.922,4564.484,7142,280,2026-04-30T01:29:59.999Z,2026-04-30 01:29:59.999,complete
XAUUSDc,2026-04-30T01:30:00.000Z,2026-04-30 01:30:00.000,30m,4579.641,4579.07,4582.572,4570.893,7180,280,2026-04-30T01:59:59.999Z,2026-04-30 01:59:59.999,complete
XAUUSDc,2026-04-30T02:00:00.000Z,2026-04-30 02:00:00.000,30m,4579.118,4573.251,4582.032,4571.608,4611,280,2026-04-30T02:29:59.999Z,2026-04-30 02:29:59.999,complete
XAUUSDc,2026-04-30T02:30:00.000Z,2026-04-30 02:30:00.000,30m,4573.168,4564.693,4574.181,4559.614,8157,280,2026-04-30T02:59:59.999Z,2026-04-30 02:59:59.999,complete
XAUUSDc,2026-04-30T03:00:00.000Z,2026-04-30 03:00:00.000,30m,4564.638,4563.046,4568.933,4562.541,4422,280,2026-04-30T03:29:59.999Z,2026-04-30 03:29:59.999,complete
XAUUSDc,2026-04-30T03:30:00.000Z,2026-04-30 03:30:00.000,30m,4563.403,4556.038,4563.922,4555.507,4148,280,2026-04-30T03:59:59.999Z,2026-04-30 03:59:59.999,complete
XAUUSDc,2026-04-30T04:00:00.000Z,2026-04-30 04:00:00.000,30m,4555.896,4547.385,4557.005,4545.583,4714,280,2026-04-30T04:29:59.999Z,2026-04-30 04:29:59.999,complete
XAUUSDc,2026-04-30T04:30:00.000Z,2026-04-30 04:30:00.000,30m,4547.299,4542.193,4549.31,4540.831,5024,280,2026-04-30T04:59:59.999Z,2026-04-30 04:59:59.999,complete
XAUUSDc,2026-04-30T05:00:00.000Z,2026-04-30 05:00:00.000,30m,4542.128,4555.497,4558.998,4541.897,4947,280,2026-04-30T05:29:59.999Z,2026-04-30 05:29:59.999,complete
XAUUSDc,2026-04-30T05:30:00.000Z,2026-04-30 05:30:00.000,30m,4555.556,4562.698,4569.721,4553.884,5218,280,2026-04-30T05:59:59.999Z,2026-04-30 05:59:59.999,complete
XAUUSDc,2026-04-30T06:00:00.000Z,2026-04-30 06:00:00.000,30m,4562.727,4569.276,4571.057,4560.111,7353,280,2026-04-30T06:29:59.999Z,2026-04-30 06:29:59.999,complete
XAUUSDc,2026-04-30T06:30:00.000Z,2026-04-30 06:30:00.000,30m,4569.333,4589.276,4591.6,4569.328,5961,280,2026-04-30T06:59:59.999Z,2026-04-30 06:59:59.999,complete
XAUUSDc,2026-04-30T07:00:00.000Z,2026-04-30 07:00:00.000,30m,4589.464,4591.316,4595.911,4584.672,6007,280,2026-04-30T07:29:59.999Z,2026-04-30 07:29:59.999,complete
XAUUSDc,2026-04-30T07:30:00.000Z,2026-04-30 07:30:00.000,30m,4591.25,4598.219,4605.514,4587.878,4798,280,2026-04-30T07:59:59.999Z,2026-04-30 07:59:59.999,complete
XAUUSDc,2026-04-30T08:00:00.000Z,2026-04-30 08:00:00.000,30m,4598.278,4617.393,4629.737,4597.207,11607,280,2026-04-30T08:29:59.999Z,2026-04-30 08:29:59.999,complete
XAUUSDc,2026-04-30T08:30:00.000Z,2026-04-30 08:30:00.000,30m,4617.319,4616.335,4621.01,4613.541,6516,280,2026-04-30T08:59:59.999Z,2026-04-30 08:59:59.999,complete
XAUUSDc,2026-04-30T09:00:00.000Z,2026-04-30 09:00:00.000,30m,4616.497,4625.431,4626.701,4614.253,6837,280,2026-04-30T09:29:59.999Z,2026-04-30 09:29:59.999,complete
XAUUSDc,2026-04-30T09:30:00.000Z,2026-04-30 09:30:00.000,30m,4625.371,4624.969,4631.836,4618.009,8096,280,2026-04-30T09:59:59.999Z,2026-04-30 09:59:59.999,complete
XAUUSDc,2026-04-30T10:00:00.000Z,2026-04-30 10:00:00.000,30m,4625.037,4643.581,4644.191,4623.62,6407,280,2026-04-30T10:29:59.999Z,2026-04-30 10:29:59.999,complete
XAUUSDc,2026-04-30T10:30:00.000Z,2026-04-30 10:30:00.000,30m,4643.528,4639.633,4647.042,4633.759,8992,280,2026-04-30T10:59:59.999Z,2026-04-30 10:59:59.999,complete
XAUUSDc,2026-04-30T11:00:00.000Z,2026-04-30 11:00:00.000,30m,4639.64,4637.541,4645.878,4630.463,9482,280,2026-04-30T11:29:59.999Z,2026-04-30 11:29:59.999,complete
XAUUSDc,2026-04-30T11:30:00.000Z,2026-04-30 11:30:00.000,30m,4637.426,4629.945,4637.61,4626.491,7699,280,2026-04-30T11:59:59.999Z,2026-04-30 11:59:59.999,complete
XAUUSDc,2026-04-30T12:00:00.000Z,2026-04-30 12:00:00.000,30m,4630.005,4629.8,4637.587,4628.486,6507,280,2026-04-30T12:29:59.999Z,2026-04-30 12:29:59.999,complete
XAUUSDc,2026-04-30T12:30:00.000Z,2026-04-30 12:30:00.000,30m,4629.341,4639.589,4639.954,4624.661,8183,280,2026-04-30T12:59:59.999Z,2026-04-30 12:59:59.999,complete
XAUUSDc,2026-04-30T13:00:00.000Z,2026-04-30 13:00:00.000,30m,4639.411,4633.624,4646.143,4632.729,9885,280,2026-04-30T13:29:59.999Z,2026-04-30 13:29:59.999,complete
XAUUSDc,2026-04-30T13:30:00.000Z,2026-04-30 13:30:00.000,30m,4633.396,4610.694,4634.582,4610.401,15698,280,2026-04-30T13:59:59.999Z,2026-04-30 13:59:59.999,complete
XAUUSDc,2026-04-30T14:00:00.000Z,2026-04-30 14:00:00.000,30m,4610.808,4622.862,4626.149,4609.092,20528,280,2026-04-30T14:29:59.999Z,2026-04-30 14:29:59.999,complete
XAUUSDc,2026-04-30T14:30:00.000Z,2026-04-30 14:30:00.000,30m,4623.02,4619.81,4623.864,4610.685,16108,280,2026-04-30T14:59:59.999Z,2026-04-30 14:59:59.999,complete
XAUUSDc,2026-04-30T15:00:00.000Z,2026-04-30 15:00:00.000,30m,4619.61,4622.895,4624.515,4614.806,10423,280,2026-04-30T15:29:59.999Z,2026-04-30 15:29:59.999,complete
XAUUSDc,2026-04-30T15:30:00.000Z,2026-04-30 15:30:00.000,30m,4622.765,4615.091,4625.546,4611.138,7011,280,2026-04-30T15:59:59.999Z,2026-04-30 15:59:59.999,complete
XAUUSDc,2026-04-30T16:00:00.000Z,2026-04-30 16:00:00.000,30m,4615.443,4607.753,4617.287,4605.575,5526,280,2026-04-30T16:29:59.999Z,2026-04-30 16:29:59.999,complete
XAUUSDc,2026-04-30T16:30:00.000Z,2026-04-30 16:30:00.000,30m,4608.117,4607.447,4617.795,4605.138,6169,280,2026-04-30T16:59:59.999Z,2026-04-30 16:59:59.999,complete
XAUUSDc,2026-04-30T17:00:00.000Z,2026-04-30 17:00:00.000,30m,4607.334,4617.628,4620.801,4607.334,6504,280,2026-04-30T17:29:59.999Z,2026-04-30 17:29:59.999,complete
XAUUSDc,2026-04-30T17:30:00.000Z,2026-04-30 17:30:00.000,30m,4617.848,4616.631,4621.738,4614.741,5172,280,2026-04-30T17:59:59.999Z,2026-04-30 17:59:59.999,complete
XAUUSDc,2026-04-30T18:00:00.000Z,2026-04-30 18:00:00.000,30m,4616.78,4620.785,4625.284,4616.706,4617,280,2026-04-30T18:29:59.999Z,2026-04-30 18:29:59.999,complete
XAUUSDc,2026-04-30T18:30:00.000Z,2026-04-30 18:30:00.000,30m,4620.783,4622.542,4625.109,4618.949,3721,280,2026-04-30T18:59:59.999Z,2026-04-30 18:59:59.999,complete
XAUUSDc,2026-04-30T19:00:00.000Z,2026-04-30 19:00:00.000,30m,4622.448,4617.869,4627.51,4616.683,4161,280,2026-04-30T19:29:59.999Z,2026-04-30 19:29:59.999,complete
XAUUSDc,2026-04-30T19:30:00.000Z,2026-04-30 19:30:00.000,30m,4617.938,4617.032,4623.32,4614.466,4347,280,2026-04-30T19:59:59.999Z,2026-04-30 19:59:59.999,complete
XAUUSDc,2026-04-30T20:00:00.000Z,2026-04-30 20:00:00.000,30m,4617.091,4616.539,4620.303,4615.665,3597,280,2026-04-30T20:29:59.999Z,2026-04-30 20:29:59.999,complete
XAUUSDc,2026-04-30T20:30:00.000Z,2026-04-30 20:30:00.000,30m,4616.539,4620.68,4622.063,4615.472,2098,280,2026-04-30T20:59:59.999Z,2026-04-30 20:59:59.999,complete
XAUUSDc,2026-04-30T22:00:00.000Z,2026-04-30 22:00:00.000,30m,4627.631,4630.984,4632.7,4625.076,1930,280,2026-04-30T22:29:59.999Z,2026-04-30 22:29:59.999,complete
XAUUSDc,2026-04-30T22:30:00.000Z,2026-04-30 22:30:00.000,30m,4631.231,4630.44,4632.122,4627.042,2385,280,2026-04-30T22:59:59.999Z,2026-04-30 22:59:59.999,complete
XAUUSDc,2026-04-30T23:00:00.000Z,2026-04-30 23:00:00.000,30m,4630.506,4630.864,4632.096,4628.036,1917,280,2026-04-30T23:29:59.999Z,2026-04-30 23:29:59.999,complete
XAUUSDc,2026-04-30T23:30:00.000Z,2026-04-30 23:30:00.000,30m,4630.817,4626.348,4634.027,4626.332,2337,280,2026-04-30T23:59:59.999Z,2026-04-30 23:59:59.999,complete
XAUUSDc,2026-05-01T00:00:00.000Z,2026-05-01 00:00:00.000,30m,4626.433,4623.601,4630.956,4620.561,5468,280,2026-05-01T00:29:59.999Z,2026-05-01 00:29:59.999,complete
XAUUSDc,2026-05-01T00:30:00.000Z,2026-05-01 00:30:00.000,30m,4623.869,4619.755,4625.002,4618.519,4212,280,2026-05-01T00:59:59.999Z,2026-05-01 00:59:59.999,complete
XAUUSDc,2026-05-01T01:00:00.000Z,2026-05-01 01:00:00.000,30m,4619.837,4616.069,4620.927,4613.734,4158,280,2026-05-01T01:29:59.999Z,2026-05-01 01:29:59.999,complete
XAUUSDc,2026-05-01T01:30:00.000Z,2026-05-01 01:30:00.000,30m,4616.004,4620.996,4622.039,4615.901,3397,280,2026-05-01T01:59:59.999Z,2026-05-01 01:59:59.999,complete
XAUUSDc,2026-05-01T02:00:00.000Z,2026-05-01 02:00:00.000,30m,4620.912,4629.257,4636.098,4619.835,3949,280,2026-05-01T02:29:59.999Z,2026-05-01 02:29:59.999,complete
XAUUSDc,2026-05-01T02:30:00.000Z,2026-05-01 02:30:00.000,30m,4629.554,4619.171,4630.997,4616.448,3970,280,2026-05-01T02:59:59.999Z,2026-05-01 02:59:59.999,complete
XAUUSDc,2026-05-01T03:00:00.000Z,2026-05-01 03:00:00.000,30m,4619.114,4626.138,4626.853,4617.547,2924,280,2026-05-01T03:29:59.999Z,2026-05-01 03:29:59.999,complete
XAUUSDc,2026-05-01T03:30:00.000Z,2026-05-01 03:30:00.000,30m,4626.491,4626.779,4631.925,4625.261,3616,280,2026-05-01T03:59:59.999Z,2026-05-01 03:59:59.999,complete
XAUUSDc,2026-05-01T04:00:00.000Z,2026-05-01 04:00:00.000,30m,4626.846,4617.754,4628.892,4617.109,3681,280,2026-05-01T04:29:59.999Z,2026-05-01 04:29:59.999,complete
XAUUSDc,2026-05-01T04:30:00.000Z,2026-05-01 04:30:00.000,30m,4617.759,4609.245,4618.287,4609.013,3579,280,2026-05-01T04:59:59.999Z,2026-05-01 04:59:59.999,complete
XAUUSDc,2026-05-01T05:00:00.000Z,2026-05-01 05:00:00.000,30m,4609.302,4614.517,4616.079,4607.296,3036,280,2026-05-01T05:29:59.999Z,2026-05-01 05:29:59.999,complete
XAUUSDc,2026-05-01T05:30:00.000Z,2026-05-01 05:30:00.000,30m,4614.458,4605.024,4615.416,4602.803,3837,280,2026-05-01T05:59:59.999Z,2026-05-01 05:59:59.999,complete
XAUUSDc,2026-05-01T06:00:00.000Z,2026-05-01 06:00:00.000,30m,4605.027,4593.573,4607.913,4593.098,4839,280,2026-05-01T06:29:59.999Z,2026-05-01 06:29:59.999,complete
XAUUSDc,2026-05-01T06:30:00.000Z,2026-05-01 06:30:00.000,30m,4593.606,4594.615,4597.601,4590.681,4705,280,2026-05-01T06:59:59.999Z,2026-05-01 06:59:59.999,complete
XAUUSDc,2026-05-01T07:00:00.000Z,2026-05-01 07:00:00.000,30m,4594.548,4592.161,4597.846,4585.117,5085,280,2026-05-01T07:29:59.999Z,2026-05-01 07:29:59.999,complete
XAUUSDc,2026-05-01T07:30:00.000Z,2026-05-01 07:30:00.000,30m,4592.269,4578.304,4592.352,4575.944,4609,280,2026-05-01T07:59:59.999Z,2026-05-01 07:59:59.999,complete
XAUUSDc,2026-05-01T08:00:00.000Z,2026-05-01 08:00:00.000,30m,4578.359,4567.403,4582.668,4566.364,4981,280,2026-05-01T08:29:59.999Z,2026-05-01 08:29:59.999,complete
XAUUSDc,2026-05-01T08:30:00.000Z,2026-05-01 08:30:00.000,30m,4567.37,4568.949,4572.754,4564.928,4148,280,2026-05-01T08:59:59.999Z,2026-05-01 08:59:59.999,complete
XAUUSDc,2026-05-01T09:00:00.000Z,2026-05-01 09:00:00.000,30m,4569.007,4569.356,4571.302,4564.035,3897,280,2026-05-01T09:29:59.999Z,2026-05-01 09:29:59.999,complete
XAUUSDc,2026-05-01T09:30:00.000Z,2026-05-01 09:30:00.000,30m,4569.298,4562.51,4572.857,4559.766,3915,280,2026-05-01T09:59:59.999Z,2026-05-01 09:59:59.999,complete
XAUUSDc,2026-05-01T10:00:00.000Z,2026-05-01 10:00:00.000,30m,4562.517,4571.955,4572.559,4561.319,2900,280,2026-05-01T10:29:59.999Z,2026-05-01 10:29:59.999,complete
XAUUSDc,2026-05-01T10:30:00.000Z,2026-05-01 10:30:00.000,30m,4571.953,4566.721,4576.018,4565.971,3156,280,2026-05-01T10:59:59.999Z,2026-05-01 10:59:59.999,complete
XAUUSDc,2026-05-01T11:00:00.000Z,2026-05-01 11:00:00.000,30m,4566.779,4571.931,4576.414,4562.472,4070,280,2026-05-01T11:29:59.999Z,2026-05-01 11:29:59.999,complete
XAUUSDc,2026-05-01T11:30:00.000Z,2026-05-01 11:30:00.000,30m,4571.574,4578.796,4579.605,4570.238,3754,280,2026-05-01T11:59:59.999Z,2026-05-01 11:59:59.999,complete
XAUUSDc,2026-05-01T12:00:00.000Z,2026-05-01 12:00:00.000,30m,4578.718,4602.99,4607.859,4574.714,9022,280,2026-05-01T12:29:59.999Z,2026-05-01 12:29:59.999,complete
XAUUSDc,2026-05-01T12:30:00.000Z,2026-05-01 12:30:00.000,30m,4603.054,4591.215,4603.348,4588.966,6513,280,2026-05-01T12:59:59.999Z,2026-05-01 12:59:59.999,complete
XAUUSDc,2026-05-01T13:00:00.000Z,2026-05-01 13:00:00.000,30m,4590.915,4588.994,4597.164,4586.502,5553,280,2026-05-01T13:29:59.999Z,2026-05-01 13:29:59.999,complete
XAUUSDc,2026-05-01T13:30:00.000Z,2026-05-01 13:30:00.000,30m,4589.049,4625.38,4628.963,4586.342,13847,280,2026-05-01T13:59:59.999Z,2026-05-01 13:59:59.999,complete
XAUUSDc,2026-05-01T14:00:00.000Z,2026-05-01 14:00:00.000,30m,4625.033,4644.683,4660.285,4625.033,16459,280,2026-05-01T14:29:59.999Z,2026-05-01 14:29:59.999,complete
XAUUSDc,2026-05-01T14:30:00.000Z,2026-05-01 14:30:00.000,30m,4644.755,4632.151,4646.353,4627.222,12747,280,2026-05-01T14:59:59.999Z,2026-05-01 14:59:59.999,complete
XAUUSDc,2026-05-01T15:00:00.000Z,2026-05-01 15:00:00.000,30m,4631.924,4636.298,4640.523,4618.904,10048,280,2026-05-01T15:29:59.999Z,2026-05-01 15:29:59.999,complete
XAUUSDc,2026-05-01T15:30:00.000Z,2026-05-01 15:30:00.000,30m,4636.354,4643.278,4648.166,4632.748,9101,280,2026-05-01T15:59:59.999Z,2026-05-01 15:59:59.999,complete
XAUUSDc,2026-05-01T16:00:00.000Z,2026-05-01 16:00:00.000,30m,4642.971,4637.997,4650.16,4637.634,8444,280,2026-05-01T16:29:59.999Z,2026-05-01 16:29:59.999,complete
XAUUSDc,2026-05-01T16:30:00.000Z,2026-05-01 16:30:00.000,30m,4638.059,4639.048,4642.987,4633.913,6281,280,2026-05-01T16:59:59.999Z,2026-05-01 16:59:59.999,complete
XAUUSDc,2026-05-01T17:00:00.000Z,2026-05-01 17:00:00.000,30m,4638.985,4631.918,4642.812,4630.839,5052,280,2026-05-01T17:29:59.999Z,2026-05-01 17:29:59.999,complete
XAUUSDc,2026-05-01T17:30:00.000Z,2026-05-01 17:30:00.000,30m,4631.859,4629.639,4635.012,4626.622,4884,280,2026-05-01T17:59:59.999Z,2026-05-01 17:59:59.999,complete
XAUUSDc,2026-05-01T18:00:00.000Z,2026-05-01 18:00:00.000,30m,4629.706,4623.351,4630.705,4613.746,5140,280,2026-05-01T18:29:59.999Z,2026-05-01 18:29:59.999,complete
XAUUSDc,2026-05-01T18:30:00.000Z,2026-05-01 18:30:00.000,30m,4623.042,4624.102,4626.052,4616.202,4646,280,2026-05-01T18:59:59.999Z,2026-05-01 18:59:59.999,complete
XAUUSDc,2026-05-01T19:00:00.000Z,2026-05-01 19:00:00.000,30m,4624.183,4624.178,4627.788,4620.529,3273,280,2026-05-01T19:29:59.999Z,2026-05-01 19:29:59.999,complete
XAUUSDc,2026-05-01T19:30:00.000Z,2026-05-01 19:30:00.000,30m,4624.453,4610.621,4624.652,4608.82,5102,280,2026-05-01T19:59:59.999Z,2026-05-01 19:59:59.999,complete
XAUUSDc,2026-05-01T20:00:00.000Z,2026-05-01 20:00:00.000,30m,4610.509,4613.403,4616.08,4606.892,3255,280,2026-05-01T20:29:59.999Z,2026-05-01 20:29:59.999,complete
XAUUSDc,2026-05-01T20:30:00.000Z,2026-05-01 20:30:00.000,30m,4613.461,4613.309,4617.123,4610.103,2706,280,2026-05-01T20:59:59.999Z,2026-05-01 20:59:59.999,complete
XAUUSDc,2026-05-03T22:00:00.000Z,2026-05-03 22:00:00.000,30m,4626.129,4620.605,4627.204,4612.448,3311,280,2026-05-03T22:29:59.999Z,2026-05-03 22:29:59.999,complete
XAUUSDc,2026-05-03T22:30:00.000Z,2026-05-03 22:30:00.000,30m,4620.736,4618.983,4629.42,4618.158,2642,280,2026-05-03T22:59:59.999Z,2026-05-03 22:59:59.999,complete
XAUUSDc,2026-05-03T23:00:00.000Z,2026-05-03 23:00:00.000,30m,4618.97,4616.905,4620.839,4611.113,3000,280,2026-05-03T23:29:59.999Z,2026-05-03 23:29:59.999,complete
XAUUSDc,2026-05-03T23:30:00.000Z,2026-05-03 23:30:00.000,30m,4617.199,4613.712,4618.484,4611.413,2909,280,2026-05-03T23:59:59.999Z,2026-05-03 23:59:59.999,complete
XAUUSDc,2026-05-04T00:00:00.000Z,2026-05-04 00:00:00.000,30m,4613.951,4605.775,4616.574,4601.764,7621,280,2026-05-04T00:29:59.999Z,2026-05-04 00:29:59.999,complete
XAUUSDc,2026-05-04T00:30:00.000Z,2026-05-04 00:30:00.000,30m,4605.837,4613.164,4613.589,4604.747,4522,280,2026-05-04T00:59:59.999Z,2026-05-04 00:59:59.999,complete
XAUUSDc,2026-05-04T01:00:00.000Z,2026-05-04 01:00:00.000,30m,4613.109,4594.724,4614.133,4594.177,6938,280,2026-05-04T01:29:59.999Z,2026-05-04 01:29:59.999,complete
XAUUSDc,2026-05-04T01:30:00.000Z,2026-05-04 01:30:00.000,30m,4594.66,4612.896,4613.726,4592.48,4175,280,2026-05-04T01:59:59.999Z,2026-05-04 01:59:59.999,complete
XAUUSDc,2026-05-04T02:00:00.000Z,2026-05-04 02:00:00.000,30m,4612.839,4593.225,4618.624,4591.383,6027,280,2026-05-04T02:29:59.999Z,2026-05-04 02:29:59.999,complete
XAUUSDc,2026-05-04T02:30:00.000Z,2026-05-04 02:30:00.000,30m,4593.158,4605.992,4610.997,4591.029,4766,280,2026-05-04T02:59:59.999Z,2026-05-04 02:59:59.999,complete
XAUUSDc,2026-05-04T03:00:00.000Z,2026-05-04 03:00:00.000,30m,4605.935,4609.528,4611.816,4604.205,3921,280,2026-05-04T03:29:59.999Z,2026-05-04 03:29:59.999,complete
XAUUSDc,2026-05-04T03:30:00.000Z,2026-05-04 03:30:00.000,30m,4609.453,4614.89,4617.236,4598.422,6887,280,2026-05-04T03:59:59.999Z,2026-05-04 03:59:59.999,complete
XAUUSDc,2026-05-04T04:00:00.000Z,2026-05-04 04:00:00.000,30m,4614.949,4608.126,4615.514,4607.05,4242,280,2026-05-04T04:29:59.999Z,2026-05-04 04:29:59.999,complete
XAUUSDc,2026-05-04T04:30:00.000Z,2026-05-04 04:30:00.000,30m,4608.192,4606.094,4612.961,4605.204,3328,280,2026-05-04T04:59:59.999Z,2026-05-04 04:59:59.999,complete
XAUUSDc,2026-05-04T05:00:00.000Z,2026-05-04 05:00:00.000,30m,4606.179,4596.565,4613.129,4595.563,6624,280,2026-05-04T05:29:59.999Z,2026-05-04 05:29:59.999,complete
XAUUSDc,2026-05-04T05:30:00.000Z,2026-05-04 05:30:00.000,30m,4596.637,4598.916,4601.904,4592.294,6009,280,2026-05-04T05:59:59.999Z,2026-05-04 05:59:59.999,complete
XAUUSDc,2026-05-04T06:00:00.000Z,2026-05-04 06:00:00.000,30m,4599.149,4593.638,4600.664,4587.614,6733,280,2026-05-04T06:29:59.999Z,2026-05-04 06:29:59.999,complete
XAUUSDc,2026-05-04T06:30:00.000Z,2026-05-04 06:30:00.000,30m,4593.687,4588.779,4595.641,4583.448,5830,280,2026-05-04T06:59:59.999Z,2026-05-04 06:59:59.999,complete
XAUUSDc,2026-05-04T07:00:00.000Z,2026-05-04 07:00:00.000,30m,4588.621,4586.056,4593.357,4583.139,5345,280,2026-05-04T07:29:59.999Z,2026-05-04 07:29:59.999,complete
XAUUSDc,2026-05-04T07:30:00.000Z,2026-05-04 07:30:00.000,30m,4586.111,4579.077,4590.665,4577.85,4861,280,2026-05-04T07:59:59.999Z,2026-05-04 07:59:59.999,complete
XAUUSDc,2026-05-04T08:00:00.000Z,2026-05-04 08:00:00.000,30m,4579.095,4575.137,4581.104,4574.017,5916,280,2026-05-04T08:29:59.999Z,2026-05-04 08:29:59.999,complete
XAUUSDc,2026-05-04T08:30:00.000Z,2026-05-04 08:30:00.000,30m,4575.128,4577.125,4581.508,4573.638,4135,280,2026-05-04T08:59:59.999Z,2026-05-04 08:59:59.999,complete
XAUUSDc,2026-05-04T09:00:00.000Z,2026-05-04 09:00:00.000,30m,4577.057,4581.15,4584.388,4576.084,3695,280,2026-05-04T09:29:59.999Z,2026-05-04 09:29:59.999,complete
XAUUSDc,2026-05-04T09:30:00.000Z,2026-05-04 09:30:00.000,30m,4581.269,4575.545,4584.522,4572.048,3265,280,2026-05-04T09:59:59.999Z,2026-05-04 09:59:59.999,complete
XAUUSDc,2026-05-04T10:00:00.000Z,2026-05-04 10:00:00.000,30m,4575.496,4544.784,4575.93,4525.694,21107,280,2026-05-04T10:29:59.999Z,2026-05-04 10:29:59.999,complete
XAUUSDc,2026-05-04T10:30:00.000Z,2026-05-04 10:30:00.000,30m,4544.843,4562.432,4566.787,4542.887,11078,280,2026-05-04T10:59:59.999Z,2026-05-04 10:59:59.999,complete
XAUUSDc,2026-05-04T11:00:00.000Z,2026-05-04 11:00:00.000,30m,4562.431,4562.304,4570.907,4561.227,9651,280,2026-05-04T11:29:59.999Z,2026-05-04 11:29:59.999,complete
XAUUSDc,2026-05-04T11:30:00.000Z,2026-05-04 11:30:00.000,30m,4562.248,4560.242,4563.29,4551.406,9710,280,2026-05-04T11:59:59.999Z,2026-05-04 11:59:59.999,complete
XAUUSDc,2026-05-04T12:00:00.000Z,2026-05-04 12:00:00.000,30m,4560.319,4568.683,4579.409,4559.084,10286,280,2026-05-04T12:29:59.999Z,2026-05-04 12:29:59.999,complete
XAUUSDc,2026-05-04T12:30:00.000Z,2026-05-04 12:30:00.000,30m,4568.426,4568.425,4575.792,4560.957,7996,280,2026-05-04T12:59:59.999Z,2026-05-04 12:59:59.999,complete
XAUUSDc,2026-05-04T13:00:00.000Z,2026-05-04 13:00:00.000,30m,4568.192,4560.826,4575.722,4557.096,13352,280,2026-05-04T13:29:59.999Z,2026-05-04 13:29:59.999,complete
XAUUSDc,2026-05-04T13:30:00.000Z,2026-05-04 13:30:00.000,30m,4560.884,4564.185,4570.865,4555.637,16508,280,2026-05-04T13:59:59.999Z,2026-05-04 13:59:59.999,complete
XAUUSDc,2026-05-04T14:00:00.000Z,2026-05-04 14:00:00.000,30m,4564.109,4571.359,4582.301,4553.521,15095,280,2026-05-04T14:29:59.999Z,2026-05-04 14:29:59.999,complete
XAUUSDc,2026-05-04T14:30:00.000Z,2026-05-04 14:30:00.000,30m,4571.297,4561.545,4583.376,4559.529,12614,280,2026-05-04T14:59:59.999Z,2026-05-04 14:59:59.999,complete
XAUUSDc,2026-05-04T15:00:00.000Z,2026-05-04 15:00:00.000,30m,4561.602,4537.568,4566.199,4514.05,25440,280,2026-05-04T15:29:59.999Z,2026-05-04 15:29:59.999,complete
XAUUSDc,2026-05-04T15:30:00.000Z,2026-05-04 15:30:00.000,30m,4537.649,4521.435,4542.906,4512.042,22765,280,2026-05-04T15:59:59.999Z,2026-05-04 15:59:59.999,complete
XAUUSDc,2026-05-04T16:00:00.000Z,2026-05-04 16:00:00.000,30m,4521.374,4514.778,4527.023,4500.581,21353,280,2026-05-04T16:29:59.999Z,2026-05-04 16:29:59.999,complete
XAUUSDc,2026-05-04T16:30:00.000Z,2026-05-04 16:30:00.000,30m,4514.674,4510.622,4519.038,4507.271,10532,280,2026-05-04T16:59:59.999Z,2026-05-04 16:59:59.999,complete
XAUUSDc,2026-05-04T17:00:00.000Z,2026-05-04 17:00:00.000,30m,4510.56,4524.196,4531.719,4510.56,10347,280,2026-05-04T17:29:59.999Z,2026-05-04 17:29:59.999,complete
XAUUSDc,2026-05-04T17:30:00.000Z,2026-05-04 17:30:00.000,30m,4524.325,4522.225,4527.702,4521.504,5473,280,2026-05-04T17:59:59.999Z,2026-05-04 17:59:59.999,complete
XAUUSDc,2026-05-04T18:00:00.000Z,2026-05-04 18:00:00.000,30m,4522.281,4512.048,4525.402,4509.664,5172,280,2026-05-04T18:29:59.999Z,2026-05-04 18:29:59.999,complete
XAUUSDc,2026-05-04T18:30:00.000Z,2026-05-04 18:30:00.000,30m,4512.012,4516.114,4516.463,4510.497,4705,280,2026-05-04T18:59:59.999Z,2026-05-04 18:59:59.999,complete
XAUUSDc,2026-05-04T19:00:00.000Z,2026-05-04 19:00:00.000,30m,4516.046,4522.314,4525.778,4511.101,6743,280,2026-05-04T19:29:59.999Z,2026-05-04 19:29:59.999,complete
XAUUSDc,2026-05-04T19:30:00.000Z,2026-05-04 19:30:00.000,30m,4522.153,4517.821,4527.207,4515.087,5033,280,2026-05-04T19:59:59.999Z,2026-05-04 19:59:59.999,complete
XAUUSDc,2026-05-04T20:00:00.000Z,2026-05-04 20:00:00.000,30m,4517.683,4515.258,4518.211,4511.578,2592,280,2026-05-04T20:29:59.999Z,2026-05-04 20:29:59.999,complete
XAUUSDc,2026-05-04T20:30:00.000Z,2026-05-04 20:30:00.000,30m,4515.005,4523.449,4523.449,4514.648,2116,280,2026-05-04T20:59:59.999Z,2026-05-04 20:59:59.999,complete
XAUUSDc,2026-05-04T22:00:00.000Z,2026-05-04 22:00:00.000,30m,4522.483,4520.063,4524.251,4517.91,1614,360,2026-05-04T22:29:59.999Z,2026-05-04 22:29:59.999,complete
XAUUSDc,2026-05-04T22:30:00.000Z,2026-05-04 22:30:00.000,30m,4519.712,4517.338,4522.158,4515.446,1705,280,2026-05-04T22:59:59.999Z,2026-05-04 22:59:59.999,complete
XAUUSDc,2026-05-04T23:00:00.000Z,2026-05-04 23:00:00.000,30m,4517.26,4520.904,4521.625,4516.259,1714,280,2026-05-04T23:29:59.999Z,2026-05-04 23:29:59.999,complete
XAUUSDc,2026-05-04T23:30:00.000Z,2026-05-04 23:30:00.000,30m,4520.836,4518.864,4521.21,4517.032,1785,280,2026-05-04T23:59:59.999Z,2026-05-04 23:59:59.999,complete
XAUUSDc,2026-05-05T00:00:00.000Z,2026-05-05 00:00:00.000,30m,4519.109,4516.856,4528.58,4513.429,5554,280,2026-05-05T00:29:59.999Z,2026-05-05 00:29:59.999,complete
XAUUSDc,2026-05-05T00:30:00.000Z,2026-05-05 00:30:00.000,30m,4516.953,4529.919,4530.203,4515.89,3888,280,2026-05-05T00:59:59.999Z,2026-05-05 00:59:59.999,complete
XAUUSDc,2026-05-05T01:00:00.000Z,2026-05-05 01:00:00.000,30m,4529.829,4537.613,4540.051,4525.236,4744,280,2026-05-05T01:29:59.999Z,2026-05-05 01:29:59.999,complete
XAUUSDc,2026-05-05T01:30:00.000Z,2026-05-05 01:30:00.000,30m,4537.612,4540.746,4542.097,4534.026,4966,280,2026-05-05T01:59:59.999Z,2026-05-05 01:59:59.999,complete
XAUUSDc,2026-05-05T02:00:00.000Z,2026-05-05 02:00:00.000,30m,4540.838,4541.317,4542.573,4534.568,3293,280,2026-05-05T02:29:59.999Z,2026-05-05 02:29:59.999,complete
XAUUSDc,2026-05-05T02:30:00.000Z,2026-05-05 02:30:00.000,30m,4541.374,4539.125,4546.847,4538.836,3599,280,2026-05-05T02:59:59.999Z,2026-05-05 02:59:59.999,complete
XAUUSDc,2026-05-05T03:00:00.000Z,2026-05-05 03:00:00.000,30m,4538.93,4537.759,4542.731,4537.141,2631,280,2026-05-05T03:29:59.999Z,2026-05-05 03:29:59.999,complete
XAUUSDc,2026-05-05T03:30:00.000Z,2026-05-05 03:30:00.000,30m,4538.057,4534.635,4539.073,4532.278,2801,280,2026-05-05T03:59:59.999Z,2026-05-05 03:59:59.999,complete
XAUUSDc,2026-05-05T04:00:00.000Z,2026-05-05 04:00:00.000,30m,4534.598,4529.645,4535.737,4529.409,2702,280,2026-05-05T04:29:59.999Z,2026-05-05 04:29:59.999,complete
XAUUSDc,2026-05-05T04:30:00.000Z,2026-05-05 04:30:00.000,30m,4529.709,4533.547,4536.731,4527.964,3106,280,2026-05-05T04:59:59.999Z,2026-05-05 04:59:59.999,complete
XAUUSDc,2026-05-05T05:00:00.000Z,2026-05-05 05:00:00.000,30m,4533.485,4539.782,4545.487,4531.222,4180,280,2026-05-05T05:29:59.999Z,2026-05-05 05:29:59.999,complete
XAUUSDc,2026-05-05T05:30:00.000Z,2026-05-05 05:30:00.000,30m,4539.84,4545.523,4551.909,4539.661,5280,280,2026-05-05T05:59:59.999Z,2026-05-05 05:59:59.999,complete
XAUUSDc,2026-05-05T06:00:00.000Z,2026-05-05 06:00:00.000,30m,4545.59,4536.731,4552.211,4533.856,5594,280,2026-05-05T06:29:59.999Z,2026-05-05 06:29:59.999,complete
XAUUSDc,2026-05-05T06:30:00.000Z,2026-05-05 06:30:00.000,30m,4536.956,4548.177,4551.05,4536.233,4470,280,2026-05-05T06:59:59.999Z,2026-05-05 06:59:59.999,complete
XAUUSDc,2026-05-05T07:00:00.000Z,2026-05-05 07:00:00.000,30m,4548.235,4548.978,4555.642,4547.468,4242,280,2026-05-05T07:29:59.999Z,2026-05-05 07:29:59.999,complete
XAUUSDc,2026-05-05T07:30:00.000Z,2026-05-05 07:30:00.000,30m,4549.034,4545.594,4558.421,4543.274,4922,280,2026-05-05T07:59:59.999Z,2026-05-05 07:59:59.999,complete
XAUUSDc,2026-05-05T08:00:00.000Z,2026-05-05 08:00:00.000,30m,4545.543,4551.378,4554.64,4545.294,4647,280,2026-05-05T08:29:59.999Z,2026-05-05 08:29:59.999,complete
XAUUSDc,2026-05-05T08:30:00.000Z,2026-05-05 08:30:00.000,30m,4551.315,4558.275,4559.739,4547.93,4578,280,2026-05-05T08:59:59.999Z,2026-05-05 08:59:59.999,complete
XAUUSDc,2026-05-05T09:00:00.000Z,2026-05-05 09:00:00.000,30m,4558.342,4552.464,4560.627,4552.311,4556,280,2026-05-05T09:29:59.999Z,2026-05-05 09:29:59.999,complete
XAUUSDc,2026-05-05T09:30:00.000Z,2026-05-05 09:30:00.000,30m,4552.372,4556.065,4558.354,4550.994,3941,280,2026-05-05T09:59:59.999Z,2026-05-05 09:59:59.999,complete
XAUUSDc,2026-05-05T10:00:00.000Z,2026-05-05 10:00:00.000,30m,4556.123,4547.988,4556.927,4546.673,3364,280,2026-05-05T10:29:59.999Z,2026-05-05 10:29:59.999,complete
XAUUSDc,2026-05-05T10:30:00.000Z,2026-05-05 10:30:00.000,30m,4548.049,4543.588,4554.119,4540.044,4092,280,2026-05-05T10:59:59.999Z,2026-05-05 10:59:59.999,complete
XAUUSDc,2026-05-05T11:00:00.000Z,2026-05-05 11:00:00.000,30m,4543.518,4555.901,4557.692,4539.679,4886,280,2026-05-05T11:29:59.999Z,2026-05-05 11:29:59.999,complete
XAUUSDc,2026-05-05T11:30:00.000Z,2026-05-05 11:30:00.000,30m,4555.913,4562.781,4564.951,4554.9,4326,280,2026-05-05T11:59:59.999Z,2026-05-05 11:59:59.999,complete
XAUUSDc,2026-05-05T12:00:00.000Z,2026-05-05 12:00:00.000,30m,4562.515,4573.661,4574.38,4554.254,7726,280,2026-05-05T12:29:59.999Z,2026-05-05 12:29:59.999,complete
XAUUSDc,2026-05-05T12:30:00.000Z,2026-05-05 12:30:00.000,30m,4573.589,4564.367,4574.742,4561.64,4518,280,2026-05-05T12:59:59.999Z,2026-05-05 12:59:59.999,complete
XAUUSDc,2026-05-05T13:00:00.000Z,2026-05-05 13:00:00.000,30m,4564.512,4576.933,4584.943,4564.384,7440,280,2026-05-05T13:29:59.999Z,2026-05-05 13:29:59.999,complete
XAUUSDc,2026-05-05T13:30:00.000Z,2026-05-05 13:30:00.000,30m,4576.99,4579.524,4583.055,4571.603,7542,280,2026-05-05T13:59:59.999Z,2026-05-05 13:59:59.999,complete
XAUUSDc,2026-05-05T14:00:00.000Z,2026-05-05 14:00:00.000,30m,4579.619,4583.931,4586.674,4565.767,10365,280,2026-05-05T14:29:59.999Z,2026-05-05 14:29:59.999,complete
XAUUSDc,2026-05-05T14:30:00.000Z,2026-05-05 14:30:00.000,30m,4584.225,4582.437,4585.81,4575.381,6795,280,2026-05-05T14:59:59.999Z,2026-05-05 14:59:59.999,complete
XAUUSDc,2026-05-05T15:00:00.000Z,2026-05-05 15:00:00.000,30m,4582.574,4579.104,4583.947,4575.48,5157,280,2026-05-05T15:29:59.999Z,2026-05-05 15:29:59.999,complete
XAUUSDc,2026-05-05T15:30:00.000Z,2026-05-05 15:30:00.000,30m,4579.319,4568.654,4581.191,4568.264,5279,280,2026-05-05T15:59:59.999Z,2026-05-05 15:59:59.999,complete
XAUUSDc,2026-05-05T16:00:00.000Z,2026-05-05 16:00:00.000,30m,4568.599,4559.502,4569.101,4555.973,4666,280,2026-05-05T16:29:59.999Z,2026-05-05 16:29:59.999,complete
XAUUSDc,2026-05-05T16:30:00.000Z,2026-05-05 16:30:00.000,30m,4559.858,4560.99,4562.866,4553.611,4749,280,2026-05-05T16:59:59.999Z,2026-05-05 16:59:59.999,complete
XAUUSDc,2026-05-05T17:00:00.000Z,2026-05-05 17:00:00.000,30m,4561.005,4558.711,4562.66,4553.118,4333,280,2026-05-05T17:29:59.999Z,2026-05-05 17:29:59.999,complete
XAUUSDc,2026-05-05T17:30:00.000Z,2026-05-05 17:30:00.000,30m,4558.513,4559.659,4562.83,4556.046,3352,280,2026-05-05T17:59:59.999Z,2026-05-05 17:59:59.999,complete
XAUUSDc,2026-05-05T18:00:00.000Z,2026-05-05 18:00:00.000,30m,4559.716,4562.093,4565.529,4558.527,2581,280,2026-05-05T18:29:59.999Z,2026-05-05 18:29:59.999,complete
XAUUSDc,2026-05-05T18:30:00.000Z,2026-05-05 18:30:00.000,30m,4562.007,4561.172,4565.77,4557.397,2765,280,2026-05-05T18:59:59.999Z,2026-05-05 18:59:59.999,complete
XAUUSDc,2026-05-05T19:00:00.000Z,2026-05-05 19:00:00.000,30m,4560.933,4556.036,4561.562,4554.991,2608,280,2026-05-05T19:29:59.999Z,2026-05-05 19:29:59.999,complete
XAUUSDc,2026-05-05T19:30:00.000Z,2026-05-05 19:30:00.000,30m,4556.327,4554.765,4558.823,4551.605,2913,280,2026-05-05T19:59:59.999Z,2026-05-05 19:59:59.999,complete
XAUUSDc,2026-05-05T20:00:00.000Z,2026-05-05 20:00:00.000,30m,4554.727,4559.012,4559.771,4553.857,2098,280,2026-05-05T20:29:59.999Z,2026-05-05 20:29:59.999,complete
XAUUSDc,2026-05-05T20:30:00.000Z,2026-05-05 20:30:00.000,30m,4559.067,4556.337,4559.903,4554.657,1626,280,2026-05-05T20:59:59.999Z,2026-05-05 20:59:59.999,complete
XAUUSDc,2026-05-05T22:00:00.000Z,2026-05-05 22:00:00.000,30m,4554.889,4546.874,4555.071,4546.417,2270,280,2026-05-05T22:29:59.999Z,2026-05-05 22:29:59.999,complete
XAUUSDc,2026-05-05T22:30:00.000Z,2026-05-05 22:30:00.000,30m,4546.806,4573.137,4577.132,4546.187,4448,280,2026-05-05T22:59:59.999Z,2026-05-05 22:59:59.999,complete
XAUUSDc,2026-05-05T23:00:00.000Z,2026-05-05 23:00:00.000,30m,4573.193,4582.286,4590.575,4569.46,5479,280,2026-05-05T23:29:59.999Z,2026-05-05 23:29:59.999,complete
XAUUSDc,2026-05-05T23:30:00.000Z,2026-05-05 23:30:00.000,30m,4582.246,4593.808,4595.817,4579.594,3700,280,2026-05-05T23:59:59.999Z,2026-05-05 23:59:59.999,complete
XAUUSDc,2026-05-06T00:00:00.000Z,2026-05-06 00:00:00.000,30m,4593.736,4602.132,4604.267,4588.304,7298,280,2026-05-06T00:29:59.999Z,2026-05-06 00:29:59.999,complete
XAUUSDc,2026-05-06T00:30:00.000Z,2026-05-06 00:30:00.000,30m,4602.163,4618.643,4620.061,4601.887,5571,280,2026-05-06T00:59:59.999Z,2026-05-06 00:59:59.999,complete
XAUUSDc,2026-05-06T01:00:00.000Z,2026-05-06 01:00:00.000,30m,4618.581,4625.06,4625.69,4609.322,8859,280,2026-05-06T01:29:59.999Z,2026-05-06 01:29:59.999,complete
XAUUSDc,2026-05-06T01:30:00.000Z,2026-05-06 01:30:00.000,30m,4624.986,4625.934,4628.636,4620.251,6404,280,2026-05-06T01:59:59.999Z,2026-05-06 01:59:59.999,complete
XAUUSDc,2026-05-06T02:00:00.000Z,2026-05-06 02:00:00.000,30m,4625.878,4630.18,4636.386,4625.182,4558,280,2026-05-06T02:29:59.999Z,2026-05-06 02:29:59.999,complete
XAUUSDc,2026-05-06T02:30:00.000Z,2026-05-06 02:30:00.000,30m,4629.957,4640.756,4641.874,4626.795,4827,280,2026-05-06T02:59:59.999Z,2026-05-06 02:59:59.999,complete
XAUUSDc,2026-05-06T03:00:00.000Z,2026-05-06 03:00:00.000,30m,4640.402,4645.618,4651.1,4638.379,4870,280,2026-05-06T03:29:59.999Z,2026-05-06 03:29:59.999,complete
XAUUSDc,2026-05-06T03:30:00.000Z,2026-05-06 03:30:00.000,30m,4645.765,4643.913,4652.172,4642.572,3979,280,2026-05-06T03:59:59.999Z,2026-05-06 03:59:59.999,complete
XAUUSDc,2026-05-06T04:00:00.000Z,2026-05-06 04:00:00.000,30m,4643.84,4652.408,4653.668,4643.387,3572,280,2026-05-06T04:29:59.999Z,2026-05-06 04:29:59.999,complete
XAUUSDc,2026-05-06T04:30:00.000Z,2026-05-06 04:30:00.000,30m,4652.557,4648.789,4652.817,4646.099,4609,280,2026-05-06T04:59:59.999Z,2026-05-06 04:59:59.999,complete
XAUUSDc,2026-05-06T05:00:00.000Z,2026-05-06 05:00:00.000,30m,4649.146,4650.341,4656.413,4648.71,3815,280,2026-05-06T05:29:59.999Z,2026-05-06 05:29:59.999,complete
XAUUSDc,2026-05-06T05:30:00.000Z,2026-05-06 05:30:00.000,30m,4650.415,4662.717,4663.847,4644.434,5459,280,2026-05-06T05:59:59.999Z,2026-05-06 05:59:59.999,complete
XAUUSDc,2026-05-06T06:00:00.000Z,2026-05-06 06:00:00.000,30m,4662.781,4665.975,4666.759,4657.008,5500,280,2026-05-06T06:29:59.999Z,2026-05-06 06:29:59.999,complete
XAUUSDc,2026-05-06T06:30:00.000Z,2026-05-06 06:30:00.000,30m,4665.918,4669.066,4669.651,4659.953,4414,280,2026-05-06T06:59:59.999Z,2026-05-06 06:59:59.999,complete
XAUUSDc,2026-05-06T07:00:00.000Z,2026-05-06 07:00:00.000,30m,4669.123,4667.333,4670.367,4657.488,4666,280,2026-05-06T07:29:59.999Z,2026-05-06 07:29:59.999,complete
XAUUSDc,2026-05-06T07:30:00.000Z,2026-05-06 07:30:00.000,30m,4667.367,4681.676,4681.818,4663.097,5274,280,2026-05-06T07:59:59.999Z,2026-05-06 07:59:59.999,complete
XAUUSDc,2026-05-06T08:00:00.000Z,2026-05-06 08:00:00.000,30m,4681.595,4677.006,4682.468,4675.407,4621,280,2026-05-06T08:29:59.999Z,2026-05-06 08:29:59.999,complete
XAUUSDc,2026-05-06T08:30:00.000Z,2026-05-06 08:30:00.000,30m,4677.153,4699.791,4702.706,4671.478,10580,280,2026-05-06T08:59:59.999Z,2026-05-06 08:59:59.999,complete
XAUUSDc,2026-05-06T09:00:00.000Z,2026-05-06 09:00:00.000,30m,4699.85,4699.977,4708.511,4688.705,10420,280,2026-05-06T09:29:59.999Z,2026-05-06 09:29:59.999,complete
XAUUSDc,2026-05-06T09:30:00.000Z,2026-05-06 09:30:00.000,30m,4699.909,4701.607,4705.92,4694.284,6301,280,2026-05-06T09:59:59.999Z,2026-05-06 09:59:59.999,complete
XAUUSDc,2026-05-06T10:00:00.000Z,2026-05-06 10:00:00.000,30m,4701.675,4704.225,4705.794,4695.218,5525,280,2026-05-06T10:29:59.999Z,2026-05-06 10:29:59.999,complete
XAUUSDc,2026-05-06T10:30:00.000Z,2026-05-06 10:30:00.000,30m,4704.294,4717.778,4723.074,4704.294,9149,280,2026-05-06T10:59:59.999Z,2026-05-06 10:59:59.999,complete
XAUUSDc,2026-05-06T11:00:00.000Z,2026-05-06 11:00:00.000,30m,4717.705,4705.69,4721.29,4705.526,7460,280,2026-05-06T11:29:59.999Z,2026-05-06 11:29:59.999,complete
XAUUSDc,2026-05-06T11:30:00.000Z,2026-05-06 11:30:00.000,30m,4705.75,4692.024,4715.346,4690.663,7936,280,2026-05-06T11:59:59.999Z,2026-05-06 11:59:59.999,complete
XAUUSDc,2026-05-06T12:00:00.000Z,2026-05-06 12:00:00.000,30m,4692.146,4683.363,4693.167,4660.036,12784,280,2026-05-06T12:29:59.999Z,2026-05-06 12:29:59.999,complete
XAUUSDc,2026-05-06T12:30:00.000Z,2026-05-06 12:30:00.000,30m,4683.417,4683.384,4685.468,4676.63,7574,280,2026-05-06T12:59:59.999Z,2026-05-06 12:59:59.999,complete
XAUUSDc,2026-05-06T13:00:00.000Z,2026-05-06 13:00:00.000,30m,4683.027,4685.055,4692.439,4668.542,11673,280,2026-05-06T13:29:59.999Z,2026-05-06 13:29:59.999,complete
XAUUSDc,2026-05-06T13:30:00.000Z,2026-05-06 13:30:00.000,30m,4684.9,4702.394,4707.851,4680.126,13508,280,2026-05-06T13:59:59.999Z,2026-05-06 13:59:59.999,complete
XAUUSDc,2026-05-06T14:00:00.000Z,2026-05-06 14:00:00.000,30m,4702.19,4705.793,4717.441,4697.432,11151,280,2026-05-06T14:29:59.999Z,2026-05-06 14:29:59.999,complete
XAUUSDc,2026-05-06T14:30:00.000Z,2026-05-06 14:30:00.000,30m,4705.855,4702.85,4714.385,4700.56,8770,280,2026-05-06T14:59:59.999Z,2026-05-06 14:59:59.999,complete
XAUUSDc,2026-05-06T15:00:00.000Z,2026-05-06 15:00:00.000,30m,4702.793,4695.513,4705.866,4693.232,6566,280,2026-05-06T15:29:59.999Z,2026-05-06 15:29:59.999,complete
XAUUSDc,2026-05-06T15:30:00.000Z,2026-05-06 15:30:00.000,30m,4695.573,4687.938,4697.954,4687.503,6133,280,2026-05-06T15:59:59.999Z,2026-05-06 15:59:59.999,complete
XAUUSDc,2026-05-06T16:00:00.000Z,2026-05-06 16:00:00.000,30m,4687.872,4687.91,4688.561,4681.129,5522,280,2026-05-06T16:29:59.999Z,2026-05-06 16:29:59.999,complete
XAUUSDc,2026-05-06T16:30:00.000Z,2026-05-06 16:30:00.000,30m,4688.259,4683.096,4691.964,4679.322,5619,280,2026-05-06T16:59:59.999Z,2026-05-06 16:59:59.999,complete
XAUUSDc,2026-05-06T17:00:00.000Z,2026-05-06 17:00:00.000,30m,4682.867,4683.164,4688.041,4679.475,5192,280,2026-05-06T17:29:59.999Z,2026-05-06 17:29:59.999,complete
XAUUSDc,2026-05-06T17:30:00.000Z,2026-05-06 17:30:00.000,30m,4683.099,4683.863,4684.685,4678.728,3844,280,2026-05-06T17:59:59.999Z,2026-05-06 17:59:59.999,complete
XAUUSDc,2026-05-06T18:00:00.000Z,2026-05-06 18:00:00.000,30m,4683.911,4687.884,4690.546,4681.786,3323,280,2026-05-06T18:29:59.999Z,2026-05-06 18:29:59.999,complete
XAUUSDc,2026-05-06T18:30:00.000Z,2026-05-06 18:30:00.000,30m,4687.955,4686.144,4690.254,4684.71,3139,280,2026-05-06T18:59:59.999Z,2026-05-06 18:59:59.999,complete
XAUUSDc,2026-05-06T19:00:00.000Z,2026-05-06 19:00:00.000,30m,4686.213,4698.447,4700.132,4685.957,3345,280,2026-05-06T19:29:59.999Z,2026-05-06 19:29:59.999,complete
XAUUSDc,2026-05-06T19:30:00.000Z,2026-05-06 19:30:00.000,30m,4698.132,4692.256,4699.048,4692.256,3621,280,2026-05-06T19:59:59.999Z,2026-05-06 19:59:59.999,complete
XAUUSDc,2026-05-06T20:00:00.000Z,2026-05-06 20:00:00.000,30m,4692.199,4692.826,4699.472,4691.78,2694,280,2026-05-06T20:29:59.999Z,2026-05-06 20:29:59.999,complete
XAUUSDc,2026-05-06T20:30:00.000Z,2026-05-06 20:30:00.000,30m,4692.844,4690.826,4693.267,4685.013,2327,280,2026-05-06T20:59:59.999Z,2026-05-06 20:59:59.999,complete
XAUUSDc,2026-05-06T22:00:00.000Z,2026-05-06 22:00:00.000,30m,4693.361,4695.348,4699.765,4689.231,2274,280,2026-05-06T22:29:59.999Z,2026-05-06 22:29:59.999,complete
XAUUSDc,2026-05-06T22:30:00.000Z,2026-05-06 22:30:00.000,30m,4695.308,4695.053,4699.481,4694.194,2143,280,2026-05-06T22:59:59.999Z,2026-05-06 22:59:59.999,complete
XAUUSDc,2026-05-06T23:00:00.000Z,2026-05-06 23:00:00.000,30m,4694.991,4693.189,4698.652,4690.031,2235,280,2026-05-06T23:29:59.999Z,2026-05-06 23:29:59.999,complete
XAUUSDc,2026-05-06T23:30:00.000Z,2026-05-06 23:30:00.000,30m,4693.246,4698.852,4699.636,4691.54,2241,280,2026-05-06T23:59:59.999Z,2026-05-06 23:59:59.999,complete
XAUUSDc,2026-05-07T00:00:00.000Z,2026-05-07 00:00:00.000,30m,4699.014,4692.547,4701.268,4689.734,6383,280,2026-05-07T00:29:59.999Z,2026-05-07 00:29:59.999,complete
XAUUSDc,2026-05-07T00:30:00.000Z,2026-05-07 00:30:00.000,30m,4692.528,4688.497,4693.263,4685.426,5821,280,2026-05-07T00:59:59.999Z,2026-05-07 00:59:59.999,complete
XAUUSDc,2026-05-07T01:00:00.000Z,2026-05-07 01:00:00.000,30m,4688.557,4704.294,4716.44,4685.177,8429,280,2026-05-07T01:29:59.999Z,2026-05-07 01:29:59.999,complete
XAUUSDc,2026-05-07T01:30:00.000Z,2026-05-07 01:30:00.000,30m,4704.237,4714.932,4721.31,4702.057,6774,280,2026-05-07T01:59:59.999Z,2026-05-07 01:59:59.999,complete
XAUUSDc,2026-05-07T02:00:00.000Z,2026-05-07 02:00:00.000,30m,4714.895,4702.909,4718.54,4701.565,6109,280,2026-05-07T02:29:59.999Z,2026-05-07 02:29:59.999,complete
XAUUSDc,2026-05-07T02:30:00.000Z,2026-05-07 02:30:00.000,30m,4702.552,4707.057,4709.887,4699.7,4601,280,2026-05-07T02:59:59.999Z,2026-05-07 02:59:59.999,complete
XAUUSDc,2026-05-07T03:00:00.000Z,2026-05-07 03:00:00.000,30m,4707.205,4704.497,4710.023,4704.108,3803,280,2026-05-07T03:29:59.999Z,2026-05-07 03:29:59.999,complete
XAUUSDc,2026-05-07T03:30:00.000Z,2026-05-07 03:30:00.000,30m,4704.614,4699.26,4704.976,4698.838,2930,280,2026-05-07T03:59:59.999Z,2026-05-07 03:59:59.999,complete
XAUUSDc,2026-05-07T04:00:00.000Z,2026-05-07 04:00:00.000,30m,4699.198,4696.973,4700.956,4694.874,4642,280,2026-05-07T04:29:59.999Z,2026-05-07 04:29:59.999,complete
XAUUSDc,2026-05-07T04:30:00.000Z,2026-05-07 04:30:00.000,30m,4696.907,4696.235,4699.204,4692.163,2901,280,2026-05-07T04:59:59.999Z,2026-05-07 04:59:59.999,complete
XAUUSDc,2026-05-07T05:00:00.000Z,2026-05-07 05:00:00.000,30m,4696.509,4696.053,4701.253,4694.701,3152,280,2026-05-07T05:29:59.999Z,2026-05-07 05:29:59.999,complete
XAUUSDc,2026-05-07T05:30:00.000Z,2026-05-07 05:30:00.000,30m,4695.918,4701.201,4706.526,4694.788,4559,280,2026-05-07T05:59:59.999Z,2026-05-07 05:59:59.999,complete
XAUUSDc,2026-05-07T06:00:00.000Z,2026-05-07 06:00:00.000,30m,4701.258,4717.23,4717.647,4701.217,4716,280,2026-05-07T06:29:59.999Z,2026-05-07 06:29:59.999,complete
XAUUSDc,2026-05-07T06:30:00.000Z,2026-05-07 06:30:00.000,30m,4717.16,4739.214,4750.28,4715.899,9476,280,2026-05-07T06:59:59.999Z,2026-05-07 06:59:59.999,complete
XAUUSDc,2026-05-07T07:00:00.000Z,2026-05-07 07:00:00.000,30m,4739.274,4739.551,4750.729,4731.387,10022,280,2026-05-07T07:29:59.999Z,2026-05-07 07:29:59.999,complete
XAUUSDc,2026-05-07T07:30:00.000Z,2026-05-07 07:30:00.000,30m,4739.611,4743.217,4744.502,4736.998,5380,280,2026-05-07T07:59:59.999Z,2026-05-07 07:59:59.999,complete
XAUUSDc,2026-05-07T08:00:00.000Z,2026-05-07 08:00:00.000,30m,4743.294,4740.12,4753.426,4733.611,7556,280,2026-05-07T08:29:59.999Z,2026-05-07 08:29:59.999,complete
XAUUSDc,2026-05-07T08:30:00.000Z,2026-05-07 08:30:00.000,30m,4739.865,4731.199,4741.509,4730.816,4662,280,2026-05-07T08:59:59.999Z,2026-05-07 08:59:59.999,complete
XAUUSDc,2026-05-07T09:00:00.000Z,2026-05-07 09:00:00.000,30m,4731.346,4735.775,4738.759,4721.544,4890,280,2026-05-07T09:29:59.999Z,2026-05-07 09:29:59.999,complete
XAUUSDc,2026-05-07T09:30:00.000Z,2026-05-07 09:30:00.000,30m,4735.707,4729.082,4739.377,4725.731,5065,280,2026-05-07T09:59:59.999Z,2026-05-07 09:59:59.999,complete
XAUUSDc,2026-05-07T10:00:00.000Z,2026-05-07 10:00:00.000,30m,4728.714,4732.517,4736.1,4726.584,4450,280,2026-05-07T10:29:59.999Z,2026-05-07 10:29:59.999,complete
XAUUSDc,2026-05-07T10:30:00.000Z,2026-05-07 10:30:00.000,30m,4732.203,4735.762,4739.723,4727.736,3972,280,2026-05-07T10:59:59.999Z,2026-05-07 10:59:59.999,complete
XAUUSDc,2026-05-07T11:00:00.000Z,2026-05-07 11:00:00.000,30m,4735.835,4732.519,4737.206,4727.069,4447,280,2026-05-07T11:29:59.999Z,2026-05-07 11:29:59.999,complete
XAUUSDc,2026-05-07T11:30:00.000Z,2026-05-07 11:30:00.000,30m,4732.755,4742.543,4743.69,4731.583,4928,280,2026-05-07T11:59:59.999Z,2026-05-07 11:59:59.999,complete
XAUUSDc,2026-05-07T12:00:00.000Z,2026-05-07 12:00:00.000,30m,4742.789,4737.887,4747.21,4733.207,6584,280,2026-05-07T12:29:59.999Z,2026-05-07 12:29:59.999,complete
XAUUSDc,2026-05-07T12:30:00.000Z,2026-05-07 12:30:00.000,30m,4737.963,4749.848,4752.789,4737.144,6475,280,2026-05-07T12:59:59.999Z,2026-05-07 12:59:59.999,complete
XAUUSDc,2026-05-07T13:00:00.000Z,2026-05-07 13:00:00.000,30m,4749.928,4745.026,4750.279,4730.992,8467,280,2026-05-07T13:29:59.999Z,2026-05-07 13:29:59.999,complete
XAUUSDc,2026-05-07T13:30:00.000Z,2026-05-07 13:30:00.000,30m,4744.948,4746.118,4758.111,4737.21,12078,280,2026-05-07T13:59:59.999Z,2026-05-07 13:59:59.999,complete
XAUUSDc,2026-05-07T14:00:00.000Z,2026-05-07 14:00:00.000,30m,4746.19,4756.518,4759.464,4740.766,9109,280,2026-05-07T14:29:59.999Z,2026-05-07 14:29:59.999,complete
XAUUSDc,2026-05-07T14:30:00.000Z,2026-05-07 14:30:00.000,30m,4756.451,4762.477,4763.403,4747.577,7982,280,2026-05-07T14:59:59.999Z,2026-05-07 14:59:59.999,complete
XAUUSDc,2026-05-07T15:00:00.000Z,2026-05-07 15:00:00.000,30m,4762.539,4740.275,4764.839,4736.145,9857,280,2026-05-07T15:29:59.999Z,2026-05-07 15:29:59.999,complete
XAUUSDc,2026-05-07T15:30:00.000Z,2026-05-07 15:30:00.000,30m,4740.199,4728.963,4746.953,4726.066,8977,280,2026-05-07T15:59:59.999Z,2026-05-07 15:59:59.999,complete
XAUUSDc,2026-05-07T16:00:00.000Z,2026-05-07 16:00:00.000,30m,4729.023,4720.239,4729.858,4704.268,13561,280,2026-05-07T16:29:59.999Z,2026-05-07 16:29:59.999,complete
XAUUSDc,2026-05-07T16:30:00.000Z,2026-05-07 16:30:00.000,30m,4720.162,4714.794,4720.962,4710.236,7908,280,2026-05-07T16:59:59.999Z,2026-05-07 16:59:59.999,complete
XAUUSDc,2026-05-07T17:00:00.000Z,2026-05-07 17:00:00.000,30m,4714.852,4698.856,4719.485,4687.331,13598,280,2026-05-07T17:29:59.999Z,2026-05-07 17:29:59.999,complete
XAUUSDc,2026-05-07T17:30:00.000Z,2026-05-07 17:30:00.000,30m,4698.736,4711.242,4712.159,4693.156,14010,280,2026-05-07T17:59:59.999Z,2026-05-07 17:59:59.999,complete
XAUUSDc,2026-05-07T18:00:00.000Z,2026-05-07 18:00:00.000,30m,4711.314,4712.732,4713.077,4704.863,7182,280,2026-05-07T18:29:59.999Z,2026-05-07 18:29:59.999,complete
XAUUSDc,2026-05-07T18:30:00.000Z,2026-05-07 18:30:00.000,30m,4712.667,4709.551,4715.986,4695.506,11235,280,2026-05-07T18:59:59.999Z,2026-05-07 18:59:59.999,complete
XAUUSDc,2026-05-07T19:00:00.000Z,2026-05-07 19:00:00.000,30m,4709.619,4704.977,4712.977,4697.591,8527,280,2026-05-07T19:29:59.999Z,2026-05-07 19:29:59.999,complete
XAUUSDc,2026-05-07T19:30:00.000Z,2026-05-07 19:30:00.000,30m,4704.99,4703.112,4712.167,4702.558,6712,280,2026-05-07T19:59:59.999Z,2026-05-07 19:59:59.999,complete
XAUUSDc,2026-05-07T20:00:00.000Z,2026-05-07 20:00:00.000,30m,4703.174,4713.083,4719.302,4702.944,5225,280,2026-05-07T20:29:59.999Z,2026-05-07 20:29:59.999,complete
XAUUSDc,2026-05-07T20:30:00.000Z,2026-05-07 20:30:00.000,30m,4713.145,4688.502,4715.849,4686.284,7161,280,2026-05-07T20:59:59.999Z,2026-05-07 20:59:59.999,complete
XAUUSDc,2026-05-07T22:00:00.000Z,2026-05-07 22:00:00.000,30m,4688.865,4693.788,4699.247,4685.867,4448,360,2026-05-07T22:29:59.999Z,2026-05-07 22:29:59.999,complete
XAUUSDc,2026-05-07T22:30:00.000Z,2026-05-07 22:30:00.000,30m,4693.83,4685.989,4695.029,4681.725,3461,280,2026-05-07T22:59:59.999Z,2026-05-07 22:59:59.999,complete
XAUUSDc,2026-05-07T23:00:00.000Z,2026-05-07 23:00:00.000,30m,4685.853,4696.642,4698.507,4684.46,2646,280,2026-05-07T23:29:59.999Z,2026-05-07 23:29:59.999,complete
XAUUSDc,2026-05-07T23:30:00.000Z,2026-05-07 23:30:00.000,30m,4696.746,4704.071,4705.586,4694.969,2546,280,2026-05-07T23:59:59.999Z,2026-05-07 23:59:59.999,complete
XAUUSDc,2026-05-08T00:00:00.000Z,2026-05-08 00:00:00.000,30m,4704.003,4697.322,4709.38,4693.871,6379,280,2026-05-08T00:29:59.999Z,2026-05-08 00:29:59.999,complete
XAUUSDc,2026-05-08T00:30:00.000Z,2026-05-08 00:30:00.000,30m,4697.382,4701.181,4708.115,4696.029,5326,280,2026-05-08T00:59:59.999Z,2026-05-08 00:59:59.999,complete
XAUUSDc,2026-05-08T01:00:00.000Z,2026-05-08 01:00:00.000,30m,4701.109,4712.211,4719.244,4700.285,8148,280,2026-05-08T01:29:59.999Z,2026-05-08 01:29:59.999,complete
XAUUSDc,2026-05-08T01:30:00.000Z,2026-05-08 01:30:00.000,30m,4712.279,4722.665,4725.555,4705.16,6624,280,2026-05-08T01:59:59.999Z,2026-05-08 01:59:59.999,complete
XAUUSDc,2026-05-08T02:00:00.000Z,2026-05-08 02:00:00.000,30m,4722.722,4721.639,4732.835,4718.068,5347,280,2026-05-08T02:29:59.999Z,2026-05-08 02:29:59.999,complete
XAUUSDc,2026-05-08T02:30:00.000Z,2026-05-08 02:30:00.000,30m,4721.365,4713.391,4723.534,4706.756,7768,280,2026-05-08T02:59:59.999Z,2026-05-08 02:59:59.999,complete
XAUUSDc,2026-05-08T03:00:00.000Z,2026-05-08 03:00:00.000,30m,4713.334,4720.165,4722.572,4710.887,4867,280,2026-05-08T03:29:59.999Z,2026-05-08 03:29:59.999,complete
XAUUSDc,2026-05-08T03:30:00.000Z,2026-05-08 03:30:00.000,30m,4720.104,4719.718,4731.081,4718.017,4288,280,2026-05-08T03:59:59.999Z,2026-05-08 03:59:59.999,complete
XAUUSDc,2026-05-08T04:00:00.000Z,2026-05-08 04:00:00.000,30m,4719.776,4717.513,4723.059,4713.209,3685,280,2026-05-08T04:29:59.999Z,2026-05-08 04:29:59.999,complete
XAUUSDc,2026-05-08T04:30:00.000Z,2026-05-08 04:30:00.000,30m,4717.217,4711.048,4718.471,4708.738,3913,280,2026-05-08T04:59:59.999Z,2026-05-08 04:59:59.999,complete
XAUUSDc,2026-05-08T05:00:00.000Z,2026-05-08 05:00:00.000,30m,4711.204,4719.254,4719.997,4709.461,3588,280,2026-05-08T05:29:59.999Z,2026-05-08 05:29:59.999,complete
XAUUSDc,2026-05-08T05:30:00.000Z,2026-05-08 05:30:00.000,30m,4719.339,4727.676,4731.433,4719.339,5915,280,2026-05-08T05:59:59.999Z,2026-05-08 05:59:59.999,complete
XAUUSDc,2026-05-08T06:00:00.000Z,2026-05-08 06:00:00.000,30m,4727.28,4733.451,4734.661,4712.735,7617,280,2026-05-08T06:29:59.999Z,2026-05-08 06:29:59.999,complete
XAUUSDc,2026-05-08T06:30:00.000Z,2026-05-08 06:30:00.000,30m,4733.521,4725.456,4734.481,4721.236,5699,280,2026-05-08T06:59:59.999Z,2026-05-08 06:59:59.999,complete
XAUUSDc,2026-05-08T07:00:00.000Z,2026-05-08 07:00:00.000,30m,4725.548,4706.539,4726.495,4697.069,9457,280,2026-05-08T07:29:59.999Z,2026-05-08 07:29:59.999,complete
XAUUSDc,2026-05-08T07:30:00.000Z,2026-05-08 07:30:00.000,30m,4706.488,4708.054,4713.508,4701.322,6296,280,2026-05-08T07:59:59.999Z,2026-05-08 07:59:59.999,complete
XAUUSDc,2026-05-08T08:00:00.000Z,2026-05-08 08:00:00.000,30m,4708.056,4716.725,4722.635,4706.596,5619,280,2026-05-08T08:29:59.999Z,2026-05-08 08:29:59.999,complete
XAUUSDc,2026-05-08T08:30:00.000Z,2026-05-08 08:30:00.000,30m,4716.916,4715.909,4723.536,4714.864,4447,280,2026-05-08T08:59:59.999Z,2026-05-08 08:59:59.999,complete
XAUUSDc,2026-05-08T09:00:00.000Z,2026-05-08 09:00:00.000,30m,4715.496,4718.118,4722.892,4713.405,4184,280,2026-05-08T09:29:59.999Z,2026-05-08 09:29:59.999,complete
XAUUSDc,2026-05-08T09:30:00.000Z,2026-05-08 09:30:00.000,30m,4717.759,4711.719,4718.817,4707.411,5097,280,2026-05-08T09:59:59.999Z,2026-05-08 09:59:59.999,complete
XAUUSDc,2026-05-08T10:00:00.000Z,2026-05-08 10:00:00.000,30m,4711.662,4720.334,4724.081,4711.04,3619,280,2026-05-08T10:29:59.999Z,2026-05-08 10:29:59.999,complete
XAUUSDc,2026-05-08T10:30:00.000Z,2026-05-08 10:30:00.000,30m,4720.399,4719.558,4728.046,4715.042,4512,280,2026-05-08T10:59:59.999Z,2026-05-08 10:59:59.999,complete
XAUUSDc,2026-05-08T11:00:00.000Z,2026-05-08 11:00:00.000,30m,4719.629,4724.071,4727.267,4718.574,4364,280,2026-05-08T11:29:59.999Z,2026-05-08 11:29:59.999,complete
XAUUSDc,2026-05-08T11:30:00.000Z,2026-05-08 11:30:00.000,30m,4724.062,4717.783,4725.904,4713.616,4050,280,2026-05-08T11:59:59.999Z,2026-05-08 11:59:59.999,complete
XAUUSDc,2026-05-08T12:00:00.000Z,2026-05-08 12:00:00.000,30m,4717.733,4710.044,4719.536,4702.464,6599,280,2026-05-08T12:29:59.999Z,2026-05-08 12:29:59.999,complete
XAUUSDc,2026-05-08T12:30:00.000Z,2026-05-08 12:30:00.000,30m,4710.45,4724.147,4732.072,4702.728,11570,280,2026-05-08T12:59:59.999Z,2026-05-08 12:59:59.999,complete
XAUUSDc,2026-05-08T13:00:00.000Z,2026-05-08 13:00:00.000,30m,4724.462,4727.323,4729.037,4716.322,9197,280,2026-05-08T13:29:59.999Z,2026-05-08 13:29:59.999,complete
XAUUSDc,2026-05-08T13:30:00.000Z,2026-05-08 13:30:00.000,30m,4727.385,4747.859,4747.859,4726.543,12400,280,2026-05-08T13:59:59.999Z,2026-05-08 13:59:59.999,complete
XAUUSDc,2026-05-08T14:00:00.000Z,2026-05-08 14:00:00.000,30m,4748.007,4717.968,4749.632,4717.968,12060,280,2026-05-08T14:29:59.999Z,2026-05-08 14:29:59.999,complete
XAUUSDc,2026-05-08T14:30:00.000Z,2026-05-08 14:30:00.000,30m,4718.066,4716.016,4725.607,4713.15,9980,280,2026-05-08T14:59:59.999Z,2026-05-08 14:59:59.999,complete
XAUUSDc,2026-05-08T15:00:00.000Z,2026-05-08 15:00:00.000,30m,4715.736,4713.094,4720.985,4704.242,9930,280,2026-05-08T15:29:59.999Z,2026-05-08 15:29:59.999,complete
XAUUSDc,2026-05-08T15:30:00.000Z,2026-05-08 15:30:00.000,30m,4713.159,4707.165,4714.991,4701.76,8156,280,2026-05-08T15:59:59.999Z,2026-05-08 15:59:59.999,complete
XAUUSDc,2026-05-08T16:00:00.000Z,2026-05-08 16:00:00.000,30m,4707.051,4717.432,4717.432,4705.538,5001,280,2026-05-08T16:29:59.999Z,2026-05-08 16:29:59.999,complete
XAUUSDc,2026-05-08T16:30:00.000Z,2026-05-08 16:30:00.000,30m,4717.492,4712.221,4720.335,4711.052,4327,280,2026-05-08T16:59:59.999Z,2026-05-08 16:59:59.999,complete
XAUUSDc,2026-05-08T17:00:00.000Z,2026-05-08 17:00:00.000,30m,4712.158,4720.544,4722.057,4712.156,4210,280,2026-05-08T17:29:59.999Z,2026-05-08 17:29:59.999,complete
XAUUSDc,2026-05-08T17:30:00.000Z,2026-05-08 17:30:00.000,30m,4720.482,4720.652,4722.81,4719.196,3079,280,2026-05-08T17:59:59.999Z,2026-05-08 17:59:59.999,complete
XAUUSDc,2026-05-08T18:00:00.000Z,2026-05-08 18:00:00.000,30m,4720.647,4725.8,4729.061,4720.408,4257,280,2026-05-08T18:29:59.999Z,2026-05-08 18:29:59.999,complete
XAUUSDc,2026-05-08T18:30:00.000Z,2026-05-08 18:30:00.000,30m,4725.736,4722.047,4726.616,4719.867,3074,280,2026-05-08T18:59:59.999Z,2026-05-08 18:59:59.999,complete
XAUUSDc,2026-05-08T19:00:00.000Z,2026-05-08 19:00:00.000,30m,4721.961,4723.818,4725.692,4720.991,2628,280,2026-05-08T19:29:59.999Z,2026-05-08 19:29:59.999,complete
XAUUSDc,2026-05-08T19:30:00.000Z,2026-05-08 19:30:00.000,30m,4723.88,4723.796,4726.816,4721.724,3236,280,2026-05-08T19:59:59.999Z,2026-05-08 19:59:59.999,complete
XAUUSDc,2026-05-08T20:00:00.000Z,2026-05-08 20:00:00.000,30m,4723.865,4717.143,4724.418,4715.115,2478,280,2026-05-08T20:29:59.999Z,2026-05-08 20:29:59.999,complete
XAUUSDc,2026-05-08T20:30:00.000Z,2026-05-08 20:30:00.000,30m,4717.102,4715.438,4719.196,4714.336,2044,280,2026-05-08T20:59:59.999Z,2026-05-08 20:59:59.999,complete
XAUUSDc,2026-05-10T22:00:00.000Z,2026-05-10 22:00:00.000,30m,4691.978,4694.497,4696.345,4678.844,4336,360,2026-05-10T22:29:59.999Z,2026-05-10 22:29:59.999,complete
XAUUSDc,2026-05-10T22:30:00.000Z,2026-05-10 22:30:00.000,30m,4694.525,4692.022,4694.703,4686.916,3247,360,2026-05-10T22:59:59.999Z,2026-05-10 22:59:59.999,complete
XAUUSDc,2026-05-10T23:00:00.000Z,2026-05-10 23:00:00.000,30m,4691.956,4694.812,4697.253,4688.816,2892,360,2026-05-10T23:29:59.999Z,2026-05-10 23:29:59.999,complete
XAUUSDc,2026-05-10T23:30:00.000Z,2026-05-10 23:30:00.000,30m,4694.812,4691.703,4698.563,4689.927,2738,280,2026-05-10T23:59:59.999Z,2026-05-10 23:59:59.999,complete
XAUUSDc,2026-05-11T00:00:00.000Z,2026-05-11 00:00:00.000,30m,4691.639,4683.724,4691.64,4675.651,7361,280,2026-05-11T00:29:59.999Z,2026-05-11 00:29:59.999,complete
XAUUSDc,2026-05-11T00:30:00.000Z,2026-05-11 00:30:00.000,30m,4683.727,4683.556,4693.433,4669.916,8895,280,2026-05-11T00:59:59.999Z,2026-05-11 00:59:59.999,complete
XAUUSDc,2026-05-11T01:00:00.000Z,2026-05-11 01:00:00.000,30m,4683.624,4698.674,4705.563,4674.364,15520,280,2026-05-11T01:29:59.999Z,2026-05-11 01:29:59.999,complete
XAUUSDc,2026-05-11T01:30:00.000Z,2026-05-11 01:30:00.000,30m,4699.115,4685.829,4701.595,4679.855,8690,280,2026-05-11T01:59:59.999Z,2026-05-11 01:59:59.999,complete
XAUUSDc,2026-05-11T02:00:00.000Z,2026-05-11 02:00:00.000,30m,4685.755,4688.61,4692.865,4678.282,6956,280,2026-05-11T02:29:59.999Z,2026-05-11 02:29:59.999,complete
XAUUSDc,2026-05-11T02:30:00.000Z,2026-05-11 02:30:00.000,30m,4688.62,4681.533,4700.293,4676.705,7682,280,2026-05-11T02:59:59.999Z,2026-05-11 02:59:59.999,complete
XAUUSDc,2026-05-11T03:00:00.000Z,2026-05-11 03:00:00.000,30m,4681.455,4689.315,4690.5,4674.773,5221,280,2026-05-11T03:29:59.999Z,2026-05-11 03:29:59.999,complete
XAUUSDc,2026-05-11T03:30:00.000Z,2026-05-11 03:30:00.000,30m,4689.373,4678.832,4690.369,4676.843,4412,280,2026-05-11T03:59:59.999Z,2026-05-11 03:59:59.999,complete
XAUUSDc,2026-05-11T04:00:00.000Z,2026-05-11 04:00:00.000,30m,4678.538,4671.914,4679.911,4670.157,4563,280,2026-05-11T04:29:59.999Z,2026-05-11 04:29:59.999,complete
XAUUSDc,2026-05-11T04:30:00.000Z,2026-05-11 04:30:00.000,30m,4671.914,4672.17,4676.013,4668.285,3619,280,2026-05-11T04:59:59.999Z,2026-05-11 04:59:59.999,complete
XAUUSDc,2026-05-11T05:00:00.000Z,2026-05-11 05:00:00.000,30m,4672.141,4670.865,4676.118,4670.722,3664,280,2026-05-11T05:29:59.999Z,2026-05-11 05:29:59.999,complete
XAUUSDc,2026-05-11T05:30:00.000Z,2026-05-11 05:30:00.000,30m,4670.795,4652.411,4680.87,4648.041,9603,280,2026-05-11T05:59:59.999Z,2026-05-11 05:59:59.999,complete
XAUUSDc,2026-05-11T06:00:00.000Z,2026-05-11 06:00:00.000,30m,4652.469,4667.26,4670.876,4649.286,7589,280,2026-05-11T06:29:59.999Z,2026-05-11 06:29:59.999,complete
XAUUSDc,2026-05-11T06:30:00.000Z,2026-05-11 06:30:00.000,30m,4667.27,4678.2,4680.517,4667.122,5778,280,2026-05-11T06:59:59.999Z,2026-05-11 06:59:59.999,complete
XAUUSDc,2026-05-11T07:00:00.000Z,2026-05-11 07:00:00.000,30m,4678.274,4675.888,4680.317,4672.206,5084,280,2026-05-11T07:29:59.999Z,2026-05-11 07:29:59.999,complete
XAUUSDc,2026-05-11T07:30:00.000Z,2026-05-11 07:30:00.000,30m,4675.651,4667.696,4678.06,4664.224,4670,280,2026-05-11T07:59:59.999Z,2026-05-11 07:59:59.999,complete
XAUUSDc,2026-05-11T08:00:00.000Z,2026-05-11 08:00:00.000,30m,4667.786,4671.539,4678.62,4664.065,5584,280,2026-05-11T08:29:59.999Z,2026-05-11 08:29:59.999,complete
XAUUSDc,2026-05-11T08:30:00.000Z,2026-05-11 08:30:00.000,30m,4671.748,4667.628,4675.343,4666.553,4158,280,2026-05-11T08:59:59.999Z,2026-05-11 08:59:59.999,complete
XAUUSDc,2026-05-11T09:00:00.000Z,2026-05-11 09:00:00.000,30m,4667.687,4657.579,4669.88,4656.97,4242,280,2026-05-11T09:29:59.999Z,2026-05-11 09:29:59.999,complete
XAUUSDc,2026-05-11T09:30:00.000Z,2026-05-11 09:30:00.000,30m,4657.671,4656.794,4664.752,4650.292,5136,280,2026-05-11T09:59:59.999Z,2026-05-11 09:59:59.999,complete
XAUUSDc,2026-05-11T10:00:00.000Z,2026-05-11 10:00:00.000,30m,4656.715,4663.163,4665.829,4656.149,3826,280,2026-05-11T10:29:59.999Z,2026-05-11 10:29:59.999,complete
XAUUSDc,2026-05-11T10:30:00.000Z,2026-05-11 10:30:00.000,30m,4663.524,4663.734,4667.195,4660.194,4036,280,2026-05-11T10:59:59.999Z,2026-05-11 10:59:59.999,complete
XAUUSDc,2026-05-11T11:00:00.000Z,2026-05-11 11:00:00.000,30m,4663.798,4672.026,4672.498,4663.798,3898,280,2026-05-11T11:29:59.999Z,2026-05-11 11:29:59.999,complete
XAUUSDc,2026-05-11T11:30:00.000Z,2026-05-11 11:30:00.000,30m,4671.705,4674.334,4677.327,4670.053,4278,280,2026-05-11T11:59:59.999Z,2026-05-11 11:59:59.999,complete
XAUUSDc,2026-05-11T12:00:00.000Z,2026-05-11 12:00:00.000,30m,4674.641,4690.434,4695.323,4667.363,8657,280,2026-05-11T12:29:59.999Z,2026-05-11 12:29:59.999,complete
XAUUSDc,2026-05-11T12:30:00.000Z,2026-05-11 12:30:00.000,30m,4690.669,4699.678,4701.174,4686.053,9223,280,2026-05-11T12:59:59.999Z,2026-05-11 12:59:59.999,complete
XAUUSDc,2026-05-11T13:00:00.000Z,2026-05-11 13:00:00.000,30m,4699.74,4728.458,4735.691,4698.42,12653,280,2026-05-11T13:29:59.999Z,2026-05-11 13:29:59.999,complete
XAUUSDc,2026-05-11T13:30:00.000Z,2026-05-11 13:30:00.000,30m,4728.393,4736.385,4748.628,4728.029,13032,280,2026-05-11T13:59:59.999Z,2026-05-11 13:59:59.999,complete
XAUUSDc,2026-05-11T14:00:00.000Z,2026-05-11 14:00:00.000,30m,4736.326,4725.175,4738.677,4718.527,9373,280,2026-05-11T14:29:59.999Z,2026-05-11 14:29:59.999,complete
XAUUSDc,2026-05-11T14:30:00.000Z,2026-05-11 14:30:00.000,30m,4725.239,4725.671,4734.067,4714.993,9697,280,2026-05-11T14:59:59.999Z,2026-05-11 14:59:59.999,complete
XAUUSDc,2026-05-11T15:00:00.000Z,2026-05-11 15:00:00.000,30m,4725.606,4732.707,4738.212,4722.727,5981,280,2026-05-11T15:29:59.999Z,2026-05-11 15:29:59.999,complete
XAUUSDc,2026-05-11T15:30:00.000Z,2026-05-11 15:30:00.000,30m,4732.647,4731.836,4734.793,4724.61,5844,280,2026-05-11T15:59:59.999Z,2026-05-11 15:59:59.999,complete
XAUUSDc,2026-05-11T16:00:00.000Z,2026-05-11 16:00:00.000,30m,4732.278,4724.028,4733.584,4722.308,4335,280,2026-05-11T16:29:59.999Z,2026-05-11 16:29:59.999,complete
XAUUSDc,2026-05-11T16:30:00.000Z,2026-05-11 16:30:00.000,30m,4724.043,4716.292,4726.111,4707.71,7424,280,2026-05-11T16:59:59.999Z,2026-05-11 16:59:59.999,complete
XAUUSDc,2026-05-11T17:00:00.000Z,2026-05-11 17:00:00.000,30m,4716.216,4718.247,4721.741,4715.802,4398,280,2026-05-11T17:29:59.999Z,2026-05-11 17:29:59.999,complete
XAUUSDc,2026-05-11T17:30:00.000Z,2026-05-11 17:30:00.000,30m,4718.188,4723.467,4724.573,4717.705,2962,280,2026-05-11T17:59:59.999Z,2026-05-11 17:59:59.999,complete
XAUUSDc,2026-05-11T18:00:00.000Z,2026-05-11 18:00:00.000,30m,4723.528,4727.106,4727.569,4720.71,3493,280,2026-05-11T18:29:59.999Z,2026-05-11 18:29:59.999,complete
XAUUSDc,2026-05-11T18:30:00.000Z,2026-05-11 18:30:00.000,30m,4727.333,4725.055,4729.434,4724.85,2763,280,2026-05-11T18:59:59.999Z,2026-05-11 18:59:59.999,complete
XAUUSDc,2026-05-11T19:00:00.000Z,2026-05-11 19:00:00.000,30m,4725.122,4724.123,4728.422,4723.165,3051,280,2026-05-11T19:29:59.999Z,2026-05-11 19:29:59.999,complete
XAUUSDc,2026-05-11T19:30:00.000Z,2026-05-11 19:30:00.000,30m,4724.18,4733.362,4736.416,4722.268,3315,280,2026-05-11T19:59:59.999Z,2026-05-11 19:59:59.999,complete
XAUUSDc,2026-05-11T20:00:00.000Z,2026-05-11 20:00:00.000,30m,4733.289,4735.144,4737.817,4729.68,2514,280,2026-05-11T20:29:59.999Z,2026-05-11 20:29:59.999,complete
XAUUSDc,2026-05-11T20:30:00.000Z,2026-05-11 20:30:00.000,30m,4735.203,4735.189,4738.587,4732.329,1707,280,2026-05-11T20:59:59.999Z,2026-05-11 20:59:59.999,complete
XAUUSDc,2026-05-11T22:00:00.000Z,2026-05-11 22:00:00.000,30m,4739.492,4739.596,4743.648,4737.465,2131,360,2026-05-11T22:29:59.999Z,2026-05-11 22:29:59.999,complete
XAUUSDc,2026-05-11T22:30:00.000Z,2026-05-11 22:30:00.000,30m,4739.852,4750.715,4755.134,4738.79,2891,280,2026-05-11T22:59:59.999Z,2026-05-11 22:59:59.999,complete
XAUUSDc,2026-05-11T23:00:00.000Z,2026-05-11 23:00:00.000,30m,4750.931,4753.008,4754.791,4745.945,2768,280,2026-05-11T23:29:59.999Z,2026-05-11 23:29:59.999,complete
XAUUSDc,2026-05-11T23:30:00.000Z,2026-05-11 23:30:00.000,30m,4752.639,4767.605,4770.023,4751.334,3970,280,2026-05-11T23:59:59.999Z,2026-05-11 23:59:59.999,complete
XAUUSDc,2026-05-12T00:00:00.000Z,2026-05-12 00:00:00.000,30m,4767.229,4762.415,4773.67,4753.019,8441,280,2026-05-12T00:29:59.999Z,2026-05-12 00:29:59.999,complete
XAUUSDc,2026-05-12T00:30:00.000Z,2026-05-12 00:30:00.000,30m,4762.341,4748.988,4763.925,4748.37,6084,280,2026-05-12T00:59:59.999Z,2026-05-12 00:59:59.999,complete
XAUUSDc,2026-05-12T01:00:00.000Z,2026-05-12 01:00:00.000,30m,4749.411,4735.323,4755.434,4733.597,12123,280,2026-05-12T01:29:59.999Z,2026-05-12 01:29:59.999,complete
XAUUSDc,2026-05-12T01:30:00.000Z,2026-05-12 01:30:00.000,30m,4735.256,4727.206,4738.891,4720.047,9810,280,2026-05-12T01:59:59.999Z,2026-05-12 01:59:59.999,complete
XAUUSDc,2026-05-12T02:00:00.000Z,2026-05-12 02:00:00.000,30m,4727.139,4727.13,4733.825,4724.617,6236,280,2026-05-12T02:29:59.999Z,2026-05-12 02:29:59.999,complete
XAUUSDc,2026-05-12T02:30:00.000Z,2026-05-12 02:30:00.000,30m,4726.779,4730.236,4733.471,4722.037,7174,280,2026-05-12T02:59:59.999Z,2026-05-12 02:59:59.999,complete
XAUUSDc,2026-05-12T03:00:00.000Z,2026-05-12 03:00:00.000,30m,4729.86,4723.944,4733.207,4722.714,5245,280,2026-05-12T03:29:59.999Z,2026-05-12 03:29:59.999,complete
XAUUSDc,2026-05-12T03:30:00.000Z,2026-05-12 03:30:00.000,30m,4724.002,4720.311,4728.079,4717.934,3743,280,2026-05-12T03:59:59.999Z,2026-05-12 03:59:59.999,complete
XAUUSDc,2026-05-12T04:00:00.000Z,2026-05-12 04:00:00.000,30m,4720.289,4722.198,4730.338,4719.658,3992,280,2026-05-12T04:29:59.999Z,2026-05-12 04:29:59.999,complete
XAUUSDc,2026-05-12T04:30:00.000Z,2026-05-12 04:30:00.000,30m,4722.596,4714.242,4726.438,4711.074,4119,280,2026-05-12T04:59:59.999Z,2026-05-12 04:59:59.999,complete
XAUUSDc,2026-05-12T05:00:00.000Z,2026-05-12 05:00:00.000,30m,4714.148,4715.131,4718.6,4708.696,5058,280,2026-05-12T05:29:59.999Z,2026-05-12 05:29:59.999,complete
XAUUSDc,2026-05-12T05:30:00.000Z,2026-05-12 05:30:00.000,30m,4715.482,4714.426,4722.16,4709.911,7388,280,2026-05-12T05:59:59.999Z,2026-05-12 05:59:59.999,complete
XAUUSDc,2026-05-12T06:00:00.000Z,2026-05-12 06:00:00.000,30m,4714.156,4696.137,4714.413,4695.036,7622,280,2026-05-12T06:29:59.999Z,2026-05-12 06:29:59.999,complete
XAUUSDc,2026-05-12T06:30:00.000Z,2026-05-12 06:30:00.000,30m,4696.199,4696.88,4704.906,4694.217,6924,280,2026-05-12T06:59:59.999Z,2026-05-12 06:59:59.999,complete
XAUUSDc,2026-05-12T07:00:00.000Z,2026-05-12 07:00:00.000,30m,4696.806,4697.927,4699.744,4686.501,6567,280,2026-05-12T07:29:59.999Z,2026-05-12 07:29:59.999,complete
XAUUSDc,2026-05-12T07:30:00.000Z,2026-05-12 07:30:00.000,30m,4697.834,4699.941,4703.692,4695.493,4732,280,2026-05-12T07:59:59.999Z,2026-05-12 07:59:59.999,complete
XAUUSDc,2026-05-12T08:00:00.000Z,2026-05-12 08:00:00.000,30m,4699.878,4702.853,4706.601,4696.835,4656,280,2026-05-12T08:29:59.999Z,2026-05-12 08:29:59.999,complete
XAUUSDc,2026-05-12T08:30:00.000Z,2026-05-12 08:30:00.000,30m,4702.812,4703.559,4706.365,4698.138,4348,280,2026-05-12T08:59:59.999Z,2026-05-12 08:59:59.999,complete
XAUUSDc,2026-05-12T09:00:00.000Z,2026-05-12 09:00:00.000,30m,4703.501,4699.828,4703.501,4697.419,3776,280,2026-05-12T09:29:59.999Z,2026-05-12 09:29:59.999,complete
XAUUSDc,2026-05-12T09:30:00.000Z,2026-05-12 09:30:00.000,30m,4699.461,4699.288,4705.273,4694.215,5188,280,2026-05-12T09:59:59.999Z,2026-05-12 09:59:59.999,complete
XAUUSDc,2026-05-12T10:00:00.000Z,2026-05-12 10:00:00.000,30m,4699.384,4700.049,4708.495,4698.532,4247,280,2026-05-12T10:29:59.999Z,2026-05-12 10:29:59.999,complete
XAUUSDc,2026-05-12T10:30:00.000Z,2026-05-12 10:30:00.000,30m,4700.344,4694.504,4700.367,4685.122,5659,280,2026-05-12T10:59:59.999Z,2026-05-12 10:59:59.999,complete
XAUUSDc,2026-05-12T11:00:00.000Z,2026-05-12 11:00:00.000,30m,4694.314,4699.919,4700.174,4686.955,5971,280,2026-05-12T11:29:59.999Z,2026-05-12 11:29:59.999,complete
XAUUSDc,2026-05-12T11:30:00.000Z,2026-05-12 11:30:00.000,30m,4700.27,4706.748,4709.385,4697.709,4350,280,2026-05-12T11:59:59.999Z,2026-05-12 11:59:59.999,complete
XAUUSDc,2026-05-12T12:00:00.000Z,2026-05-12 12:00:00.000,30m,4706.816,4697.353,4708.355,4695.057,6090,280,2026-05-12T12:29:59.999Z,2026-05-12 12:29:59.999,complete
XAUUSDc,2026-05-12T12:30:00.000Z,2026-05-12 12:30:00.000,30m,4697.368,4705.532,4711.693,4689.413,9909,280,2026-05-12T12:59:59.999Z,2026-05-12 12:59:59.999,complete
XAUUSDc,2026-05-12T13:00:00.000Z,2026-05-12 13:00:00.000,30m,4705.48,4690.652,4709.071,4679.486,10482,280,2026-05-12T13:29:59.999Z,2026-05-12 13:29:59.999,complete
XAUUSDc,2026-05-12T13:30:00.000Z,2026-05-12 13:30:00.000,30m,4690.874,4679.429,4701.78,4676.785,13495,280,2026-05-12T13:59:59.999Z,2026-05-12 13:59:59.999,complete
XAUUSDc,2026-05-12T14:00:00.000Z,2026-05-12 14:00:00.000,30m,4679.363,4683.329,4695.099,4675.799,10572,280,2026-05-12T14:29:59.999Z,2026-05-12 14:29:59.999,complete
XAUUSDc,2026-05-12T14:30:00.000Z,2026-05-12 14:30:00.000,30m,4683.386,4672.974,4687.979,4669.141,11265,280,2026-05-12T14:59:59.999Z,2026-05-12 14:59:59.999,complete
XAUUSDc,2026-05-12T15:00:00.000Z,2026-05-12 15:00:00.000,30m,4673.002,4655.818,4676.067,4638.0,14659,280,2026-05-12T15:29:59.999Z,2026-05-12 15:29:59.999,complete
XAUUSDc,2026-05-12T15:30:00.000Z,2026-05-12 15:30:00.000,30m,4655.876,4666.186,4670.101,4653.836,8398,280,2026-05-12T15:59:59.999Z,2026-05-12 15:59:59.999,complete
XAUUSDc,2026-05-12T16:00:00.000Z,2026-05-12 16:00:00.000,30m,4665.95,4668.051,4675.141,4664.019,5401,280,2026-05-12T16:29:59.999Z,2026-05-12 16:29:59.999,complete
XAUUSDc,2026-05-12T16:30:00.000Z,2026-05-12 16:30:00.000,30m,4668.438,4670.95,4674.377,4664.935,5102,280,2026-05-12T16:59:59.999Z,2026-05-12 16:59:59.999,complete
XAUUSDc,2026-05-12T17:00:00.000Z,2026-05-12 17:00:00.000,30m,4671.008,4679.479,4682.39,4671.008,5187,280,2026-05-12T17:29:59.999Z,2026-05-12 17:29:59.999,complete
XAUUSDc,2026-05-12T17:30:00.000Z,2026-05-12 17:30:00.000,30m,4679.419,4678.943,4680.629,4676.026,3898,280,2026-05-12T17:59:59.999Z,2026-05-12 17:59:59.999,complete
XAUUSDc,2026-05-12T18:00:00.000Z,2026-05-12 18:00:00.000,30m,4679.0,4685.128,4687.865,4676.103,4927,280,2026-05-12T18:29:59.999Z,2026-05-12 18:29:59.999,complete
XAUUSDc,2026-05-12T18:30:00.000Z,2026-05-12 18:30:00.000,30m,4685.364,4696.12,4698.254,4684.76,4728,280,2026-05-12T18:59:59.999Z,2026-05-12 18:59:59.999,complete
XAUUSDc,2026-05-12T19:00:00.000Z,2026-05-12 19:00:00.000,30m,4696.197,4703.336,4704.599,4696.197,3519,280,2026-05-12T19:29:59.999Z,2026-05-12 19:29:59.999,complete
XAUUSDc,2026-05-12T19:30:00.000Z,2026-05-12 19:30:00.000,30m,4703.394,4715.528,4715.89,4703.394,3740,280,2026-05-12T19:59:59.999Z,2026-05-12 19:59:59.999,complete
XAUUSDc,2026-05-12T20:00:00.000Z,2026-05-12 20:00:00.000,30m,4715.691,4713.055,4719.491,4712.111,2744,280,2026-05-12T20:29:59.999Z,2026-05-12 20:29:59.999,complete
XAUUSDc,2026-05-12T20:30:00.000Z,2026-05-12 20:30:00.000,30m,4713.065,4715.175,4715.945,4712.218,1949,280,2026-05-12T20:59:59.999Z,2026-05-12 20:59:59.999,complete
XAUUSDc,2026-05-12T22:00:00.000Z,2026-05-12 22:00:00.000,30m,4716.94,4716.863,4721.087,4711.543,2837,500,2026-05-12T22:29:59.999Z,2026-05-12 22:29:59.999,complete
XAUUSDc,2026-05-12T22:30:00.000Z,2026-05-12 22:30:00.000,30m,4716.788,4717.119,4722.252,4715.479,2144,360,2026-05-12T22:59:59.999Z,2026-05-12 22:59:59.999,complete
XAUUSDc,2026-05-12T23:00:00.000Z,2026-05-12 23:00:00.000,30m,4717.07,4720.43,4723.853,4715.649,2945,280,2026-05-12T23:29:59.999Z,2026-05-12 23:29:59.999,complete
XAUUSDc,2026-05-12T23:30:00.000Z,2026-05-12 23:30:00.000,30m,4720.491,4716.708,4723.404,4715.233,3486,280,2026-05-12T23:59:59.999Z,2026-05-12 23:59:59.999,complete
XAUUSDc,2026-05-13T00:00:00.000Z,2026-05-13 00:00:00.000,30m,4716.95,4722.497,4727.063,4714.893,6552,280,2026-05-13T00:29:59.999Z,2026-05-13 00:29:59.999,complete
XAUUSDc,2026-05-13T00:30:00.000Z,2026-05-13 00:30:00.000,30m,4722.398,4714.665,4725.002,4713.688,5174,280,2026-05-13T00:59:59.999Z,2026-05-13 00:59:59.999,complete
XAUUSDc,2026-05-13T01:00:00.000Z,2026-05-13 01:00:00.000,30m,4714.554,4704.345,4717.017,4702.713,9003,280,2026-05-13T01:29:59.999Z,2026-05-13 01:29:59.999,complete
XAUUSDc,2026-05-13T01:30:00.000Z,2026-05-13 01:30:00.000,30m,4704.523,4702.599,4710.767,4701.025,5483,280,2026-05-13T01:59:59.999Z,2026-05-13 01:59:59.999,complete
XAUUSDc,2026-05-13T02:00:00.000Z,2026-05-13 02:00:00.000,30m,4702.235,4700.381,4707.428,4698.007,4540,280,2026-05-13T02:29:59.999Z,2026-05-13 02:29:59.999,complete
XAUUSDc,2026-05-13T02:30:00.000Z,2026-05-13 02:30:00.000,30m,4700.439,4691.971,4700.439,4687.654,5837,280,2026-05-13T02:59:59.999Z,2026-05-13 02:59:59.999,complete
XAUUSDc,2026-05-13T03:00:00.000Z,2026-05-13 03:00:00.000,30m,4691.716,4700.45,4700.682,4688.954,4168,280,2026-05-13T03:29:59.999Z,2026-05-13 03:29:59.999,complete
XAUUSDc,2026-05-13T03:30:00.000Z,2026-05-13 03:30:00.000,30m,4700.447,4698.44,4705.932,4697.428,2801,280,2026-05-13T03:59:59.999Z,2026-05-13 03:59:59.999,intermediate
