Time,Symbol,Side,Entry,Status,Precision%,Drawdown%,MaxProfit%
2026-05-08 23:05,BTCUSDT,buy,67161.2967,WIN,0.63,1.31,5.13
2026-05-08 23:14,BTCUSDT,sell,66436.2495,LOSS,0.8,5.02,0.24
2026-05-08 23:42,BTCUSDT,buy,66990.02,WIN,0.36,0.52,5.22
2026-05-08 23:43,BTCUSDT,buy,67037.7016,WIN,0.39,0.59,5.15
2026-05-08 23:45,BTCUSDT,buy,67050.5397,WIN,0.37,0.61,5.13
2026-05-08 23:57,BTCUSDT,buy,67254.9907,WIN,0.41,0.91,5.25
2026-05-09 00:12,BTCUSDT,buy,67457.0285,WIN,0.55,0.45,5.06
2026-05-09 00:25,BTCUSDT,buy,67529.2533,WIN,0.56,0.19,5.08
2026-05-09 00:32,BTCUSDT,buy,67768.7934,WIN,0.49,0.2,5.27
2026-05-09 00:34,BTCUSDT,buy,67815.9499,WIN,0.37,0.27,5.2
2026-05-09 00:56,BTCUSDT,buy,68143.6172,WIN,0.45,0.61,5.13
2026-05-09 01:31,BTCUSDT,sell,67866.7096,LOSS,0.54,5.12,0.2
2026-05-09 01:32,BTCUSDT,sell,67839.9512,LOSS,0.58,5.16,0.16
2026-05-09 01:35,BTCUSDT,buy,69409.2964,WIN,2.48,0.1,5.06
2026-05-09 01:38,BTCUSDT,buy,69627.2072,WIN,2.8,0.31,5.15
2026-05-09 01:43,BTCUSDT,buy,69847.2095,WIN,0.63,0.11,5.11
2026-05-09 01:44,BTCUSDT,buy,70092.2641,WIN,0.98,0.46,5.13
2026-05-09 01:54,BTCUSDT,buy,70290.7306,WIN,0.75,0.5,5.01
2026-05-09 01:56,BTCUSDT,buy,70354.571,WIN,0.84,0.59,5.02
2026-05-09 02:31,BTCUSDT,buy,70691.0867,WIN,0.42,0.31,5.05
2026-05-09 02:33,BTCUSDT,buy,70879.8232,WIN,0.61,0.58,5.1
2026-05-09 02:41,BTCUSDT,buy,71018.7257,WIN,0.78,0.28,5.19
2026-05-09 02:43,BTCUSDT,buy,71228.8685,WIN,1.08,0.54,5.04
2026-05-09 02:47,BTCUSDT,buy,71403.351,WIN,0.82,0.79,5.18
2026-05-09 02:57,BTCUSDT,buy,71583.8226,WIN,0.53,1.04,5.11
2026-05-09 03:02,BTCUSDT,buy,71863.7785,WIN,0.62,1.42,5.31
2026-05-09 03:22,BTCUSDT,sell,71194.2862,LOSS,0.87,5.09,0.49
2026-05-09 03:44,BTCUSDT,sell,71011.1308,LOSS,0.5,5.2,0.24
2026-05-09 03:50,BTCUSDT,sell,70910.6676,LOSS,0.59,5.05,0.06
2026-05-09 03:57,BTCUSDT,buy,71400.7391,WIN,0.75,0.04,5.19
2026-05-09 03:58,BTCUSDT,buy,71486.1342,WIN,0.87,0.16,5.06
2026-05-09 03:59,BTCUSDT,buy,71568.2409,WIN,0.99,0.19,5.13
2026-05-09 04:05,BTCUSDT,buy,71706.7171,WIN,0.38,0.14,5.13
2026-05-09 04:07,BTCUSDT,buy,71769.0268,WIN,0.46,0.13,5.04
2026-05-09 04:08,BTCUSDT,buy,71856.9629,WIN,0.59,0.25,5.32
2026-05-09 04:09,BTCUSDT,buy,72100.1149,WIN,0.93,0.59,6.8
2026-05-09 04:11,BTCUSDT,buy,72221.2782,WIN,0.86,0.76,6.62
2026-05-09 04:15,BTCUSDT,buy,72268.4921,WIN,0.44,0.82,6.55
2026-05-09 04:25,BTCUSDT,buy,72544.7264,WIN,1.1,1.2,6.15
2026-05-09 04:42,BTCUSDT,sell,71859.5617,LOSS,0.55,5.32,0.26
2026-05-09 04:43,BTCUSDT,sell,71707.4989,LOSS,0.69,5.13,0.0
2026-05-09 04:55,BTCUSDT,buy,72822.624,WIN,1.45,1.46,5.74
2026-05-09 04:56,BTCUSDT,buy,72867.7631,WIN,1.51,1.52,5.67
2026-05-09 04:57,BTCUSDT,buy,73020.541,WIN,1.72,1.72,5.45
2026-05-09 05:15,BTCUSDT,sell,72636.784,LOSS,0.56,6.01,1.2
2026-05-09 05:22,BTCUSDT,sell,72442.6587,LOSS,0.52,6.29,0.94
2026-05-09 05:23,BTCUSDT,sell,72379.9947,LOSS,0.54,6.39,0.85
2026-05-09 05:30,BTCUSDT,sell,72174.2671,LOSS,0.55,6.69,0.57
2026-05-09 05:31,BTCUSDT,sell,72038.3882,LOSS,0.74,5.05,0.38
2026-05-09 05:54,BTCUSDT,sell,71879.6968,LOSS,0.55,5.29,0.16
2026-05-09 05:55,BTCUSDT,sell,71841.0863,LOSS,0.61,5.34,0.11
2026-05-09 06:14,BTCUSDT,buy,72573.5167,WIN,0.73,0.96,6.1
2026-05-09 06:15,BTCUSDT,buy,72808.5191,WIN,0.87,1.28,5.76
2026-05-09 06:16,BTCUSDT,buy,72903.2395,WIN,1.0,1.41,5.62
2026-05-09 06:32,BTCUSDT,sell,72162.7306,LOSS,0.47,6.71,0.4
2026-05-09 06:41,BTCUSDT,buy,72810.3392,WIN,0.38,1.28,5.76
2026-05-09 06:42,BTCUSDT,buy,72883.2714,WIN,0.48,1.38,5.65
2026-05-09 06:53,BTCUSDT,sell,72174.326,LOSS,0.75,6.69,0.41
2026-05-09 07:11,BTCUSDT,buy,72810.1573,WIN,0.72,0.88,5.76
2026-05-09 07:14,BTCUSDT,buy,73071.755,WIN,0.81,1.24,5.38
2026-05-09 07:18,BTCUSDT,buy,73240.4388,WIN,0.49,1.47,5.14
2026-05-09 07:20,BTCUSDT,buy,73429.2812,WIN,0.57,1.72,5.13
2026-05-09 07:32,BTCUSDT,buy,73538.4605,WIN,0.68,1.86,5.0
2026-05-09 07:44,BTCUSDT,buy,73753.6455,WIN,0.66,2.15,5.17
2026-05-09 07:45,BTCUSDT,buy,73850.1544,WIN,0.79,2.28,5.03
2026-05-09 07:46,BTCUSDT,buy,73917.1889,WIN,0.86,2.37,5.05
2026-05-09 07:48,BTCUSDT,buy,74022.4265,WIN,0.84,2.51,5.03
2026-05-09 07:51,BTCUSDT,buy,74124.1676,WIN,0.53,2.64,5.09
2026-05-09 07:52,BTCUSDT,buy,74254.2037,WIN,0.7,2.81,5.04
2026-05-09 08:07,BTCUSDT,sell,73642.7643,LOSS,0.62,5.01,2.0
2026-05-09 08:10,BTCUSDT,sell,73546.611,LOSS,0.53,5.06,1.88
2026-05-09 08:14,BTCUSDT,sell,73405.3677,LOSS,0.59,5.01,1.69
2026-05-09 08:15,BTCUSDT,buy,74477.0652,WIN,1.52,3.1,5.11
2026-05-09 08:54,BTCUSDT,sell,73738.6149,LOSS,0.81,5.19,2.13
2026-05-09 09:32,BTCUSDT,buy,74517.3397,WIN,0.42,3.15,5.06
2026-05-09 09:34,BTCUSDT,buy,74657.2025,WIN,0.6,3.33,5.04
2026-05-09 09:35,BTCUSDT,buy,74793.1379,WIN,0.65,3.51,5.05
2026-05-09 09:36,BTCUSDT,buy,74930.4991,WIN,0.83,3.69,5.05
2026-05-09 09:46,BTCUSDT,buy,75002.778,WIN,0.72,3.78,5.1
2026-05-09 09:47,BTCUSDT,buy,75214.1715,WIN,0.88,4.05,5.17
2026-05-09 09:48,BTCUSDT,buy,75273.1841,WIN,0.76,4.13,5.08
2026-05-09 10:03,BTCUSDT,sell,74549.7452,LOSS,0.49,5.01,3.2
2026-05-09 10:04,BTCUSDT,sell,74337.8214,LOSS,0.74,5.31,2.92
2026-05-09 10:05,BTCUSDT,sell,74206.146,LOSS,0.88,5.11,2.75
2026-05-09 10:12,BTCUSDT,sell,74168.9839,LOSS,0.27,5.02,2.7
2026-05-09 10:30,BTCUSDT,buy,74736.1589,WIN,0.72,3.44,5.13
2026-05-09 10:42,BTCUSDT,buy,74875.0526,WIN,0.36,3.62,5.12
2026-05-09 10:44,BTCUSDT,buy,74923.8676,WIN,0.38,3.68,5.05
2026-05-09 10:59,BTCUSDT,buy,75068.2122,WIN,0.58,3.86,5.01
2026-05-09 11:04,BTCUSDT,sell,74487.7772,LOSS,0.86,5.1,3.12
2026-05-09 11:15,BTCUSDT,buy,75322.485,WIN,0.69,4.19,5.02
2026-05-09 11:25,BTCUSDT,sell,74402.5571,LOSS,0.72,5.22,3.0
2026-05-09 11:30,BTCUSDT,sell,74152.7559,LOSS,0.52,5.05,2.68
2026-05-09 11:36,BTCUSDT,buy,75497.8565,WIN,1.77,4.41,5.03
2026-05-09 11:55,BTCUSDT,sell,74329.2592,LOSS,0.69,5.32,2.91
2026-05-09 12:11,BTCUSDT,buy,74879.7326,WIN,0.64,3.62,5.12
2026-05-09 12:27,BTCUSDT,buy,75127.9473,WIN,0.56,3.94,5.04
2026-05-09 12:38,BTCUSDT,buy,75266.9408,WIN,0.45,4.12,5.09
2026-05-09 12:39,BTCUSDT,buy,75380.2485,WIN,0.6,4.26,5.11
2026-05-09 12:52,BTCUSDT,sell,74893.0467,LOSS,0.63,5.1,3.64
2026-05-09 12:53,BTCUSDT,sell,74809.2696,LOSS,0.74,5.03,3.53
2026-05-09 12:54,BTCUSDT,sell,74737.2931,LOSS,0.8,5.13,3.44
2026-05-09 13:13,BTCUSDT,sell,74483.5195,LOSS,0.43,5.1,3.11
2026-05-09 13:28,BTCUSDT,sell,74209.9436,LOSS,0.51,5.1,2.75
2026-05-09 13:37,BTCUSDT,sell,74117.0676,LOSS,0.85,5.1,2.63
2026-05-09 13:39,BTCUSDT,sell,73925.6308,LOSS,0.72,5.04,2.38
2026-05-09 13:41,BTCUSDT,sell,73779.5398,LOSS,0.92,5.13,2.19
2026-05-09 14:08,BTCUSDT,buy,74128.5817,WIN,0.52,2.65,5.08
2026-05-09 14:20,BTCUSDT,sell,73558.9161,LOSS,0.74,5.04,1.89
2026-05-09 14:48,BTCUSDT,buy,74054.8775,WIN,0.89,2.55,5.18
2026-05-09 14:55,BTCUSDT,buy,74680.7428,WIN,1.68,3.37,5.0
2026-05-09 15:20,BTCUSDT,buy,74815.4312,WIN,0.35,3.54,5.02
2026-05-09 15:22,BTCUSDT,buy,74915.9034,WIN,0.43,3.67,5.07
2026-05-09 15:23,BTCUSDT,buy,74949.5347,WIN,0.48,3.71,5.02
2026-05-09 15:30,BTCUSDT,sell,74281.998,LOSS,0.94,5.39,2.85
2026-05-09 15:48,BTCUSDT,buy,74792.2384,WIN,0.4,3.51,5.06
2026-05-09 15:49,BTCUSDT,buy,74846.434,WIN,0.47,3.58,5.02
2026-05-09 15:57,BTCUSDT,sell,74480.1256,LOSS,0.57,5.11,3.11
2026-05-09 16:02,BTCUSDT,sell,74435.7834,LOSS,0.38,5.17,3.05
2026-05-09 16:28,BTCUSDT,buy,75160.3814,WIN,0.97,3.98,5.24
2026-05-09 16:44,BTCUSDT,sell,74338.5025,LOSS,0.63,5.31,2.92
2026-05-09 16:59,BTCUSDT,sell,74096.6055,LOSS,0.62,5.13,2.6
2026-05-09 17:02,BTCUSDT,buy,74646.9086,WIN,0.79,3.32,5.05
2026-05-09 17:27,BTCUSDT,buy,74545.3802,WIN,0.5,3.19,5.02
2026-05-09 17:29,BTCUSDT,buy,74828.262,WIN,0.79,3.56,5.01
2026-05-09 17:42,BTCUSDT,sell,74130.0082,LOSS,0.9,5.08,2.65
2026-05-09 17:49,BTCUSDT,sell,74007.3235,LOSS,0.47,5.06,2.49
2026-05-09 17:50,BTCUSDT,sell,73899.0858,LOSS,0.62,5.08,2.34
2026-05-09 17:54,BTCUSDT,sell,73696.0933,LOSS,0.53,5.01,2.07
2026-05-09 18:06,BTCUSDT,sell,73561.8602,LOSS,0.42,5.04,1.9
2026-05-09 18:07,BTCUSDT,sell,73391.5242,LOSS,0.65,5.03,1.67
2026-05-09 18:09,BTCUSDT,sell,73307.3895,LOSS,0.62,5.04,1.56
2026-05-09 18:10,BTCUSDT,sell,73063.5584,LOSS,0.88,5.39,1.23
2026-05-09 18:11,BTCUSDT,sell,72850.7855,LOSS,1.17,5.7,0.94
2026-05-09 18:16,BTCUSDT,buy,74049.9923,WIN,1.96,2.54,5.19
2026-05-09 18:38,BTCUSDT,sell,73283.1946,LOSS,0.58,5.08,1.52
2026-05-09 18:39,BTCUSDT,sell,73233.349,LOSS,0.65,5.15,1.46
2026-05-09 18:40,BTCUSDT,sell,73183.7224,LOSS,0.72,5.22,1.39
2026-05-09 18:43,BTCUSDT,sell,72949.1087,LOSS,0.5,5.56,1.07
2026-05-09 18:50,BTCUSDT,sell,72728.9749,LOSS,0.44,5.88,0.77
2026-05-09 18:51,BTCUSDT,sell,72666.1938,LOSS,0.44,5.97,0.69
2026-05-09 19:09,BTCUSDT,sell,72595.8192,LOSS,0.71,6.07,0.59
2026-05-09 19:10,BTCUSDT,sell,72514.3224,LOSS,0.82,6.19,0.48
2026-05-09 19:14,BTCUSDT,sell,72461.9137,LOSS,0.33,6.27,0.41
2026-05-09 19:15,BTCUSDT,sell,72330.898,LOSS,0.45,6.46,0.23
2026-05-09 19:24,BTCUSDT,buy,73189.5415,WIN,1.01,1.4,5.21
2026-05-09 19:25,BTCUSDT,buy,73423.0717,WIN,1.19,1.71,5.13
2026-05-09 19:33,BTCUSDT,buy,73554.5859,WIN,0.43,1.89,5.05
2026-05-09 19:37,BTCUSDT,buy,73943.1732,WIN,0.76,2.4,5.02
2026-05-09 19:38,BTCUSDT,buy,74028.4443,WIN,0.87,2.51,5.03
2026-05-09 19:59,BTCUSDT,sell,73333.7218,LOSS,0.33,5.0,1.59
2026-05-09 20:05,BTCUSDT,sell,73142.7047,LOSS,0.41,5.28,1.33
2026-05-09 20:14,BTCUSDT,buy,73820.0754,WIN,1.05,2.24,5.07
2026-05-09 20:27,BTCUSDT,sell,72947.2429,LOSS,0.59,5.56,1.07
2026-05-09 20:38,BTCUSDT,buy,73488.0533,WIN,0.53,1.8,5.04
2026-05-09 20:52,BTCUSDT,sell,72912.9172,LOSS,0.7,5.61,1.02
2026-05-09 20:58,BTCUSDT,sell,72790.8331,LOSS,0.56,5.79,0.86
2026-05-09 20:59,BTCUSDT,sell,72671.8774,LOSS,0.62,5.96,0.69
2026-05-09 21:00,BTCUSDT,sell,72592.7565,LOSS,0.72,6.07,0.59
2026-05-09 21:11,BTCUSDT,sell,72267.978,LOSS,0.47,6.55,0.04
2026-05-09 21:26,BTCUSDT,buy,72885.6514,WIN,0.45,0.64,5.65
2026-05-09 21:35,BTCUSDT,buy,73262.1834,WIN,1.17,0.85,5.11
2026-05-09 21:39,BTCUSDT,buy,73372.1241,WIN,1.24,1.0,5.06
2026-05-09 22:10,BTCUSDT,buy,73521.4228,WIN,0.55,0.48,5.03
2026-05-09 22:12,BTCUSDT,buy,73703.4997,WIN,0.73,0.72,5.0
2026-05-09 22:13,BTCUSDT,buy,73789.4344,WIN,0.82,0.84,5.11
2026-05-09 22:14,BTCUSDT,buy,73808.9033,WIN,0.84,0.86,5.09
2026-05-09 22:30,BTCUSDT,sell,73336.089,LOSS,0.72,5.11,0.22
2026-05-09 22:31,BTCUSDT,sell,73257.4458,LOSS,0.82,5.11,0.12
2026-05-09 22:51,BTCUSDT,buy,73870.6927,WIN,0.55,0.56,5.12
2026-05-09 22:52,BTCUSDT,buy,73972.4854,WIN,0.68,0.69,5.03
2026-05-09 22:53,BTCUSDT,buy,74008.8848,WIN,0.73,0.74,5.05
2026-05-09 22:59,BTCUSDT,buy,74360.862,WIN,0.67,1.21,5.28
2026-05-09 23:02,BTCUSDT,buy,74510.8292,WIN,0.85,1.41,5.06
2026-05-09 23:03,BTCUSDT,buy,74536.5588,WIN,0.73,1.44,5.03
2026-05-09 23:11,BTCUSDT,buy,74676.0148,WIN,0.51,1.63,5.01
2026-05-09 23:21,BTCUSDT,sell,74199.1892,LOSS,0.63,5.12,1.0
2026-05-09 23:28,BTCUSDT,sell,73897.3583,LOSS,0.51,5.08,0.59
2026-05-09 23:29,BTCUSDT,sell,73790.2442,LOSS,0.65,5.11,0.45
2026-05-09 23:35,BTCUSDT,sell,73721.3581,LOSS,0.43,5.21,0.35
2026-05-09 23:37,BTCUSDT,sell,73642.3197,LOSS,0.53,5.01,0.25
2026-05-09 23:38,BTCUSDT,sell,73485.996,LOSS,0.73,5.04,0.01
2026-05-10 00:29,BTCUSDT,buy,74364.0236,WIN,0.83,0.06,5.27
2026-05-10 00:31,BTCUSDT,buy,74621.0954,WIN,1.03,0.26,5.09
2026-05-10 00:32,BTCUSDT,buy,74815.9061,WIN,1.27,0.52,5.02
2026-05-10 00:34,BTCUSDT,buy,74992.8104,WIN,0.92,0.75,5.12
2026-05-10 00:55,BTCUSDT,buy,76851.2491,WIN,3.18,2.23,5.05
2026-05-10 00:56,BTCUSDT,buy,77011.413,WIN,3.25,2.43,5.02
2026-05-10 00:57,BTCUSDT,buy,77187.4754,WIN,3.49,2.66,5.39
2026-05-10 01:31,BTCUSDT,sell,76394.9581,LOSS,0.53,5.68,1.65
2026-05-10 01:32,BTCUSDT,sell,76244.4524,LOSS,0.59,5.89,1.45
2026-05-10 01:34,BTCUSDT,sell,76078.8315,LOSS,0.81,6.12,1.24
2026-05-10 01:49,BTCUSDT,sell,75917.9743,LOSS,0.8,6.34,1.03
2026-05-10 02:08,BTCUSDT,buy,76723.1853,WIN,0.57,2.07,5.23
2026-05-10 02:09,BTCUSDT,buy,77174.4842,WIN,1.16,2.64,5.01
2026-05-10 02:24,BTCUSDT,buy,77698.1226,WIN,0.83,3.3,5.09
2026-05-10 02:25,BTCUSDT,buy,77876.9965,WIN,0.73,3.52,5.12
2026-05-10 02:26,BTCUSDT,buy,77969.6493,WIN,0.85,3.63,5.02
2026-05-10 02:27,BTCUSDT,buy,78229.3067,WIN,1.06,3.95,5.01
2026-05-10 02:29,BTCUSDT,buy,78321.1717,WIN,0.84,4.07,5.01
2026-05-10 02:35,BTCUSDT,buy,78423.2649,WIN,0.57,4.19,5.13
2026-05-10 02:36,BTCUSDT,buy,78531.6249,WIN,0.52,4.32,5.13
2026-05-10 02:46,BTCUSDT,sell,77869.8113,LOSS,0.62,5.13,3.51
2026-05-10 02:47,BTCUSDT,sell,77614.0302,LOSS,0.95,5.0,3.19
2026-05-10 02:48,BTCUSDT,sell,77557.8611,LOSS,0.88,5.08,3.12
2026-05-10 02:51,BTCUSDT,sell,77477.8771,LOSS,0.51,5.03,3.02
2026-05-10 02:54,BTCUSDT,sell,77326.9072,LOSS,0.46,5.2,2.83
2026-05-10 02:55,BTCUSDT,sell,77222.1691,LOSS,0.56,5.34,2.7
2026-05-10 03:28,BTCUSDT,sell,77254.4322,LOSS,0.97,5.29,2.74
2026-05-10 03:29,BTCUSDT,sell,77204.3958,LOSS,1.04,5.36,2.68
2026-05-10 03:32,BTCUSDT,sell,77119.513,LOSS,0.49,5.08,2.57
2026-05-10 03:36,BTCUSDT,sell,76978.6683,LOSS,0.53,5.07,2.39
2026-05-10 03:55,BTCUSDT,buy,77404.7842,WIN,0.76,2.93,5.09
2026-05-10 04:04,BTCUSDT,sell,76800.2762,LOSS,0.87,5.12,2.17
2026-05-10 04:05,BTCUSDT,sell,76660.3768,LOSS,0.82,5.31,1.99
2026-05-10 04:07,BTCUSDT,sell,76301.1589,LOSS,1.09,5.81,1.53
2026-05-10 04:08,BTCUSDT,sell,76220.6713,LOSS,1.01,5.92,1.42
2026-05-10 04:15,BTCUSDT,buy,78367.6942,WIN,2.66,4.12,5.04
2026-05-10 04:17,BTCUSDT,buy,78417.7065,WIN,2.6,4.18,5.13
2026-05-10 04:35,BTCUSDT,sell,78218.91,LOSS,0.57,5.03,3.94
2026-05-10 04:44,BTCUSDT,buy,78981.1967,WIN,0.64,4.87,6.72
2026-05-10 04:50,BTCUSDT,buy,79103.3123,LOSS,0.51,5.01,0.65
2026-05-10 04:53,BTCUSDT,buy,79269.8498,LOSS,0.55,5.03,0.44
2026-05-10 05:03,BTCUSDT,sell,78689.3396,LOSS,0.46,5.0,4.51
2026-05-10 05:05,BTCUSDT,sell,78637.7984,LOSS,0.43,5.02,4.45
2026-05-10 05:23,BTCUSDT,sell,78354.9758,LOSS,0.8,5.02,4.11
2026-05-10 05:24,BTCUSDT,sell,78227.3031,LOSS,0.97,5.02,3.95
2026-05-10 05:25,BTCUSDT,sell,78058.3412,LOSS,1.18,5.07,3.74
2026-05-10 06:26,BTCUSDT,buy,78984.4223,WIN,0.5,4.87,6.72
2026-05-10 06:38,BTCUSDT,sell,78492.3277,LOSS,0.54,5.03,4.28
2026-05-10 06:39,BTCUSDT,sell,78448.6077,LOSS,0.59,5.09,4.22
2026-05-10 06:40,BTCUSDT,sell,78364.0384,LOSS,0.58,5.0,4.12
2026-05-10 06:41,BTCUSDT,sell,78286.573,LOSS,0.51,5.03,4.02
2026-05-10 06:57,BTCUSDT,sell,78067.1918,LOSS,0.78,5.06,3.75
2026-05-10 06:58,BTCUSDT,sell,77980.6243,LOSS,0.89,5.01,3.65
2026-05-10 07:17,BTCUSDT,sell,77656.4443,LOSS,1.23,5.15,3.24
2026-05-10 07:30,BTCUSDT,sell,77229.9309,LOSS,0.77,5.33,2.71
2026-05-10 07:35,BTCUSDT,buy,79421.9016,LOSS,2.92,5.03,0.25
2026-05-10 07:37,BTCUSDT,buy,79486.7586,LOSS,2.82,5.07,0.1
2026-05-10 08:06,BTCUSDT,sell,78957.6848,LOSS,0.7,6.75,4.84
2026-05-10 08:16,BTCUSDT,sell,78735.145,LOSS,0.56,5.11,4.57
2026-05-10 08:23,BTCUSDT,sell,78573.219,LOSS,0.39,5.07,4.37
2026-05-10 08:26,BTCUSDT,sell,78454.9237,LOSS,0.5,5.08,4.23
2026-05-10 08:27,BTCUSDT,sell,78398.0229,LOSS,0.51,5.0,4.16
2026-05-10 08:35,BTCUSDT,sell,78089.7818,LOSS,0.69,5.03,3.78
2026-05-10 08:56,BTCUSDT,sell,78021.7395,LOSS,0.58,5.0,3.7
2026-05-10 08:57,BTCUSDT,sell,77944.4867,LOSS,0.67,5.03,3.6
2026-05-10 08:59,BTCUSDT,sell,77841.7936,LOSS,0.52,5.17,3.48
2026-05-10 09:17,BTCUSDT,sell,77450.9534,LOSS,0.85,5.03,2.99
2026-05-10 09:21,BTCUSDT,sell,77382.843,LOSS,0.43,5.12,2.9
2026-05-10 09:27,BTCUSDT,sell,77353.3594,LOSS,0.63,5.16,2.87
2026-05-10 09:40,BTCUSDT,sell,77105.8346,LOSS,0.75,5.1,2.55
2026-05-10 09:41,BTCUSDT,sell,76865.5908,LOSS,0.9,5.03,2.25
2026-05-10 09:42,BTCUSDT,sell,76688.1622,LOSS,0.99,5.28,2.02
2026-05-10 09:44,BTCUSDT,sell,76481.2776,LOSS,1.26,5.56,1.76
2026-05-10 10:15,BTCUSDT,sell,76001.7589,LOSS,0.74,6.23,1.14
2026-05-10 10:17,BTCUSDT,sell,75811.5267,LOSS,0.86,6.49,0.89
2026-05-10 10:18,BTCUSDT,sell,75746.3623,LOSS,0.94,6.58,0.81
2026-05-10 10:25,BTCUSDT,sell,75557.6823,LOSS,0.68,6.85,0.56
2026-05-10 10:31,BTCUSDT,sell,75372.0511,LOSS,0.4,5.01,0.31
2026-05-10 10:32,BTCUSDT,sell,75222.013,LOSS,0.6,5.22,0.01
2026-05-10 10:46,BTCUSDT,buy,75904.2671,WIN,0.64,0.05,6.36
2026-05-10 10:47,BTCUSDT,buy,75991.5437,WIN,0.71,0.03,6.24
2026-05-10 10:48,BTCUSDT,buy,76034.3665,WIN,0.77,0.0,6.18
2026-05-10 10:49,BTCUSDT,buy,76178.1047,WIN,0.82,0.16,5.98
2026-05-10 10:54,BTCUSDT,buy,76362.9209,WIN,0.4,0.0,5.72
2026-05-10 10:55,BTCUSDT,buy,77856.7186,WIN,2.36,0.51,5.15
2026-05-10 10:57,BTCUSDT,buy,78001.7481,WIN,2.52,0.7,5.03
2026-05-10 11:00,BTCUSDT,buy,78033.7286,WIN,0.38,0.74,5.11
2026-05-10 11:01,BTCUSDT,buy,78106.9757,WIN,0.47,0.83,5.01
2026-05-10 11:32,BTCUSDT,buy,78353.5257,WIN,0.71,0.39,5.02
2026-05-10 11:33,BTCUSDT,buy,78562.9637,WIN,0.73,0.66,5.08
2026-05-10 11:54,BTCUSDT,buy,78977.3699,WIN,0.62,1.18,6.73
2026-05-10 11:55,BTCUSDT,buy,79109.2462,WIN,0.79,1.35,6.55
2026-05-10 11:57,BTCUSDT,buy,79166.9625,WIN,0.78,1.42,6.47
2026-05-10 11:58,BTCUSDT,buy,79281.7438,WIN,0.75,1.56,6.32
2026-05-10 12:23,BTCUSDT,sell,78793.1753,LOSS,0.46,5.04,0.95
2026-05-10 12:34,BTCUSDT,sell,78584.1981,LOSS,0.71,5.06,0.69
2026-05-10 12:54,BTCUSDT,sell,78348.8533,LOSS,0.68,5.02,0.39
2026-05-10 13:22,BTCUSDT,buy,78745.8157,WIN,0.46,0.89,5.1
2026-05-10 13:32,BTCUSDT,sell,78110.4499,LOSS,0.82,5.0,0.08
2026-05-10 13:43,BTCUSDT,buy,78979.7535,WIN,0.88,0.78,6.72
2026-05-10 14:13,BTCUSDT,sell,78490.899,LOSS,0.88,5.03,0.16
2026-05-10 14:15,BTCUSDT,buy,80696.049,WIN,2.98,0.07,5.12
2026-05-10 14:16,BTCUSDT,buy,80766.7967,WIN,3.07,0.15,5.03
2026-05-10 14:18,BTCUSDT,buy,81016.0617,WIN,3.39,0.46,6.2
2026-05-10 14:19,BTCUSDT,buy,81204.0177,WIN,3.63,0.69,5.96
2026-05-10 14:43,BTCUSDT,buy,81600.7577,WIN,0.77,0.4,5.44
2026-05-10 14:44,BTCUSDT,buy,81666.2133,WIN,0.74,0.48,5.36
2026-05-10 14:45,BTCUSDT,buy,81778.5848,WIN,0.6,0.62,5.21
2026-05-10 15:05,BTCUSDT,buy,82014.2252,WIN,0.9,0.55,5.26
2026-05-10 15:06,BTCUSDT,buy,82051.757,WIN,0.91,0.6,5.21
2026-05-10 15:31,BTCUSDT,sell,81692.3225,LOSS,0.77,5.32,0.16
2026-05-10 16:12,BTCUSDT,sell,81686.3695,LOSS,0.58,5.33,0.15
2026-05-10 16:13,BTCUSDT,sell,81580.1013,LOSS,0.56,5.47,0.01
2026-05-10 16:19,BTCUSDT,buy,82192.0852,WIN,0.76,0.71,5.03
2026-05-10 16:42,BTCUSDT,buy,82183.2565,WIN,0.7,0.37,5.04
2026-05-10 16:43,BTCUSDT,buy,82253.2326,WIN,0.79,0.46,5.12
2026-05-10 16:46,BTCUSDT,buy,82509.9454,WIN,0.85,2.07,5.05
2026-05-10 16:48,BTCUSDT,buy,82656.7444,WIN,0.66,2.24,5.1
2026-05-10 17:06,BTCUSDT,sell,81994.4896,LOSS,0.67,5.28,0.14
2026-05-10 17:22,BTCUSDT,buy,82652.4143,WIN,0.55,2.24,5.11
2026-05-10 17:35,BTCUSDT,buy,84201.2859,WIN,2.84,4.04,5.75
2026-05-10 17:43,BTCUSDT,buy,84446.8332,WIN,0.48,4.32,5.44
2026-05-10 17:44,BTCUSDT,buy,84662.1607,WIN,0.73,4.56,5.17
2026-05-10 17:46,BTCUSDT,buy,84713.7545,WIN,0.76,4.62,5.11
2026-05-10 17:58,BTCUSDT,sell,84015.7038,LOSS,0.71,5.98,3.83
2026-05-10 18:35,BTCUSDT,buy,84318.2591,WIN,0.66,4.17,5.6
2026-05-10 19:01,BTCUSDT,sell,83609.933,LOSS,0.73,6.5,3.36
2026-05-10 19:03,BTCUSDT,sell,83390.261,LOSS,0.61,6.78,3.1
2026-05-10 19:19,BTCUSDT,buy,84133.4083,WIN,0.56,3.96,5.83
2026-05-10 19:41,BTCUSDT,buy,84272.7165,WIN,0.48,4.12,5.66
2026-05-10 19:45,BTCUSDT,buy,84382.2354,WIN,0.43,4.24,5.52
2026-05-10 19:48,BTCUSDT,buy,84486.9859,WIN,0.38,4.36,5.39
2026-05-10 19:50,BTCUSDT,buy,84685.4811,WIN,0.45,4.59,5.14
2026-05-10 20:02,BTCUSDT,sell,84008.8652,LOSS,0.65,5.99,3.82
2026-05-10 20:19,BTCUSDT,sell,83601.1515,LOSS,0.96,6.51,3.35
2026-05-10 20:26,BTCUSDT,sell,83210.4531,LOSS,0.55,5.07,2.89
2026-05-10 20:27,BTCUSDT,sell,83151.926,LOSS,0.62,5.0,2.83
2026-05-10 20:49,BTCUSDT,buy,84083.6268,WIN,1.05,3.9,5.9
2026-05-10 20:55,BTCUSDT,buy,86036.4518,LOSS,2.74,5.05,0.56
2026-05-10 20:56,BTCUSDT,buy,86249.771,LOSS,3.0,5.29,0.31
2026-05-10 21:17,BTCUSDT,sell,85731.9363,WIN,0.63,0.92,5.14
2026-05-10 21:24,BTCUSDT,buy,86353.3897,LOSS,0.66,5.4,0.19
2026-05-10 21:25,BTCUSDT,buy,86383.3988,LOSS,0.61,5.43,0.16
2026-05-10 21:50,BTCUSDT,sell,85815.7971,WIN,0.54,0.27,5.23
2026-05-10 21:59,BTCUSDT,sell,85659.0731,WIN,0.46,0.31,5.06
2026-05-10 22:00,BTCUSDT,sell,85532.1806,WIN,0.49,0.46,5.07
2026-05-10 22:12,BTCUSDT,sell,85159.6723,WIN,0.44,0.05,5.12
2026-05-10 22:13,BTCUSDT,sell,85122.2743,WIN,0.43,0.0,5.08
2026-05-10 22:15,BTCUSDT,sell,84961.3475,LOSS,0.61,5.05,4.9
2026-05-10 22:29,BTCUSDT,sell,84513.1268,LOSS,0.52,5.36,4.39
2026-05-10 22:30,BTCUSDT,sell,84435.6026,LOSS,0.62,5.46,4.3
2026-05-10 22:32,BTCUSDT,sell,84357.1989,LOSS,0.6,5.55,4.21
2026-05-10 22:33,BTCUSDT,sell,84274.1031,LOSS,0.7,5.66,4.12
2026-05-10 22:42,BTCUSDT,sell,83957.99,LOSS,0.43,6.06,3.76
2026-05-10 22:50,BTCUSDT,sell,83715.9758,LOSS,0.77,6.36,3.48
2026-05-10 22:51,BTCUSDT,sell,83512.1545,LOSS,1.01,6.62,3.25
2026-05-10 22:54,BTCUSDT,sell,83373.7459,LOSS,0.68,6.8,3.08
2026-05-10 23:16,BTCUSDT,sell,83292.1602,LOSS,0.65,6.9,2.99
2026-05-10 23:18,BTCUSDT,sell,83140.3409,LOSS,0.83,5.01,2.81
2026-05-10 23:19,BTCUSDT,sell,82967.0196,LOSS,1.04,5.23,2.61
2026-05-10 23:20,BTCUSDT,sell,82896.7175,LOSS,0.94,5.32,2.53
2026-05-10 23:22,BTCUSDT,sell,82800.7765,LOSS,0.71,5.08,2.41
2026-05-10 23:23,BTCUSDT,sell,82565.3055,LOSS,0.77,5.22,2.14
2026-05-10 23:24,BTCUSDT,sell,82401.7441,LOSS,0.76,5.04,1.94
2026-05-10 23:25,BTCUSDT,sell,82273.8299,LOSS,0.91,5.02,1.79
2026-05-10 23:27,BTCUSDT,sell,81903.1492,LOSS,1.13,5.1,1.34
2026-05-10 23:30,BTCUSDT,sell,81665.9055,LOSS,0.81,5.17,1.06
2026-05-10 23:51,BTCUSDT,sell,81626.8837,LOSS,0.63,5.22,1.01
2026-05-10 23:52,BTCUSDT,sell,81375.0309,LOSS,0.94,5.12,0.7
2026-05-10 23:55,BTCUSDT,sell,81258.332,LOSS,0.65,5.04,0.56
2026-05-10 23:58,BTCUSDT,sell,81078.0146,LOSS,0.42,5.07,0.34
2026-05-11 00:05,BTCUSDT,sell,81023.1481,LOSS,0.61,5.01,0.27
2026-05-11 00:06,BTCUSDT,sell,80976.8706,LOSS,0.66,5.07,0.22
2026-05-11 00:14,BTCUSDT,sell,80908.3574,LOSS,0.73,5.16,0.0
2026-05-11 00:15,BTCUSDT,buy,82680.954,WIN,2.33,0.07,5.07
2026-05-11 00:16,BTCUSDT,buy,82856.6959,WIN,2.54,0.28,5.01
2026-05-11 00:20,BTCUSDT,buy,83092.766,WIN,0.57,0.38,5.07
2026-05-11 00:21,BTCUSDT,buy,83270.1826,WIN,0.78,0.59,6.93
2026-05-11 00:28,BTCUSDT,buy,83401.8829,WIN,0.62,0.32,6.76
2026-05-11 00:29,BTCUSDT,buy,83436.0697,WIN,0.66,0.36,6.72
2026-05-11 00:42,BTCUSDT,buy,83544.6317,WIN,0.43,0.23,6.58
2026-05-11 00:43,BTCUSDT,buy,83632.6009,WIN,0.53,0.33,6.47
2026-05-11 00:44,BTCUSDT,buy,83697.1243,WIN,0.61,0.41,6.39
2026-05-11 00:47,BTCUSDT,buy,83885.0372,WIN,0.5,0.63,6.15
2026-05-11 00:54,BTCUSDT,buy,83972.2897,WIN,0.74,0.2,6.04
2026-05-11 00:59,BTCUSDT,buy,84105.5672,WIN,0.36,0.15,5.87
2026-05-11 01:00,BTCUSDT,buy,84239.041,WIN,0.52,0.31,5.7
2026-05-11 01:07,BTCUSDT,buy,84481.4783,WIN,0.6,0.2,5.4
2026-05-11 01:21,BTCUSDT,buy,84820.2677,WIN,0.32,0.09,5.23
2026-05-11 01:22,BTCUSDT,buy,84946.815,WIN,0.47,0.24,5.07
2026-05-11 01:58,BTCUSDT,buy,85400.0569,WIN,0.67,0.28,5.25
2026-05-11 02:04,BTCUSDT,buy,85642.3141,WIN,0.45,0.56,5.11
2026-05-11 02:22,BTCUSDT,buy,85822.4634,WIN,0.77,0.39,5.0
2026-05-11 02:27,BTCUSDT,buy,85946.8296,WIN,0.54,0.13,5.22
2026-05-11 02:36,BTCUSDT,buy,86128.5967,WIN,0.34,0.05,5.16
2026-05-11 02:39,BTCUSDT,buy,86340.7617,WIN,0.47,0.21,5.07
2026-05-11 02:45,BTCUSDT,buy,86597.125,WIN,0.51,0.41,5.44
2026-05-11 02:48,BTCUSDT,buy,86871.2598,WIN,0.64,0.72,5.11
2026-05-11 02:53,BTCUSDT,buy,87167.4227,WIN,0.65,1.06,5.13
2026-05-11 03:16,BTCUSDT,sell,86730.1717,LOSS,0.7,5.28,0.56
2026-05-11 03:17,BTCUSDT,sell,86578.8818,LOSS,0.87,5.47,0.39
2026-05-11 03:21,BTCUSDT,sell,86410.5819,LOSS,0.47,5.13,0.2
2026-05-11 03:35,BTCUSDT,buy,89000.2035,WIN,2.73,2.89,5.14
2026-05-11 03:36,BTCUSDT,buy,89045.6945,WIN,2.69,2.94,5.09
2026-05-11 03:39,BTCUSDT,buy,89394.4033,WIN,3.08,3.32,5.01
2026-05-11 04:19,BTCUSDT,sell,88250.7014,LOSS,0.43,5.69,2.06
2026-05-11 04:24,BTCUSDT,sell,87943.4398,LOSS,0.53,6.06,1.72
2026-05-11 04:25,BTCUSDT,sell,87845.9093,LOSS,0.65,5.1,1.61
2026-05-11 04:26,BTCUSDT,sell,87740.383,LOSS,0.65,5.1,1.5
2026-05-11 04:42,BTCUSDT,buy,88403.6717,WIN,0.69,2.23,5.51
2026-05-11 04:51,BTCUSDT,sell,87489.4077,LOSS,0.64,5.03,1.21
2026-05-11 04:55,BTCUSDT,sell,87277.0672,LOSS,0.68,5.0,0.97
2026-05-11 05:18,BTCUSDT,buy,88134.4708,WIN,0.55,1.94,5.83
2026-05-11 05:48,BTCUSDT,buy,88323.4401,WIN,0.59,2.15,5.61
2026-05-11 05:49,BTCUSDT,buy,88398.3107,WIN,0.68,2.23,5.52
2026-05-11 06:00,BTCUSDT,buy,88562.0655,WIN,0.47,2.41,5.32
2026-05-11 06:01,BTCUSDT,buy,88704.882,WIN,0.64,2.57,5.15
2026-05-11 06:02,BTCUSDT,buy,88868.7045,WIN,0.78,2.75,5.1
2026-05-11 06:23,BTCUSDT,sell,88152.8661,LOSS,0.54,5.81,1.96
2026-05-11 06:24,BTCUSDT,sell,88023.5762,LOSS,0.69,5.97,1.81
2026-05-11 06:25,BTCUSDT,sell,87815.6436,LOSS,0.92,5.01,1.58
2026-05-11 06:26,BTCUSDT,sell,87784.0053,LOSS,0.96,5.05,1.54
2026-05-11 06:27,BTCUSDT,sell,87745.3299,LOSS,1.0,5.1,1.5
2026-05-11 06:32,BTCUSDT,sell,87389.5683,LOSS,0.52,5.02,1.1
2026-05-11 06:38,BTCUSDT,sell,87324.6201,LOSS,0.31,5.06,1.03
2026-05-11 06:39,BTCUSDT,sell,87289.6323,LOSS,0.35,5.1,0.99
2026-05-11 06:47,BTCUSDT,buy,87873.6903,WIN,0.65,1.64,5.07
2026-05-11 06:55,BTCUSDT,buy,89877.7003,WIN,2.9,3.84,7.1
2026-05-11 06:56,BTCUSDT,buy,89968.4748,WIN,3.01,3.93,6.99
2026-05-11 07:18,BTCUSDT,sell,88686.6954,LOSS,0.59,5.17,2.55
2026-05-11 07:19,BTCUSDT,sell,88608.8079,LOSS,0.65,5.27,2.46
2026-05-11 07:20,BTCUSDT,sell,88472.752,LOSS,0.64,5.43,2.31
2026-05-11 07:25,BTCUSDT,sell,88168.8054,LOSS,0.47,5.79,1.97
2026-05-11 07:30,BTCUSDT,sell,87996.9353,LOSS,0.43,6.0,1.78
2026-05-11 07:31,BTCUSDT,sell,87835.4221,LOSS,0.61,5.11,1.6
2026-05-11 07:45,BTCUSDT,sell,87650.6648,LOSS,0.67,5.21,1.39
2026-05-11 07:46,BTCUSDT,sell,87519.9978,LOSS,0.63,5.0,1.25
2026-05-11 07:47,BTCUSDT,sell,87456.5547,LOSS,0.64,5.07,1.18
2026-05-11 07:48,BTCUSDT,sell,87332.1471,LOSS,0.71,5.05,1.03
2026-05-11 07:49,BTCUSDT,sell,87256.6214,LOSS,0.79,5.03,0.95
2026-05-11 07:50,BTCUSDT,sell,87170.2507,LOSS,0.77,5.13,0.85
2026-05-11 08:07,BTCUSDT,sell,87115.9855,LOSS,0.51,5.2,0.79
2026-05-11 08:20,BTCUSDT,buy,87819.3817,WIN,0.43,1.58,5.01
2026-05-11 08:22,BTCUSDT,buy,87935.7774,WIN,0.56,1.71,6.07
2026-05-11 08:23,BTCUSDT,buy,88011.6657,WIN,0.65,1.8,5.98
2026-05-11 08:33,BTCUSDT,sell,87083.7917,LOSS,0.34,5.24,0.75
2026-05-11 08:36,BTCUSDT,sell,87060.0445,LOSS,0.33,5.26,0.73
2026-05-11 08:37,BTCUSDT,sell,86981.6645,LOSS,0.35,5.01,0.64
2026-05-11 08:38,BTCUSDT,sell,86884.6382,LOSS,0.29,5.09,0.52
2026-05-11 08:39,BTCUSDT,sell,86624.1757,LOSS,0.59,5.41,0.23
2026-05-11 08:46,BTCUSDT,sell,86455.8748,LOSS,0.75,5.07,0.0
2026-05-11 08:59,BTCUSDT,buy,87302.4963,WIN,0.35,0.28,5.08
2026-05-11 09:04,BTCUSDT,buy,87409.7441,WIN,0.4,0.03,5.0
2026-05-11 09:05,BTCUSDT,buy,87567.7043,WIN,0.59,0.21,5.31
2026-05-11 09:06,BTCUSDT,buy,87813.186,WIN,0.8,0.49,5.02
2026-05-11 09:07,BTCUSDT,buy,87895.5259,WIN,0.89,0.58,5.04
2026-05-11 09:19,BTCUSDT,buy,88066.9785,WIN,0.71,0.54,5.91
2026-05-11 09:27,BTCUSDT,buy,88238.0509,WIN,0.48,0.73,5.71
2026-05-11 09:59,BTCUSDT,buy,88394.3714,WIN,0.54,0.91,5.52
2026-05-11 10:11,BTCUSDT,sell,87762.8977,LOSS,0.5,5.08,0.19
2026-05-11 10:15,BTCUSDT,buy,89545.5989,WIN,2.23,0.15,5.16
2026-05-11 10:21,BTCUSDT,buy,89884.5897,WIN,0.52,0.52,7.09
2026-05-11 10:22,BTCUSDT,buy,90095.1607,WIN,0.76,0.75,6.84
2026-05-11 10:43,BTCUSDT,buy,90319.8282,WIN,0.84,0.27,6.58
2026-05-11 10:44,BTCUSDT,buy,90474.2782,WIN,1.01,0.44,6.4
2026-05-11 10:52,BTCUSDT,buy,90760.7423,WIN,0.76,0.59,6.06
2026-05-11 10:59,BTCUSDT,buy,91006.422,WIN,0.59,0.86,5.77
2026-05-11 11:30,BTCUSDT,buy,91390.0549,WIN,0.77,1.28,5.33
2026-05-11 11:36,BTCUSDT,buy,91486.9446,WIN,0.66,1.38,5.22
2026-05-11 11:56,BTCUSDT,sell,91080.757,LOSS,0.5,5.69,0.94
2026-05-11 12:00,BTCUSDT,sell,91009.8793,LOSS,0.44,5.77,0.87
2026-05-11 12:01,BTCUSDT,sell,90810.8647,LOSS,0.66,6.0,0.65
2026-05-11 12:02,BTCUSDT,sell,90759.8229,LOSS,0.71,6.06,0.59
2026-05-11 12:08,BTCUSDT,sell,90328.8988,LOSS,0.48,6.57,0.0
2026-05-11 12:29,BTCUSDT,buy,91424.8755,WIN,0.65,0.21,5.29
2026-05-11 12:30,BTCUSDT,buy,91608.3334,WIN,0.85,0.41,5.08
2026-05-11 12:38,BTCUSDT,buy,91788.6367,WIN,0.49,0.61,5.19
2026-05-11 12:42,BTCUSDT,buy,92099.5236,WIN,0.69,0.94,5.18
2026-05-11 12:46,BTCUSDT,buy,92306.6864,WIN,0.61,1.17,5.16
2026-05-11 13:35,BTCUSDT,buy,93274.6199,WIN,2.24,1.02,5.07
2026-05-11 13:57,BTCUSDT,buy,93538.5973,WIN,0.48,1.21,5.23
2026-05-11 14:06,BTCUSDT,buy,93762.7977,WIN,0.8,1.45,5.09
2026-05-11 14:07,BTCUSDT,buy,93834.3027,WIN,0.53,1.52,5.01
2026-05-11 14:09,BTCUSDT,buy,93903.8543,WIN,0.57,1.59,5.12
2026-05-11 14:25,BTCUSDT,sell,93232.0422,LOSS,0.41,5.12,0.88
2026-05-11 14:30,BTCUSDT,sell,93042.713,LOSS,0.36,5.09,0.68
2026-05-11 14:36,BTCUSDT,sell,92847.0804,LOSS,0.46,5.11,0.47
2026-05-11 14:39,BTCUSDT,sell,92636.0882,LOSS,0.6,5.04,0.25
2026-05-11 15:08,BTCUSDT,sell,92705.7668,LOSS,0.53,5.06,0.32
2026-05-11 15:20,BTCUSDT,sell,92594.4069,LOSS,0.56,5.09,0.2
2026-05-11 15:53,BTCUSDT,buy,93244.7197,WIN,0.69,0.85,5.11
2026-05-11 16:01,BTCUSDT,buy,93667.38,WIN,0.5,1.29,5.08
2026-05-11 16:04,BTCUSDT,buy,93820.7151,WIN,0.58,1.45,5.02
2026-05-11 16:13,BTCUSDT,sell,92662.3251,LOSS,0.56,5.01,0.22
2026-05-11 16:28,BTCUSDT,buy,93518.82,WIN,0.31,0.61,5.25
2026-05-11 16:45,BTCUSDT,buy,93732.0447,WIN,0.44,0.37,5.01
2026-05-11 16:47,BTCUSDT,buy,93741.7731,WIN,0.45,0.38,5.11
2026-05-11 16:55,BTCUSDT,buy,96075.9396,WIN,2.88,0.12,5.21
2026-05-11 16:57,BTCUSDT,buy,96302.5339,WIN,3.12,0.35,5.11
2026-05-11 17:03,BTCUSDT,buy,96574.2524,WIN,0.58,0.63,5.07
2026-05-11 17:04,BTCUSDT,buy,96741.7817,WIN,0.75,0.8,6.97
2026-05-11 17:05,BTCUSDT,buy,96884.6439,WIN,0.64,0.95,6.81
2026-05-11 17:11,BTCUSDT,buy,97213.2919,WIN,0.44,1.28,6.45
2026-05-11 17:14,BTCUSDT,buy,97360.8929,WIN,0.44,1.43,6.29
2026-05-11 17:15,BTCUSDT,buy,97530.8932,WIN,0.6,1.61,6.1
2026-05-11 17:21,BTCUSDT,buy,97668.8486,WIN,0.56,1.75,5.95
2026-05-11 17:22,BTCUSDT,buy,97807.4029,WIN,0.7,1.88,5.8
2026-05-11 17:27,BTCUSDT,buy,97902.6928,WIN,0.53,1.98,5.7
2026-05-11 17:31,BTCUSDT,buy,98326.5278,WIN,0.84,2.4,5.24
2026-05-11 17:33,BTCUSDT,buy,98505.7447,WIN,0.69,2.58,5.05
2026-05-11 17:47,BTCUSDT,buy,98649.8075,WIN,0.8,2.72,5.0
2026-05-11 17:50,BTCUSDT,buy,98878.5773,WIN,0.73,2.95,5.01
2026-05-11 17:53,BTCUSDT,buy,98902.0223,WIN,0.29,2.97,5.07
2026-05-11 18:15,BTCUSDT,buy,99409.4504,WIN,0.53,3.47,5.16
2026-05-11 18:29,BTCUSDT,buy,99811.155,WIN,0.63,3.85,5.05
2026-05-11 18:30,BTCUSDT,buy,99891.2914,WIN,0.71,3.93,5.26
2026-05-11 18:31,BTCUSDT,buy,99948.4705,WIN,0.77,3.99,5.2
2026-05-11 19:01,BTCUSDT,buy,100221.7237,WIN,0.42,4.25,5.03
2026-05-11 19:16,BTCUSDT,sell,99715.6981,LOSS,0.56,5.15,3.76
2026-05-11 19:17,BTCUSDT,sell,99514.7812,LOSS,0.75,5.05,3.57
2026-05-11 19:18,BTCUSDT,sell,99401.3022,LOSS,0.87,5.17,3.46
2026-05-11 19:29,BTCUSDT,sell,99071.5006,LOSS,0.65,5.09,3.14
2026-05-11 19:33,BTCUSDT,sell,98952.3847,LOSS,0.4,5.02,3.02
2026-05-11 19:39,BTCUSDT,sell,98767.6235,LOSS,0.45,5.01,2.84
2026-05-11 19:42,BTCUSDT,sell,98502.8499,LOSS,0.58,5.06,2.58
2026-05-11 19:43,BTCUSDT,sell,98340.7462,LOSS,0.69,5.23,2.42
2026-05-11 19:54,BTCUSDT,sell,98114.0903,LOSS,0.76,5.47,2.19
2026-05-11 20:10,BTCUSDT,sell,97703.0476,LOSS,0.27,5.92,1.78
2026-05-11 20:14,BTCUSDT,sell,97265.3929,LOSS,0.7,6.39,1.34
2026-05-11 20:15,BTCUSDT,buy,98635.2369,WIN,1.55,2.71,5.02
2026-05-11 20:19,BTCUSDT,buy,98872.8345,WIN,1.8,2.94,5.01
2026-05-11 20:22,BTCUSDT,buy,98984.2312,WIN,0.63,3.05,5.18
2026-05-11 20:25,BTCUSDT,buy,99159.3166,WIN,0.51,3.22,5.1
2026-05-11 20:28,BTCUSDT,buy,99298.6263,WIN,0.65,3.36,5.28
2026-05-11 20:29,BTCUSDT,buy,99487.0963,WIN,0.7,3.54,5.08
2026-05-11 20:30,BTCUSDT,buy,99547.0951,WIN,0.58,3.6,5.01
2026-05-11 20:32,BTCUSDT,buy,99694.3962,WIN,0.69,3.74,5.18
2026-05-11 20:40,BTCUSDT,buy,100011.7432,WIN,0.39,4.05,5.14
2026-05-11 20:48,BTCUSDT,buy,100295.8735,WIN,0.71,4.32,5.05
2026-05-11 21:24,BTCUSDT,sell,98925.3535,LOSS,0.77,5.05,2.99
2026-05-11 21:26,BTCUSDT,sell,98905.9743,LOSS,0.79,5.07,2.97
2026-05-11 21:29,BTCUSDT,sell,98782.9704,LOSS,0.54,5.11,2.85
2026-05-11 21:30,BTCUSDT,sell,98643.7562,LOSS,0.68,5.01,2.72
2026-05-11 21:32,BTCUSDT,sell,98362.3473,LOSS,0.96,5.21,2.44
2026-05-11 21:47,BTCUSDT,sell,97804.505,LOSS,0.99,5.81,1.88
2026-05-11 21:48,BTCUSDT,sell,97747.8735,LOSS,1.05,5.87,1.82
2026-05-11 21:49,BTCUSDT,sell,97615.922,LOSS,0.93,6.01,1.69
2026-05-11 21:50,BTCUSDT,sell,97500.1135,LOSS,0.96,6.14,1.58
2026-05-11 21:51,BTCUSDT,sell,97356.287,LOSS,0.89,6.29,1.43
2026-05-11 21:52,BTCUSDT,sell,97202.261,LOSS,0.72,6.46,1.27
2026-05-11 22:01,BTCUSDT,sell,97107.2419,LOSS,0.51,6.57,1.18
2026-05-11 22:02,BTCUSDT,sell,96817.0987,LOSS,0.81,6.89,0.88
2026-05-11 22:04,BTCUSDT,sell,96556.3965,LOSS,1.01,5.09,0.61
2026-05-11 22:28,BTCUSDT,buy,97115.7492,WIN,0.67,1.19,6.56
2026-05-11 22:29,BTCUSDT,buy,97241.3545,WIN,0.8,1.31,6.42
2026-05-11 22:37,BTCUSDT,sell,96428.3058,LOSS,0.55,5.01,0.48
2026-05-11 22:38,BTCUSDT,sell,96321.5755,LOSS,0.55,5.09,0.37
2026-05-11 22:39,BTCUSDT,sell,96234.2191,LOSS,0.61,5.04,0.28
2026-05-11 22:53,BTCUSDT,buy,97191.0615,WIN,0.75,1.26,6.47
2026-05-11 23:09,BTCUSDT,buy,97337.1113,WIN,0.64,1.41,6.31
2026-05-11 23:11,BTCUSDT,buy,97591.6052,WIN,0.79,1.67,6.04
2026-05-11 23:13,BTCUSDT,buy,97917.5592,WIN,0.75,1.99,5.68
2026-05-11 23:35,BTCUSDT,buy,98975.4751,WIN,1.84,3.04,5.19
2026-05-11 23:36,BTCUSDT,buy,99119.4608,WIN,1.99,3.18,5.04
2026-05-12 00:09,BTCUSDT,sell,97657.9852,LOSS,0.35,5.97,1.73
2026-05-12 00:18,BTCUSDT,buy,98423.4891,WIN,0.51,2.5,5.14
2026-05-12 00:21,BTCUSDT,buy,98735.274,WIN,0.58,2.81,5.05
2026-05-12 00:45,BTCUSDT,buy,98755.8215,WIN,0.39,2.83,5.03
2026-05-12 00:51,BTCUSDT,sell,98137.9932,LOSS,0.53,5.45,2.21
2026-05-12 00:55,BTCUSDT,sell,97914.2644,LOSS,0.48,5.69,1.99
2026-05-12 00:56,BTCUSDT,sell,97631.0378,LOSS,0.76,5.99,1.71
2026-05-12 01:00,BTCUSDT,sell,97493.8638,LOSS,0.44,6.14,1.57
2026-05-12 01:04,BTCUSDT,sell,97337.7899,LOSS,0.44,6.31,1.41
2026-05-12 01:09,BTCUSDT,sell,96906.0617,LOSS,0.63,6.79,0.97
2026-05-12 01:10,BTCUSDT,sell,96704.6606,LOSS,0.83,7.01,0.77
2026-05-12 01:11,BTCUSDT,sell,96491.6263,LOSS,1.02,5.16,0.55
2026-05-12 01:13,BTCUSDT,sell,96424.8569,LOSS,0.86,5.01,0.48
2026-05-12 01:14,BTCUSDT,sell,96368.337,LOSS,0.59,5.04,0.42
2026-05-12 01:29,BTCUSDT,buy,97039.1259,WIN,0.48,1.11,6.64
2026-05-12 01:34,BTCUSDT,buy,97283.2102,WIN,0.63,1.36,6.37
2026-05-12 01:37,BTCUSDT,buy,97310.502,WIN,0.66,1.38,6.34
2026-05-12 01:48,BTCUSDT,buy,97488.6717,WIN,0.64,1.56,6.15
2026-05-12 02:05,BTCUSDT,sell,96718.3664,LOSS,0.53,6.99,0.78
2026-05-12 02:12,BTCUSDT,sell,96391.5668,LOSS,0.68,5.02,0.44
2026-05-12 02:14,BTCUSDT,sell,96340.5053,LOSS,0.4,5.07,0.39
2026-05-12 02:16,BTCUSDT,sell,96050.6502,LOSS,0.59,5.24,0.0
2026-05-12 02:48,BTCUSDT,sell,96132.0804,LOSS,0.58,5.15,0.08
2026-05-12 02:55,BTCUSDT,buy,98867.4472,WIN,2.93,0.42,5.02
2026-05-12 03:00,BTCUSDT,buy,98963.99,WIN,0.3,0.52,5.01
2026-05-12 03:02,BTCUSDT,buy,99291.9898,WIN,0.48,0.85,5.28
2026-05-12 03:09,BTCUSDT,buy,99432.0378,WIN,0.58,0.99,5.13
2026-05-12 03:22,BTCUSDT,sell,98506.2949,LOSS,0.61,5.05,0.06
2026-05-12 03:33,BTCUSDT,buy,99654.4074,WIN,0.77,0.64,5.22
2026-05-12 03:35,BTCUSDT,buy,99728.9198,WIN,0.84,0.71,5.14
2026-05-12 03:58,BTCUSDT,buy,100087.2077,WIN,0.67,0.89,5.06
2026-05-12 03:59,BTCUSDT,buy,100291.4857,WIN,0.87,1.09,5.05
2026-05-12 04:21,BTCUSDT,buy,100418.1839,WIN,0.67,1.22,5.17
2026-05-12 04:24,BTCUSDT,buy,100676.9464,WIN,0.65,1.47,6.76
2026-05-12 04:25,BTCUSDT,buy,101079.8056,WIN,0.87,1.86,6.33
2026-05-12 04:26,BTCUSDT,buy,101167.5005,WIN,0.93,1.95,6.24
2026-05-12 04:46,BTCUSDT,sell,100165.0481,LOSS,0.95,5.09,0.97
2026-05-12 04:52,BTCUSDT,sell,100030.7273,LOSS,0.62,5.12,0.84
2026-05-12 04:56,BTCUSDT,sell,99738.2386,LOSS,0.75,5.13,0.54
2026-05-12 04:57,BTCUSDT,sell,99424.4906,LOSS,0.84,5.14,0.23
2026-05-12 05:00,BTCUSDT,sell,99317.8517,LOSS,0.75,5.25,0.0
2026-05-12 05:17,BTCUSDT,buy,100102.4458,WIN,0.53,0.24,5.04
2026-05-12 05:18,BTCUSDT,buy,100534.5565,WIN,0.96,0.67,5.05
2026-05-12 05:38,BTCUSDT,buy,100636.6631,WIN,0.68,0.49,6.8
2026-05-12 05:39,BTCUSDT,buy,100750.2943,WIN,0.79,0.6,6.68
2026-05-12 05:40,BTCUSDT,buy,100852.907,WIN,0.89,0.7,6.57
2026-05-12 05:48,BTCUSDT,buy,100952.8976,WIN,0.55,0.8,6.47
2026-05-12 05:50,BTCUSDT,buy,101192.6708,WIN,0.63,1.04,6.21
2026-05-12 05:57,BTCUSDT,sell,100268.6255,LOSS,0.74,5.08,0.0
2026-05-12 06:09,BTCUSDT,buy,101323.6796,WIN,0.9,0.49,6.08
2026-05-12 06:15,BTCUSDT,buy,103260.2877,WIN,2.0,2.36,5.19
2026-05-12 07:00,BTCUSDT,buy,103400.518,WIN,0.27,2.49,5.04
2026-05-12 07:04,BTCUSDT,buy,103625.054,WIN,0.49,2.7,5.01
2026-05-12 07:13,BTCUSDT,sell,103117.9296,LOSS,0.46,5.33,2.22
2026-05-12 07:15,BTCUSDT,sell,103015.8019,LOSS,0.53,5.01,2.13
2026-05-12 07:19,BTCUSDT,sell,102733.7372,LOSS,0.54,5.09,1.86
2026-05-12 07:26,BTCUSDT,sell,102378.6603,LOSS,0.46,5.08,1.52
2026-05-12 07:33,BTCUSDT,sell,102084.4589,LOSS,0.64,5.29,1.23
2026-05-12 07:35,BTCUSDT,sell,101894.8967,LOSS,0.82,5.48,1.05
2026-05-12 07:36,BTCUSDT,sell,101704.3013,LOSS,0.99,5.68,0.86
2026-05-12 07:40,BTCUSDT,sell,101600.5626,LOSS,0.48,5.79,0.76
2026-05-12 07:56,BTCUSDT,buy,102520.3202,WIN,1.09,1.65,5.08
2026-05-12 07:57,BTCUSDT,buy,102745.3676,WIN,1.31,1.87,5.08
2026-05-12 08:50,BTCUSDT,sell,101703.7921,LOSS,0.9,5.68,0.86
2026-05-12 09:27,BTCUSDT,sell,100980.9417,LOSS,0.93,6.44,0.15
2026-05-12 09:35,BTCUSDT,buy,102764.5814,WIN,1.89,0.91,5.06
2026-05-12 09:36,BTCUSDT,buy,102985.5714,WIN,2.11,1.12,5.01
2026-05-12 09:38,BTCUSDT,buy,103259.5341,WIN,2.26,1.38,5.19
2026-05-12 10:02,BTCUSDT,buy,104204.3846,WIN,0.43,2.27,5.02
2026-05-12 10:04,BTCUSDT,buy,104291.1896,WIN,0.51,2.36,5.05
2026-05-12 10:05,BTCUSDT,buy,104578.4408,WIN,0.75,2.62,5.47
2026-05-12 10:16,BTCUSDT,buy,104621.5113,WIN,0.52,2.66,5.42
2026-05-12 10:31,BTCUSDT,sell,104000.3411,LOSS,0.77,5.05,2.08
2026-05-12 10:46,BTCUSDT,sell,103568.7616,LOSS,0.53,5.07,1.68
2026-05-12 10:50,BTCUSDT,sell,103463.471,LOSS,0.35,5.09,1.58
2026-05-12 10:52,BTCUSDT,sell,103294.4704,LOSS,0.46,5.15,1.41
2026-05-12 10:58,BTCUSDT,sell,102999.1087,LOSS,0.79,5.03,1.13
2026-05-12 11:00,BTCUSDT,sell,102761.9758,LOSS,0.65,5.06,0.9
2026-05-12 11:01,BTCUSDT,sell,102557.6323,LOSS,0.68,5.04,0.71
2026-05-12 11:05,BTCUSDT,sell,102518.2144,LOSS,0.44,5.08,0.67
2026-05-12 11:06,BTCUSDT,sell,102453.2339,LOSS,0.5,5.0,0.6
2026-05-12 11:07,BTCUSDT,sell,102316.0331,LOSS,0.63,5.05,0.47
2026-05-12 11:08,BTCUSDT,sell,102220.3924,LOSS,0.73,5.15,0.38
2026-05-12 11:12,BTCUSDT,sell,101982.5421,LOSS,0.53,5.39,0.0
2026-05-12 11:26,BTCUSDT,buy,102762.6464,WIN,0.54,0.2,5.06
2026-05-12 11:30,BTCUSDT,buy,103073.3935,WIN,0.55,0.21,5.0
2026-05-12 11:33,BTCUSDT,buy,103206.4658,WIN,0.64,0.14,5.24
2026-05-12 11:34,BTCUSDT,buy,103399.261,WIN,0.72,0.33,5.04
2026-05-12 11:36,BTCUSDT,buy,103656.9911,WIN,0.78,0.57,5.01
2026-05-12 12:01,BTCUSDT,buy,104009.2934,WIN,0.67,0.36,5.04
2026-05-12 12:27,BTCUSDT,buy,104454.1638,WIN,0.49,0.6,5.03
2026-05-12 12:33,BTCUSDT,buy,104589.2896,WIN,0.73,0.0,5.46
2026-05-12 12:34,BTCUSDT,buy,104790.2341,WIN,0.93,0.0,5.25
2026-05-12 12:35,BTCUSDT,buy,105100.8429,WIN,1.22,0.08,5.2
2026-05-12 12:38,BTCUSDT,buy,105330.7954,WIN,0.72,0.3,5.19
2026-05-12 12:40,BTCUSDT,buy,105508.7106,WIN,0.47,0.47,5.02
2026-05-12 12:55,BTCUSDT,buy,107220.0449,WIN,2.1,1.62,5.17
2026-05-12 13:28,BTCUSDT,buy,108027.8015,WIN,0.58,2.35,5.63
2026-05-12 13:46,BTCUSDT,buy,108448.7405,WIN,0.48,2.73,5.22
2026-05-12 13:51,BTCUSDT,buy,108743.5623,WIN,0.44,2.99,5.04
2026-05-12 13:54,BTCUSDT,buy,108834.9693,WIN,0.46,3.08,5.17
2026-05-12 14:15,BTCUSDT,buy,109003.7373,WIN,0.7,3.23,5.0
2026-05-12 14:20,BTCUSDT,buy,109163.6233,WIN,0.58,3.37,5.15
2026-05-12 14:21,BTCUSDT,buy,109264.1801,WIN,0.67,3.46,5.05
2026-05-12 14:27,BTCUSDT,buy,109655.5737,WIN,0.56,3.8,5.15
2026-05-12 14:47,BTCUSDT,sell,108806.7762,LOSS,0.45,5.19,3.05
2026-05-12 14:53,BTCUSDT,sell,108436.3784,LOSS,0.63,5.23,2.72
2026-05-12 14:54,BTCUSDT,sell,108173.3931,LOSS,0.72,5.49,2.48
2026-05-12 14:55,BTCUSDT,sell,107853.9947,LOSS,1.02,5.09,2.19
2026-05-12 14:56,BTCUSDT,sell,107804.896,LOSS,1.06,5.14,2.15
2026-05-12 14:57,BTCUSDT,sell,107597.3016,LOSS,0.99,5.08,1.96
2026-05-12 15:09,BTCUSDT,sell,107523.1755,LOSS,0.46,5.04,1.89
2026-05-12 15:10,BTCUSDT,sell,107130.6814,LOSS,0.76,5.01,1.53
2026-05-12 15:11,BTCUSDT,sell,106987.5797,LOSS,0.9,5.15,1.4
2026-05-12 15:13,BTCUSDT,sell,106757.4235,LOSS,1.03,5.08,1.19
2026-05-12 15:14,BTCUSDT,sell,106655.1124,LOSS,0.89,5.05,1.09
2026-05-12 15:16,BTCUSDT,sell,106489.1601,LOSS,0.59,5.13,0.94
2026-05-12 15:17,BTCUSDT,sell,106195.1839,LOSS,0.75,5.09,0.67
2026-05-12 15:19,BTCUSDT,sell,105781.0223,LOSS,0.89,5.01,0.28
2026-05-12 15:34,BTCUSDT,buy,106782.2304,WIN,0.6,0.79,5.05
2026-05-12 15:36,BTCUSDT,buy,106817.6356,WIN,0.36,0.82,5.02
2026-05-12 15:39,BTCUSDT,buy,106883.1137,WIN,0.33,0.88,5.08
2026-05-12 15:59,BTCUSDT,buy,107122.1634,WIN,0.51,0.28,5.02
2026-05-12 16:01,BTCUSDT,buy,107232.8111,WIN,0.62,0.39,5.16
2026-05-12 16:03,BTCUSDT,buy,107418.6735,WIN,0.56,0.5,5.15
2026-05-12 16:15,BTCUSDT,buy,110113.1357,WIN,2.88,3.33,5.12
2026-05-12 16:30,BTCUSDT,buy,110507.1281,WIN,1.19,3.67,5.27
2026-05-12 16:31,BTCUSDT,buy,110799.5775,WIN,1.23,3.93,5.18
2026-05-12 16:32,BTCUSDT,buy,111021.5806,WIN,1.26,4.12,5.0
2026-05-12 16:41,BTCUSDT,buy,111105.5583,WIN,0.47,4.19,5.18
2026-05-12 16:42,BTCUSDT,buy,111219.0864,WIN,0.54,4.29,5.07
2026-05-12 16:58,BTCUSDT,sell,110691.1424,LOSS,0.83,5.09,3.83
2026-05-12 17:01,BTCUSDT,sell,110517.0604,LOSS,0.56,5.26,3.68
2026-05-12 17:06,BTCUSDT,sell,110288.9533,LOSS,0.44,5.01,3.48
2026-05-12 17:20,BTCUSDT,sell,110068.1889,LOSS,0.81,5.17,3.29
2026-05-12 17:26,BTCUSDT,buy,111170.7711,WIN,0.8,4.25,5.11
2026-05-12 17:29,BTCUSDT,buy,111401.2151,WIN,0.45,4.45,5.26
2026-05-12 17:43,BTCUSDT,sell,110288.2476,LOSS,0.52,5.01,3.48
2026-05-12 17:44,BTCUSDT,sell,109748.4041,LOSS,0.93,5.07,3.01
2026-05-12 17:48,BTCUSDT,sell,109506.3282,LOSS,0.73,5.01,2.79
2026-05-12 17:49,BTCUSDT,sell,109438.6424,LOSS,0.49,5.08,2.73
2026-05-12 18:35,BTCUSDT,buy,110750.2731,WIN,0.61,3.89,5.04
2026-05-12 18:36,BTCUSDT,buy,110877.0983,WIN,0.72,4.0,5.1
2026-05-12 18:46,BTCUSDT,sell,109766.9594,LOSS,0.67,5.05,3.02
2026-05-12 18:49,BTCUSDT,sell,109481.5605,LOSS,0.59,5.04,2.77
2026-05-12 19:19,BTCUSDT,sell,109333.3778,LOSS,0.49,5.18,2.64
2026-05-12 19:20,BTCUSDT,sell,109256.4349,LOSS,0.56,5.06,2.57
2026-05-12 19:22,BTCUSDT,sell,109068.8732,LOSS,0.7,5.01,2.4
2026-05-12 19:23,BTCUSDT,sell,108976.0162,LOSS,0.55,5.03,2.32
2026-05-12 19:31,BTCUSDT,sell,108667.3716,LOSS,0.61,5.01,2.04
2026-05-12 19:35,BTCUSDT,buy,111491.9703,WIN,2.69,4.52,5.18
2026-05-12 19:37,BTCUSDT,buy,111662.7912,WIN,2.73,4.67,5.01
2026-05-12 19:55,BTCUSDT,sell,111162.5158,LOSS,0.51,5.12,4.24
2026-05-12 19:58,BTCUSDT,sell,110895.0814,LOSS,0.53,5.09,4.01
2026-05-12 20:10,BTCUSDT,buy,111852.2986,WIN,0.31,4.83,5.94
2026-05-12 20:12,BTCUSDT,buy,111991.951,WIN,0.38,4.95,5.81
2026-05-12 20:14,BTCUSDT,buy,112163.1692,LOSS,0.54,5.01,1.05
2026-05-12 20:15,BTCUSDT,buy,112421.7424,LOSS,0.77,5.1,0.82
2026-05-12 20:16,BTCUSDT,buy,112601.4613,LOSS,0.93,5.08,0.66
2026-05-12 20:17,BTCUSDT,buy,112883.7699,LOSS,0.98,5.12,0.41
2026-05-12 20:19,BTCUSDT,buy,112990.236,LOSS,0.86,5.2,0.31
2026-05-12 20:21,BTCUSDT,buy,113081.4731,LOSS,0.56,5.04,0.23
2026-05-12 20:23,BTCUSDT,buy,113188.0676,LOSS,0.39,5.06,0.0
2026-05-12 20:41,BTCUSDT,sell,112208.7913,WIN,0.46,0.0,5.05
2026-05-12 20:42,BTCUSDT,sell,112041.3018,LOSS,0.59,5.76,4.99
2026-05-12 20:44,BTCUSDT,sell,111988.5613,LOSS,0.55,5.81,4.95
2026-05-12 20:46,BTCUSDT,sell,111533.8013,LOSS,0.73,5.14,4.56
2026-05-12 20:54,BTCUSDT,sell,111283.7348,LOSS,0.76,5.01,4.35
2026-05-12 21:35,BTCUSDT,sell,111091.9976,LOSS,0.37,5.19,4.18
2026-05-12 21:36,BTCUSDT,sell,110743.6765,LOSS,0.69,5.04,3.88
2026-05-12 21:43,BTCUSDT,sell,110657.0995,LOSS,0.5,5.13,3.8
2026-05-12 21:51,BTCUSDT,sell,110287.8267,LOSS,0.83,5.01,3.48
2026-05-12 22:08,BTCUSDT,sell,109523.8183,LOSS,0.5,5.28,2.81
2026-05-12 22:21,BTCUSDT,buy,110503.5319,WIN,0.64,3.67,5.27
2026-05-12 22:42,BTCUSDT,sell,109910.8225,LOSS,0.47,5.02,3.15
2026-05-12 22:43,BTCUSDT,sell,109709.834,LOSS,0.65,5.1,2.97
2026-05-12 22:50,BTCUSDT,sell,109469.7867,LOSS,0.62,5.05,2.76
2026-05-12 22:53,BTCUSDT,sell,109417.8115,LOSS,0.4,5.1,2.71
2026-05-12 22:54,BTCUSDT,sell,109067.8816,LOSS,0.72,5.01,2.4
2026-05-12 23:17,BTCUSDT,sell,109307.7833,LOSS,0.8,5.01,2.62
2026-05-12 23:18,BTCUSDT,sell,109076.9393,LOSS,1.01,5.0,2.41
2026-05-12 23:32,BTCUSDT,buy,110199.1178,WIN,0.88,3.4,5.04
2026-05-12 23:33,BTCUSDT,buy,110409.8108,WIN,0.91,3.59,5.04
2026-05-12 23:34,BTCUSDT,buy,110527.302,WIN,1.02,3.69,5.25
2026-05-12 23:43,BTCUSDT,buy,110740.5529,WIN,0.48,3.88,5.05
2026-05-12 23:44,BTCUSDT,buy,110880.4914,WIN,0.6,4.0,5.1
2026-05-12 23:59,BTCUSDT,sell,110113.307,LOSS,1.0,5.12,3.33
2026-05-13 00:24,BTCUSDT,sell,109658.5142,LOSS,0.89,5.15,2.93
2026-05-13 00:25,BTCUSDT,sell,109586.5184,LOSS,0.63,5.22,2.86
2026-05-13 00:26,BTCUSDT,sell,109448.2654,LOSS,0.5,5.07,2.74
2026-05-13 00:27,BTCUSDT,sell,109292.1066,LOSS,0.64,5.03,2.6
2026-05-13 00:51,BTCUSDT,sell,109087.3851,LOSS,0.72,5.01,2.42
2026-05-13 01:19,BTCUSDT,buy,109797.6746,WIN,0.5,3.05,5.02
2026-05-13 01:20,BTCUSDT,buy,109895.2013,WIN,0.59,3.14,5.04
2026-05-13 01:43,BTCUSDT,sell,109342.9203,LOSS,0.41,5.17,2.65
2026-05-13 01:45,BTCUSDT,sell,109074.6337,LOSS,0.58,5.0,2.41
2026-05-13 01:46,BTCUSDT,sell,108834.878,LOSS,0.8,5.17,2.19
2026-05-13 01:53,BTCUSDT,sell,108774.1968,LOSS,0.54,5.01,2.14
2026-05-13 01:54,BTCUSDT,sell,108686.402,LOSS,0.53,5.04,2.06
2026-05-13 01:57,BTCUSDT,sell,108477.3351,LOSS,0.5,5.19,1.87
2026-05-13 01:58,BTCUSDT,sell,108206.8563,LOSS,0.64,5.46,1.63
2026-05-13 01:59,BTCUSDT,sell,107856.0083,LOSS,0.87,5.8,1.31
2026-05-13 02:00,BTCUSDT,sell,107489.1513,LOSS,1.21,6.16,0.97
2026-05-13 02:01,BTCUSDT,sell,107444.3793,LOSS,1.17,6.2,0.93
2026-05-13 02:02,BTCUSDT,sell,107424.029,LOSS,1.13,6.22,0.91
2026-05-13 02:03,BTCUSDT,sell,107171.4235,LOSS,1.01,5.03,0.68
2026-05-13 02:04,BTCUSDT,sell,107069.3456,LOSS,0.9,5.09,0.58
2026-05-13 02:05,BTCUSDT,sell,106887.9098,LOSS,0.64,5.11,0.41
2026-05-13 02:06,BTCUSDT,sell,106702.8301,LOSS,0.82,5.04,0.24
2026-05-13 02:08,BTCUSDT,sell,106570.7602,LOSS,0.66,5.17,0.12
2026-05-13 02:12,BTCUSDT,sell,106532.7681,LOSS,0.4,5.0,0.08
2026-05-13 02:13,BTCUSDT,sell,106468.6885,LOSS,0.31,5.03,0.0
2026-05-13 02:15,BTCUSDT,buy,108848.765,WIN,2.26,0.0,5.15
2026-05-13 02:16,BTCUSDT,buy,109083.3516,WIN,2.48,0.04,5.02
2026-05-13 02:18,BTCUSDT,buy,109244.6342,WIN,2.63,0.0,5.07
2026-05-13 02:19,BTCUSDT,buy,109429.8967,WIN,2.72,0.09,5.09
2026-05-13 02:20,BTCUSDT,buy,109710.9105,WIN,0.83,0.35,5.1
2026-05-13 02:23,BTCUSDT,buy,109898.1843,WIN,0.78,0.52,5.03
2026-05-13 02:24,BTCUSDT,buy,109917.3022,WIN,0.57,0.54,5.01
2026-05-13 02:25,BTCUSDT,buy,110132.3866,WIN,0.44,0.73,5.1
2026-05-13 02:53,BTCUSDT,buy,110242.8762,WIN,0.7,0.4,5.05
2026-05-13 02:56,BTCUSDT,buy,110333.9205,WIN,0.78,0.48,5.11
2026-05-13 02:57,BTCUSDT,buy,110476.7766,WIN,0.91,0.61,5.02
2026-05-13 02:58,BTCUSDT,buy,110622.1274,WIN,0.64,0.74,5.16
2026-05-13 03:03,BTCUSDT,buy,110941.6134,WIN,0.53,1.02,5.04
2026-05-13 03:13,BTCUSDT,buy,111237.8998,WIN,0.53,1.29,5.05
2026-05-13 03:14,BTCUSDT,buy,111379.9017,WIN,0.57,1.41,5.28
2026-05-13 03:15,BTCUSDT,buy,111607.8961,WIN,0.74,1.62,5.07
2026-05-13 03:28,BTCUSDT,sell,110589.5449,LOSS,0.64,5.19,0.71
2026-05-13 03:40,BTCUSDT,sell,110328.4636,LOSS,0.45,5.12,0.47
2026-05-13 03:53,BTCUSDT,buy,110995.8905,WIN,0.48,1.07,5.01
2026-05-13 03:54,BTCUSDT,buy,111279.1419,WIN,0.74,1.32,5.01
2026-05-13 04:06,BTCUSDT,buy,111770.9658,WIN,0.53,1.76,6.02
2026-05-13 04:07,BTCUSDT,buy,111814.4627,WIN,0.51,1.8,5.98
2026-05-13 04:15,BTCUSDT,buy,112155.2748,WIN,0.34,2.1,5.65
2026-05-13 04:16,BTCUSDT,buy,112301.9231,WIN,0.47,2.22,5.52
2026-05-13 04:35,BTCUSDT,sell,111473.3026,LOSS,0.61,5.19,1.5
2026-05-13 04:36,BTCUSDT,sell,111349.1546,LOSS,0.72,5.31,1.39
2026-05-13 04:37,BTCUSDT,sell,111192.912,LOSS,0.8,5.09,1.25
2026-05-13 04:38,BTCUSDT,sell,111075.7585,LOSS,0.91,5.2,1.14
2026-05-13 04:40,BTCUSDT,sell,110969.8052,LOSS,0.45,5.02,1.05
2026-05-13 04:58,BTCUSDT,sell,110545.9203,LOSS,0.71,5.23,0.67
2026-05-13 04:59,BTCUSDT,sell,110307.8134,LOSS,0.9,5.14,0.46
2026-05-13 05:00,BTCUSDT,sell,110287.6258,LOSS,0.83,5.01,0.44
2026-05-13 05:01,BTCUSDT,sell,110275.3439,LOSS,0.81,5.02,0.43
2026-05-13 05:14,BTCUSDT,sell,109989.7108,LOSS,0.55,5.24,0.17
2026-05-13 05:32,BTCUSDT,buy,110794.9335,WIN,0.54,0.15,5.18
2026-05-13 05:35,BTCUSDT,buy,113995.8784,WIN,3.29,1.2,5.03
2026-05-13 05:38,BTCUSDT,buy,114164.898,WIN,3.2,1.35,5.1
2026-05-13 05:39,BTCUSDT,buy,114185.2689,WIN,3.09,1.37,5.08
2026-05-13 05:40,BTCUSDT,buy,114321.8841,WIN,0.39,1.49,5.06
2026-05-13 05:59,BTCUSDT,sell,113501.3243,LOSS,0.53,5.01,0.77
2026-05-13 06:49,BTCUSDT,sell,113231.6853,LOSS,0.45,5.01,0.54
2026-05-13 06:51,BTCUSDT,buy,113803.3618,WIN,0.8,1.04,5.02
2026-05-13 06:52,BTCUSDT,buy,113953.4812,WIN,0.94,1.17,5.07
2026-05-13 06:55,BTCUSDT,buy,114313.8555,WIN,0.85,1.48,5.07
2026-05-13 06:59,BTCUSDT,buy,114661.0447,WIN,0.66,1.78,5.05
2026-05-13 07:00,BTCUSDT,buy,114903.9125,WIN,0.66,1.99,5.0
2026-05-13 07:01,BTCUSDT,buy,115031.447,WIN,0.76,2.09,5.18
2026-05-13 07:03,BTCUSDT,buy,115393.1931,WIN,0.96,2.4,5.05
2026-05-13 07:10,BTCUSDT,buy,115641.055,WIN,0.58,2.61,5.27
2026-05-13 07:15,BTCUSDT,buy,115868.1863,WIN,0.52,2.8,5.06
2026-05-13 07:50,BTCUSDT,buy,115971.8554,WIN,0.81,2.89,5.01
2026-05-13 07:51,BTCUSDT,buy,116302.5066,WIN,1.03,3.16,5.05
2026-05-13 07:53,BTCUSDT,buy,116371.0205,WIN,0.74,3.22,5.4
2026-05-13 08:08,BTCUSDT,sell,114969.2287,LOSS,0.6,5.01,2.04
2026-05-13 08:13,BTCUSDT,sell,114484.5923,LOSS,0.55,5.09,1.63
2026-05-13 08:25,BTCUSDT,sell,114357.1034,LOSS,0.7,5.03,1.52
2026-05-13 08:27,BTCUSDT,sell,114184.8552,LOSS,0.67,5.08,1.37
2026-05-13 08:32,BTCUSDT,sell,113824.7427,LOSS,0.51,5.0,1.06
2026-05-13 08:55,BTCUSDT,buy,115590.3432,WIN,1.79,2.57,5.32
2026-05-13 09:01,BTCUSDT,buy,115819.859,WIN,0.49,2.76,5.11
2026-05-13 09:02,BTCUSDT,buy,115895.8273,WIN,0.56,2.82,5.04
2026-05-13 09:03,BTCUSDT,buy,116141.3201,WIN,0.77,3.03,5.05
2026-05-13 09:09,BTCUSDT,buy,116459.1606,WIN,0.55,3.29,5.32
2026-05-13 09:11,BTCUSDT,buy,116606.7164,WIN,0.63,3.42,5.19
2026-05-13 09:12,BTCUSDT,buy,116802.7779,WIN,0.74,3.58,5.01
2026-05-13 09:13,BTCUSDT,buy,117020.1435,WIN,0.93,3.76,5.07
2026-05-13 09:32,BTCUSDT,sell,115785.0023,LOSS,0.41,5.14,2.73
2026-05-13 09:34,BTCUSDT,sell,115622.7233,LOSS,0.48,5.29,2.59
2026-05-13 09:38,BTCUSDT,sell,115331.6583,LOSS,0.63,5.11,2.35
2026-05-13 09:40,BTCUSDT,sell,115120.2568,LOSS,0.55,5.1,2.17
2026-05-13 09:50,BTCUSDT,sell,114889.9517,LOSS,0.45,5.02,1.97
2026-05-13 09:51,BTCUSDT,sell,114689.9462,LOSS,0.62,5.02,1.8
2026-05-13 10:16,BTCUSDT,buy,115602.4843,WIN,0.22,2.58,5.3
2026-05-13 10:17,BTCUSDT,buy,115825.2745,WIN,0.41,2.76,5.1
2026-05-13 10:27,BTCUSDT,sell,115056.9199,LOSS,0.63,5.15,2.12
2026-05-13 10:41,BTCUSDT,buy,115981.4724,WIN,0.72,2.9,5.0
2026-05-13 10:42,BTCUSDT,buy,116196.3018,WIN,0.59,3.08,5.01
2026-05-13 10:50,BTCUSDT,buy,116428.3207,WIN,0.79,3.27,5.35
2026-05-13 10:57,BTCUSDT,buy,116649.3792,WIN,0.45,3.45,5.15
2026-05-13 10:59,BTCUSDT,buy,116884.0503,WIN,0.65,3.65,5.12
2026-05-13 11:00,BTCUSDT,buy,117013.9363,WIN,0.66,3.75,5.08
2026-05-13 11:20,BTCUSDT,sell,115841.4215,LOSS,0.74,5.09,2.78
2026-05-13 11:21,BTCUSDT,sell,115680.2791,LOSS,0.88,5.23,2.64
2026-05-13 11:22,BTCUSDT,sell,115568.2739,LOSS,0.93,5.34,2.55
2026-05-13 11:28,BTCUSDT,sell,115239.5493,LOSS,0.57,5.07,2.27
2026-05-13 11:32,BTCUSDT,sell,115051.9845,LOSS,0.47,5.16,2.11
2026-05-13 11:33,BTCUSDT,sell,114696.1362,LOSS,0.72,5.02,1.81
2026-05-13 11:34,BTCUSDT,sell,114693.067,LOSS,0.72,5.02,1.8
2026-05-13 11:35,BTCUSDT,sell,114313.3116,LOSS,1.05,5.07,1.48
2026-05-13 11:39,BTCUSDT,sell,113981.991,LOSS,0.69,5.04,1.19
2026-05-13 11:47,BTCUSDT,sell,113821.1208,LOSS,0.47,5.01,1.05
2026-05-13 12:07,BTCUSDT,buy,114452.733,WIN,0.45,1.6,5.12
2026-05-13 12:14,BTCUSDT,sell,113522.7066,LOSS,0.83,5.25,0.79
2026-05-13 12:15,BTCUSDT,buy,114825.1768,WIN,1.28,1.92,5.07
2026-05-13 12:17,BTCUSDT,buy,115112.889,WIN,1.54,2.16,5.1
2026-05-13 12:20,BTCUSDT,buy,115148.8123,WIN,0.41,2.19,5.07
2026-05-13 12:41,BTCUSDT,buy,115440.5088,WIN,0.36,2.44,5.01
2026-05-13 12:54,BTCUSDT,sell,114605.4346,LOSS,0.68,5.01,1.73
2026-05-13 12:55,BTCUSDT,sell,114423.3824,LOSS,0.84,5.14,1.57
2026-05-13 12:59,BTCUSDT,sell,114261.766,LOSS,0.34,5.01,1.43
2026-05-13 13:04,BTCUSDT,sell,114043.2006,LOSS,0.56,5.21,1.25
2026-05-13 13:15,BTCUSDT,buy,114992.6875,WIN,0.35,2.06,5.21
2026-05-13 13:27,BTCUSDT,sell,113942.5943,LOSS,0.55,5.08,1.16
2026-05-13 13:28,BTCUSDT,sell,113742.327,LOSS,0.72,5.05,0.98
2026-05-13 13:32,BTCUSDT,sell,113579.8273,LOSS,0.43,5.2,0.84
2026-05-13 13:33,BTCUSDT,sell,113465.8785,LOSS,0.36,5.0,0.74
2026-05-13 13:41,BTCUSDT,sell,112899.6066,LOSS,0.85,5.06,0.25
2026-05-13 14:17,BTCUSDT,sell,112992.6305,LOSS,0.57,5.01,0.33
2026-05-13 14:40,BTCUSDT,buy,113292.6988,WIN,0.45,0.02,5.01
2026-05-13 14:42,BTCUSDT,buy,113567.6059,WIN,0.6,0.0,5.21
2026-05-13 14:43,BTCUSDT,buy,113694.5858,WIN,0.67,0.02,5.09
2026-05-13 14:45,BTCUSDT,buy,113925.3332,WIN,0.77,0.0,5.09
2026-05-13 14:48,BTCUSDT,buy,114326.7254,WIN,0.57,0.22,5.05
2026-05-13 14:49,BTCUSDT,buy,114344.6456,WIN,0.59,0.24,5.04
2026-05-13 14:50,BTCUSDT,buy,114669.6311,WIN,0.74,0.52,5.04
2026-05-13 14:54,BTCUSDT,buy,114783.2634,WIN,0.43,0.62,5.11
2026-05-13 14:58,BTCUSDT,buy,114989.1053,WIN,0.54,0.8,5.22
2026-05-13 14:59,BTCUSDT,buy,115191.1203,WIN,0.69,0.97,5.03
2026-05-13 15:18,BTCUSDT,sell,114203.968,LOSS,0.38,5.07,0.02
2026-05-13 15:32,BTCUSDT,buy,114721.6227,WIN,0.47,0.13,5.17
2026-05-13 15:34,BTCUSDT,buy,114891.0045,WIN,0.51,0.0,5.01
2026-05-13 15:35,BTCUSDT,buy,118336.782,WIN,3.52,2.5,5.02
2026-05-13 15:37,BTCUSDT,buy,118561.5078,WIN,3.49,2.69,5.17
2026-05-13 15:41,BTCUSDT,buy,118686.0307,WIN,0.45,2.79,5.06
2026-05-13 15:50,BTCUSDT,buy,118955.3641,WIN,0.52,3.01,5.04
2026-05-13 15:51,BTCUSDT,buy,119072.3354,WIN,0.62,3.11,6.13
2026-05-13 15:54,BTCUSDT,buy,119419.0498,WIN,0.65,3.39,5.82
2026-05-13 16:13,BTCUSDT,sell,118178.6004,LOSS,1.06,5.07,2.37
2026-05-13 16:15,BTCUSDT,sell,118015.5548,LOSS,0.93,5.07,2.24
2026-05-13 16:43,BTCUSDT,buy,119142.0993,WIN,0.71,3.16,6.07
2026-05-13 17:10,BTCUSDT,buy,119307.7968,WIN,0.4,3.3,5.92
2026-05-13 17:21,BTCUSDT,sell,118704.1484,LOSS,0.31,5.05,2.8
2026-05-13 17:23,BTCUSDT,sell,118452.669,LOSS,0.52,5.27,2.6
2026-05-13 17:24,BTCUSDT,sell,118288.3748,LOSS,0.66,5.06,2.46
2026-05-13 17:25,BTCUSDT,sell,117989.4189,LOSS,0.74,5.09,2.22
2026-05-13 17:26,BTCUSDT,sell,117794.246,LOSS,0.86,5.04,2.05
2026-05-13 17:38,BTCUSDT,sell,116903.1381,LOSS,0.81,5.1,1.31
2026-05-13 18:06,BTCUSDT,sell,116519.7771,LOSS,0.68,5.27,0.98
2026-05-13 18:07,BTCUSDT,sell,116258.1072,LOSS,0.91,5.09,0.76
2026-05-13 18:09,BTCUSDT,sell,115575.4304,LOSS,1.41,5.33,0.17
2026-05-13 18:37,BTCUSDT,buy,116964.6679,WIN,0.55,0.9,5.04
2026-05-13 18:40,BTCUSDT,buy,117180.5134,WIN,0.74,1.08,5.37
2026-05-13 18:42,BTCUSDT,buy,117230.1598,WIN,0.29,1.12,5.33
2026-05-13 18:51,BTCUSDT,sell,116210.4432,LOSS,0.54,5.03,0.26
2026-05-13 18:55,BTCUSDT,buy,118788.5608,WIN,2.48,0.0,5.05
2026-05-13 18:57,BTCUSDT,buy,119150.191,WIN,2.79,0.26,6.06
2026-05-13 19:00,BTCUSDT,buy,119252.5669,WIN,0.41,0.34,5.97
2026-05-13 19:06,BTCUSDT,buy,119469.462,WIN,0.53,0.5,5.78
2026-05-13 19:26,BTCUSDT,buy,119812.9846,WIN,0.79,0.33,5.47
2026-05-13 19:30,BTCUSDT,buy,120052.8827,WIN,0.55,0.53,5.26
2026-05-13 19:31,BTCUSDT,buy,120284.0622,WIN,0.72,0.72,5.06
2026-05-13 19:32,BTCUSDT,buy,120343.7766,WIN,0.77,0.77,5.01
2026-05-13 19:33,BTCUSDT,buy,120385.6138,WIN,0.81,0.8,5.05
2026-05-13 19:34,BTCUSDT,buy,120641.331,WIN,1.02,1.01,5.1
2026-05-13 19:35,BTCUSDT,buy,120663.966,WIN,0.55,1.03,5.08
2026-05-13 19:53,BTCUSDT,sell,119925.3604,LOSS,0.47,5.37,0.42
2026-05-13 20:20,BTCUSDT,buy,120569.9898,WIN,0.29,0.95,5.0
2026-05-13 20:21,BTCUSDT,buy,120914.6578,WIN,0.57,1.24,5.12
2026-05-13 20:22,BTCUSDT,buy,120993.6477,WIN,0.64,1.3,5.05
2026-05-13 20:23,BTCUSDT,buy,121094.5771,WIN,0.72,1.38,5.12
2026-05-13 20:24,BTCUSDT,buy,121410.1022,WIN,0.86,1.64,5.02
2026-05-13 20:40,BTCUSDT,sell,119994.2559,LOSS,0.73,5.31,0.48
2026-05-13 20:41,BTCUSDT,sell,119835.388,LOSS,0.76,5.45,0.35
2026-05-13 20:55,BTCUSDT,buy,121166.4245,WIN,0.81,1.44,5.06
2026-05-13 20:56,BTCUSDT,buy,121317.106,WIN,0.7,1.56,5.1
2026-05-13 21:07,BTCUSDT,buy,121696.1723,WIN,0.82,1.87,5.01
2026-05-13 21:08,BTCUSDT,buy,121843.9658,WIN,0.95,1.99,5.05
2026-05-13 21:25,BTCUSDT,sell,120772.3376,LOSS,0.34,5.03,1.12
2026-05-13 21:26,BTCUSDT,sell,120497.9605,LOSS,0.57,5.06,0.89
2026-05-13 21:27,BTCUSDT,sell,119995.4483,LOSS,0.98,5.31,0.48
2026-05-13 21:30,BTCUSDT,sell,119735.377,LOSS,0.96,5.54,0.26
2026-05-13 21:34,BTCUSDT,sell,119658.0804,LOSS,0.4,5.61,0.2
2026-05-13 21:35,BTCUSDT,sell,119576.5346,LOSS,0.47,5.68,0.06
2026-05-13 21:45,BTCUSDT,buy,120948.1389,WIN,0.46,1.19,5.09
2026-05-13 21:49,BTCUSDT,buy,121005.2538,WIN,0.51,1.24,5.04
2026-05-13 21:58,BTCUSDT,buy,121230.6007,WIN,0.39,1.42,5.01
2026-05-13 22:06,BTCUSDT,sell,120248.7195,LOSS,0.67,5.09,0.62
2026-05-13 22:09,BTCUSDT,sell,120024.4009,LOSS,0.66,5.29,0.43
2026-05-13 22:10,BTCUSDT,sell,119829.4617,LOSS,0.59,5.46,0.27
2026-05-13 22:15,BTCUSDT,buy,121349.6908,WIN,1.54,1.48,5.08
2026-05-13 23:26,BTCUSDT,buy,120838.2954,WIN,0.88,0.22,5.19
2026-05-13 23:45,BTCUSDT,buy,121596.7409,WIN,0.46,0.03,5.1
2026-05-13 23:46,BTCUSDT,buy,122009.0694,WIN,0.8,0.36,5.17
2026-05-13 23:48,BTCUSDT,buy,122125.6443,WIN,0.74,0.46,5.07
2026-05-13 23:50,BTCUSDT,buy,122362.5009,WIN,0.74,0.65,5.21
2026-05-14 00:14,BTCUSDT,buy,122942.6588,WIN,0.57,0.98,5.0
2026-05-14 00:35,BTCUSDT,sell,121964.8531,LOSS,0.65,5.21,0.19
2026-05-14 00:54,BTCUSDT,buy,123319.5841,WIN,0.87,0.0,5.27
2026-05-14 00:55,BTCUSDT,buy,123539.3951,WIN,1.01,0.17,5.08
2026-05-14 01:03,BTCUSDT,buy,123859.9176,WIN,0.43,0.32,5.9
2026-05-14 01:04,BTCUSDT,buy,124002.8717,WIN,0.55,0.44,5.78
2026-05-14 01:05,BTCUSDT,buy,124178.6844,WIN,0.69,0.58,5.63
2026-05-14 01:06,BTCUSDT,buy,124274.7839,WIN,0.63,0.66,5.55
2026-05-14 01:09,BTCUSDT,buy,124606.874,WIN,0.52,0.92,5.27
2026-05-14 01:31,BTCUSDT,sell,124043.9912,LOSS,0.61,5.74,0.47
2026-05-14 01:32,BTCUSDT,sell,123840.1313,LOSS,0.5,5.92,0.31
2026-05-14 01:34,BTCUSDT,sell,123583.7606,LOSS,0.7,5.05,0.0
2026-05-14 01:35,BTCUSDT,buy,126303.8056,WIN,2.3,0.83,5.03
2026-05-14 01:42,BTCUSDT,buy,126398.3345,WIN,0.59,0.91,6.06
2026-05-14 01:43,BTCUSDT,buy,126443.8095,WIN,0.63,0.94,6.02
2026-05-14 01:45,BTCUSDT,buy,126574.7225,WIN,0.58,1.05,5.91
2026-05-14 01:59,BTCUSDT,sell,125733.9373,LOSS,0.62,5.22,0.38
2026-05-14 02:01,BTCUSDT,sell,125504.2491,LOSS,0.58,5.13,0.2
2026-05-14 02:17,BTCUSDT,buy,126382.7988,WIN,0.43,0.73,5.01
2026-05-14 02:33,BTCUSDT,buy,126838.7049,WIN,0.45,0.95,5.69
2026-05-14 02:34,BTCUSDT,buy,126910.0138,WIN,0.39,1.01,5.63
2026-05-14 02:36,BTCUSDT,buy,127289.9949,WIN,0.7,1.3,5.31
2026-05-14 02:37,BTCUSDT,buy,127476.0537,WIN,0.77,1.45,5.16
2026-05-14 02:39,BTCUSDT,buy,127556.5058,WIN,0.62,1.51,5.09
2026-05-14 02:40,BTCUSDT,buy,127739.3388,WIN,0.76,1.65,5.04
2026-05-14 02:41,BTCUSDT,buy,127980.3561,WIN,0.56,1.83,5.27
2026-05-14 02:43,BTCUSDT,buy,128144.2708,WIN,0.58,1.96,5.14
2026-05-14 02:49,BTCUSDT,buy,128652.7058,WIN,0.74,2.35,5.04
2026-05-14 02:51,BTCUSDT,buy,128869.7239,WIN,0.82,2.51,5.03
2026-05-14 03:06,BTCUSDT,buy,129124.3232,WIN,0.6,2.7,5.04
2026-05-14 03:12,BTCUSDT,sell,128201.6265,LOSS,0.55,5.09,2.0
2026-05-14 03:13,BTCUSDT,sell,127900.0506,LOSS,0.66,5.34,1.77
2026-05-14 03:14,BTCUSDT,sell,127371.1053,LOSS,0.98,5.25,1.37
2026-05-14 03:38,BTCUSDT,sell,127028.5104,LOSS,0.63,5.53,1.1
2026-05-14 03:48,BTCUSDT,sell,126784.3307,LOSS,0.39,5.73,0.91
2026-05-14 03:50,BTCUSDT,sell,126564.6425,LOSS,0.55,5.92,0.74
2026-05-14 03:53,BTCUSDT,sell,126320.7713,LOSS,0.46,5.02,0.55
2026-05-14 04:03,BTCUSDT,sell,126020.1411,LOSS,0.78,5.16,0.31
2026-05-14 04:25,BTCUSDT,buy,127078.0943,WIN,0.86,1.14,5.49
2026-05-14 04:43,BTCUSDT,sell,125724.1377,LOSS,0.69,5.23,0.07
2026-05-14 04:55,BTCUSDT,buy,129400.3736,WIN,2.77,2.33,5.21
2026-05-14 05:09,BTCUSDT,buy,129715.9866,WIN,1.06,2.56,6.23
2026-05-14 05:30,BTCUSDT,sell,128057.7935,LOSS,0.72,5.21,1.3
2026-05-14 05:31,BTCUSDT,sell,127956.2976,LOSS,0.8,5.29,1.22
2026-05-14 05:32,BTCUSDT,sell,127655.1196,LOSS,1.04,5.01,0.99
2026-05-14 05:33,BTCUSDT,sell,127597.2254,LOSS,0.83,5.06,0.95
2026-05-14 05:56,BTCUSDT,sell,127069.1724,LOSS,0.79,5.5,0.54
2026-05-14 06:01,BTCUSDT,sell,126928.9534,LOSS,0.3,5.61,0.43
2026-05-14 06:15,BTCUSDT,buy,128006.6117,WIN,0.71,1.26,5.25
2026-05-14 06:17,BTCUSDT,buy,128403.2351,WIN,0.81,1.57,5.12
2026-05-14 06:36,BTCUSDT,sell,127591.5113,LOSS,0.32,5.06,0.94
2026-05-14 06:37,BTCUSDT,sell,127309.0741,LOSS,0.54,5.3,0.72
2026-05-14 06:38,BTCUSDT,sell,127201.3384,LOSS,0.62,5.39,0.64
2026-05-14 06:44,BTCUSDT,sell,126916.4349,LOSS,0.62,5.62,0.42
2026-05-14 06:46,BTCUSDT,sell,126811.4881,LOSS,0.7,5.71,0.33
2026-05-14 06:47,BTCUSDT,sell,126804.6728,LOSS,0.56,5.72,0.33
2026-05-14 06:48,BTCUSDT,sell,126620.7163,LOSS,0.54,5.87,0.18
2026-05-14 07:07,BTCUSDT,buy,127229.8797,WIN,0.5,0.0,5.36
2026-05-14 07:08,BTCUSDT,buy,127512.939,WIN,0.72,0.17,5.13
2026-05-14 07:09,BTCUSDT,buy,127769.1263,WIN,0.93,0.37,5.01
2026-05-14 07:19,BTCUSDT,buy,127962.2475,WIN,0.4,0.52,5.29
2026-05-14 07:35,BTCUSDT,buy,128111.8399,WIN,0.64,0.56,5.16
2026-05-14 07:36,BTCUSDT,buy,128137.987,WIN,0.66,0.58,5.14
2026-05-14 07:55,BTCUSDT,buy,128433.3901,WIN,0.4,0.12,5.1
2026-05-14 07:56,BTCUSDT,buy,128708.6333,WIN,0.61,0.33,5.08
2026-05-14 07:58,BTCUSDT,buy,128815.6781,WIN,0.7,0.42,5.03
2026-05-14 07:59,BTCUSDT,buy,128923.1925,WIN,0.56,0.5,5.02
2026-05-14 08:15,BTCUSDT,buy,131089.4343,WIN,2.05,1.35,5.12
2026-05-14 08:16,BTCUSDT,buy,131256.6161,WIN,1.92,1.48,5.13
2026-05-14 08:17,BTCUSDT,buy,131495.5415,WIN,2.04,1.66,5.1
2026-05-14 08:21,BTCUSDT,buy,131728.4808,WIN,0.41,1.83,5.24
2026-05-14 08:23,BTCUSDT,buy,131878.0735,WIN,0.42,1.94,5.12
2026-05-14 08:25,BTCUSDT,buy,132000.7305,WIN,0.31,2.04,5.02
2026-05-14 08:36,BTCUSDT,buy,132615.8874,WIN,0.71,2.49,6.27
2026-05-14 08:54,BTCUSDT,sell,131851.2661,LOSS,0.3,5.14,1.92
2026-05-14 08:58,BTCUSDT,sell,131753.0574,LOSS,0.38,5.22,1.85
2026-05-14 09:13,BTCUSDT,sell,130939.8956,LOSS,0.78,5.24,1.24
2026-05-14 09:14,BTCUSDT,sell,130710.5677,LOSS,0.95,5.42,1.07
2026-05-14 09:16,BTCUSDT,sell,130524.7961,LOSS,0.77,5.57,0.93
2026-05-14 09:18,BTCUSDT,sell,130422.1705,LOSS,0.55,5.66,0.85
2026-05-14 09:44,BTCUSDT,buy,131527.876,WIN,0.58,1.68,5.07
2026-05-14 10:03,BTCUSDT,buy,131938.9067,WIN,0.67,1.99,5.07
2026-05-14 10:27,BTCUSDT,sell,130812.6645,LOSS,0.71,5.34,1.15
2026-05-14 10:30,BTCUSDT,sell,130421.9132,LOSS,0.65,5.66,0.85
2026-05-14 10:32,BTCUSDT,sell,130093.1702,LOSS,0.73,5.92,0.6
2026-05-14 11:04,BTCUSDT,sell,129987.9253,LOSS,0.56,6.01,0.52
2026-05-14 11:12,BTCUSDT,sell,129729.7677,LOSS,0.38,6.22,0.32
2026-05-14 11:14,BTCUSDT,sell,129576.9805,LOSS,0.5,5.07,0.2
2026-05-14 11:34,BTCUSDT,buy,130371.6882,WIN,0.48,0.06,5.7
2026-05-14 11:35,BTCUSDT,buy,133840.0848,WIN,3.05,2.65,5.3
2026-05-14 12:01,BTCUSDT,buy,134068.245,WIN,0.83,2.82,5.12
2026-05-14 12:32,BTCUSDT,sell,132677.1888,LOSS,0.64,6.22,1.8
2026-05-14 12:33,BTCUSDT,sell,132426.6248,LOSS,0.79,5.1,1.61
2026-05-14 12:35,BTCUSDT,sell,132249.4585,LOSS,0.93,5.02,1.48
2026-05-14 12:56,BTCUSDT,sell,132213.4919,LOSS,0.52,5.05,1.45
2026-05-14 13:11,BTCUSDT,sell,132121.4397,LOSS,0.51,5.12,1.39
2026-05-14 13:13,BTCUSDT,sell,131996.1169,LOSS,0.51,5.02,1.29
2026-05-14 13:14,BTCUSDT,sell,131711.816,LOSS,0.72,5.25,1.08
2026-05-14 13:18,BTCUSDT,sell,131436.7643,LOSS,0.57,5.03,0.87
2026-05-14 13:19,BTCUSDT,sell,131234.8872,LOSS,0.72,5.0,0.72
2026-05-14 13:20,BTCUSDT,sell,130933.4469,LOSS,0.95,5.24,0.49
2026-05-14 13:28,BTCUSDT,sell,130590.0986,LOSS,0.46,5.52,0.17
2026-05-14 13:38,BTCUSDT,buy,131601.7855,WIN,0.88,0.3,5.01
2026-05-14 13:47,BTCUSDT,buy,132052.755,WIN,0.6,0.36,5.17
2026-05-14 13:54,BTCUSDT,buy,132267.428,WIN,0.53,0.28,5.0
2026-05-14 13:57,BTCUSDT,buy,132788.765,WIN,0.8,0.67,6.13
2026-05-14 13:58,BTCUSDT,buy,132958.8034,WIN,0.82,0.8,6.0
2026-05-14 13:59,BTCUSDT,buy,133239.098,WIN,0.85,1.01,5.78
2026-05-14 14:01,BTCUSDT,buy,133596.0863,WIN,1.12,1.27,5.49
2026-05-14 14:02,BTCUSDT,buy,134106.6052,WIN,1.05,1.65,5.09
2026-05-14 14:31,BTCUSDT,buy,133312.0136,WIN,0.61,1.06,5.72
2026-05-14 14:32,BTCUSDT,buy,133469.238,WIN,0.73,1.18,5.59
2026-05-14 14:36,BTCUSDT,buy,133630.4318,WIN,0.48,1.3,5.47
2026-05-14 14:42,BTCUSDT,sell,132433.6557,LOSS,0.98,5.09,0.41
2026-05-14 14:55,BTCUSDT,buy,134723.0358,WIN,2.04,1.91,5.1
2026-05-14 14:56,BTCUSDT,buy,134797.8266,WIN,2.1,1.97,5.04
2026-05-14 15:13,BTCUSDT,buy,135021.9476,WIN,0.79,2.13,5.04
2026-05-14 15:23,BTCUSDT,sell,133729.5224,LOSS,0.83,5.39,1.18
2026-05-14 15:24,BTCUSDT,sell,133452.3475,LOSS,0.92,5.61,0.98
2026-05-14 15:31,BTCUSDT,sell,133033.8414,LOSS,0.67,5.94,0.67
2026-05-14 15:39,BTCUSDT,sell,132576.3451,LOSS,0.66,6.31,0.32
2026-05-14 16:11,BTCUSDT,sell,132933.6923,LOSS,0.65,6.02,0.59
2026-05-14 16:19,BTCUSDT,sell,132566.2861,LOSS,0.52,6.31,0.32
2026-05-14 16:34,BTCUSDT,buy,133529.302,WIN,0.41,0.36,5.55
2026-05-14 16:39,BTCUSDT,buy,133741.2588,WIN,0.52,0.27,5.38
2026-05-14 16:50,BTCUSDT,buy,134120.6935,WIN,0.52,0.3,5.08
2026-05-14 17:00,BTCUSDT,buy,134547.6701,WIN,0.62,0.39,5.24
2026-05-14 17:01,BTCUSDT,buy,134704.9015,WIN,0.58,0.5,5.11
2026-05-14 17:08,BTCUSDT,buy,134870.8112,WIN,0.6,0.62,5.16
2026-05-14 17:13,BTCUSDT,buy,135231.8904,WIN,0.45,0.89,5.01
2026-05-14 17:42,BTCUSDT,buy,135228.6599,WIN,0.42,0.33,5.01
2026-05-14 17:44,BTCUSDT,buy,135391.9534,WIN,0.54,0.45,5.05
2026-05-14 17:48,BTCUSDT,buy,135468.4414,WIN,0.3,0.5,5.06
2026-05-14 17:57,BTCUSDT,buy,135603.0924,WIN,0.6,0.57,5.05
2026-05-14 17:58,BTCUSDT,buy,135925.7201,WIN,0.84,0.8,5.02
2026-05-14 18:15,BTCUSDT,buy,137673.6768,WIN,1.58,1.57,5.01
2026-05-14 18:36,BTCUSDT,buy,137871.2089,WIN,0.38,1.72,5.04
2026-05-14 18:43,BTCUSDT,buy,138113.8419,WIN,0.55,1.89,5.18
2026-05-14 18:44,BTCUSDT,buy,138466.6222,WIN,0.81,2.14,5.11
2026-05-14 18:45,BTCUSDT,buy,138781.548,WIN,1.04,2.36,5.01
2026-05-14 19:04,BTCUSDT,sell,138028.1008,LOSS,0.68,5.01,1.83
2026-05-14 19:22,BTCUSDT,sell,137209.606,LOSS,0.79,5.03,1.24
2026-05-14 19:28,BTCUSDT,sell,136867.9764,LOSS,0.56,5.08,1.0
2026-05-14 19:32,BTCUSDT,sell,136523.0966,LOSS,0.65,5.01,0.74
2026-05-14 19:33,BTCUSDT,sell,136372.9506,LOSS,0.5,5.06,0.64
2026-05-14 19:34,BTCUSDT,sell,136231.2856,LOSS,0.52,5.11,0.53
2026-05-14 19:38,BTCUSDT,sell,136180.4885,LOSS,0.31,5.14,0.5
2026-05-14 19:49,BTCUSDT,sell,135861.0748,LOSS,0.55,5.07,0.26
2026-05-14 19:51,BTCUSDT,sell,135716.8177,LOSS,0.66,5.06,0.16
2026-05-14 19:53,BTCUSDT,buy,136723.7587,WIN,0.85,0.89,5.19
2026-05-14 20:08,BTCUSDT,buy,136906.7098,WIN,0.67,1.02,5.05
2026-05-14 20:09,BTCUSDT,buy,137229.6045,WIN,0.91,1.26,5.02
2026-05-14 20:13,BTCUSDT,buy,137314.9719,WIN,0.56,1.32,5.11
2026-05-14 20:30,BTCUSDT,sell,135609.4264,LOSS,0.68,5.04,0.0
2026-05-14 20:37,BTCUSDT,buy,136837.2878,WIN,0.65,0.49,5.11
2026-05-14 21:14,BTCUSDT,buy,137430.5615,WIN,0.78,0.8,5.02
2026-05-14 21:35,BTCUSDT,buy,140879.567,WIN,3.2,0.37,5.04
2026-05-14 21:41,BTCUSDT,buy,141098.9327,WIN,0.49,0.52,5.08
2026-05-14 21:47,BTCUSDT,buy,141607.4711,WIN,0.59,0.88,5.12
2026-05-14 21:48,BTCUSDT,buy,141953.6594,WIN,0.84,1.12,5.24
2026-05-14 21:50,BTCUSDT,buy,142089.222,WIN,0.74,1.22,5.14
2026-05-14 22:10,BTCUSDT,buy,142501.659,WIN,0.62,1.5,5.05
2026-05-14 22:21,BTCUSDT,sell,141292.474,LOSS,0.92,5.1,0.66
2026-05-14 22:22,BTCUSDT,sell,140986.8512,LOSS,0.94,5.02,0.44
2026-05-14 22:25,BTCUSDT,sell,140678.9659,LOSS,0.76,5.14,0.23
2026-05-14 22:26,BTCUSDT,sell,140547.5167,LOSS,0.61,5.05,0.0
2026-05-14 22:40,BTCUSDT,buy,142478.5948,WIN,0.63,1.28,5.07
2026-05-14 22:42,BTCUSDT,buy,142631.9832,WIN,0.36,1.38,5.23
2026-05-14 23:05,BTCUSDT,sell,141804.9471,LOSS,0.56,5.01,0.81
2026-05-14 23:06,BTCUSDT,sell,141501.1424,LOSS,0.78,5.06,0.6
2026-05-14 23:08,BTCUSDT,sell,141357.8966,LOSS,0.88,5.06,0.5
2026-05-14 23:12,BTCUSDT,sell,141223.0093,LOSS,0.39,5.16,0.4
2026-05-14 23:15,BTCUSDT,sell,141090.7383,LOSS,0.37,5.09,0.31
2026-05-14 23:16,BTCUSDT,sell,140789.3959,LOSS,0.52,5.05,0.09
2026-05-14 23:35,BTCUSDT,buy,141984.443,WIN,0.73,0.47,5.21
2026-05-14 23:36,BTCUSDT,buy,142275.5843,WIN,0.78,0.67,5.09
2026-05-15 00:05,BTCUSDT,buy,142779.1749,WIN,0.41,0.98,5.12
2026-05-15 00:06,BTCUSDT,buy,142814.5518,WIN,0.44,1.0,5.09
2026-05-15 00:19,BTCUSDT,sell,141854.998,LOSS,0.74,5.05,0.33
2026-05-15 00:20,BTCUSDT,sell,141607.6909,LOSS,0.75,5.12,0.16
2026-05-15 00:21,BTCUSDT,sell,141387.5684,LOSS,0.9,5.03,0.0
2026-05-15 00:30,BTCUSDT,buy,143043.0337,WIN,0.92,0.88,5.28
2026-05-15 00:48,BTCUSDT,sell,141984.5346,LOSS,0.43,5.21,0.14
2026-05-15 00:55,BTCUSDT,buy,143673.6782,WIN,1.25,1.32,5.18
2026-05-15 00:56,BTCUSDT,buy,143925.3635,WIN,1.37,1.49,5.26
2026-05-15 00:57,BTCUSDT,buy,144289.15,WIN,1.62,1.74,5.23
2026-05-15 00:58,BTCUSDT,buy,144423.6138,WIN,1.72,1.83,5.13
2026-05-15 01:24,BTCUSDT,sell,142852.1534,LOSS,0.66,5.06,0.75
2026-05-15 01:27,BTCUSDT,sell,142808.6414,LOSS,0.63,5.1,0.72
2026-05-15 01:46,BTCUSDT,buy,144213.8171,WIN,0.68,1.69,5.05
2026-05-15 02:07,BTCUSDT,buy,144529.9533,WIN,0.45,1.9,5.05
2026-05-15 02:13,BTCUSDT,buy,144707.1152,WIN,0.45,2.02,5.24
2026-05-15 02:22,BTCUSDT,sell,143318.5298,LOSS,0.88,5.08,1.07
2026-05-15 02:23,BTCUSDT,sell,143065.1991,LOSS,0.83,5.26,0.9
2026-05-15 02:27,BTCUSDT,sell,142466.3369,LOSS,0.65,5.07,0.48
2026-05-15 03:04,BTCUSDT,buy,143244.0073,WIN,1.03,0.0,5.13
2026-05-15 03:05,BTCUSDT,buy,143453.0981,WIN,1.18,0.04,5.1
2026-05-15 03:06,BTCUSDT,buy,143706.3522,WIN,1.28,0.21,5.16
2026-05-15 03:07,BTCUSDT,buy,143953.0948,WIN,1.25,0.38,5.24
2026-05-15 03:10,BTCUSDT,buy,144312.1811,WIN,0.66,0.63,5.21
2026-05-15 03:13,BTCUSDT,buy,144426.5489,WIN,0.51,0.71,5.13
2026-05-15 03:14,BTCUSDT,buy,144589.5913,WIN,0.63,0.82,5.01
2026-05-15 03:15,BTCUSDT,buy,144699.5139,WIN,0.38,0.9,5.24
2026-05-15 03:18,BTCUSDT,buy,144883.4206,WIN,0.49,1.02,5.11
2026-05-15 03:19,BTCUSDT,buy,144953.4155,WIN,0.33,1.07,5.06
2026-05-15 03:56,BTCUSDT,buy,145606.8748,WIN,0.62,1.52,5.09
2026-05-15 04:11,BTCUSDT,sell,144706.7244,LOSS,0.38,5.24,0.9
2026-05-15 04:12,BTCUSDT,sell,144453.6596,LOSS,0.56,5.11,0.73
2026-05-15 04:15,BTCUSDT,buy,146321.9582,WIN,1.41,2.0,5.02
2026-05-15 04:16,BTCUSDT,buy,146603.7952,WIN,1.61,2.18,5.12
2026-05-15 04:30,BTCUSDT,buy,147263.8409,WIN,0.8,2.62,7.37
2026-05-15 04:47,BTCUSDT,sell,146321.1696,LOSS,0.5,5.02,2.0
2026-05-15 04:50,BTCUSDT,sell,145856.8869,LOSS,0.67,5.35,1.68
2026-05-15 04:54,BTCUSDT,sell,145651.1065,LOSS,0.43,5.06,1.55
2026-05-15 05:05,BTCUSDT,buy,146849.205,WIN,0.8,2.35,7.67
2026-05-15 05:36,BTCUSDT,buy,147072.2047,WIN,0.48,2.5,7.51
2026-05-15 05:40,BTCUSDT,buy,147504.7889,WIN,0.62,2.78,7.19
2026-05-15 05:41,BTCUSDT,buy,147888.0329,WIN,0.86,3.03,6.92
2026-05-15 05:42,BTCUSDT,buy,147969.2037,WIN,0.92,3.09,6.86
2026-05-15 06:06,BTCUSDT,sell,146960.0599,LOSS,0.76,7.59,2.42
2026-05-15 06:09,BTCUSDT,sell,146740.6944,LOSS,0.52,5.02,2.28
2026-05-15 06:10,BTCUSDT,sell,146710.45,LOSS,0.48,5.04,2.26
2026-05-15 06:16,BTCUSDT,sell,146516.0326,LOSS,0.45,5.18,2.13
2026-05-15 06:17,BTCUSDT,sell,146231.7804,LOSS,0.65,5.08,1.94
2026-05-15 06:18,BTCUSDT,sell,146117.0799,LOSS,0.72,5.16,1.86
2026-05-15 06:24,BTCUSDT,sell,145699.3503,LOSS,0.43,5.02,1.58
2026-05-15 06:27,BTCUSDT,sell,145548.7477,LOSS,0.5,5.13,1.48
2026-05-15 06:38,BTCUSDT,sell,145240.8142,LOSS,0.48,5.21,1.27
2026-05-15 06:39,BTCUSDT,sell,144925.2768,LOSS,0.69,5.08,1.05
2026-05-15 06:46,BTCUSDT,sell,144582.9503,LOSS,0.58,5.01,0.82
2026-05-15 06:48,BTCUSDT,sell,144293.3877,LOSS,0.78,5.22,0.62
2026-05-15 06:51,BTCUSDT,sell,143864.0021,LOSS,0.56,5.04,0.32
2026-05-15 07:11,BTCUSDT,buy,144737.5934,WIN,0.41,0.56,5.22
2026-05-15 07:13,BTCUSDT,buy,145128.966,WIN,0.68,0.83,5.29
2026-05-15 07:35,BTCUSDT,buy,148088.9468,WIN,2.87,0.75,6.77
2026-05-15 08:05,BTCUSDT,sell,147376.9995,LOSS,0.64,7.29,0.27
2026-05-15 08:06,BTCUSDT,sell,147123.0009,LOSS,0.69,7.47,0.09
2026-05-15 08:32,BTCUSDT,buy,148622.2769,WIN,0.83,0.4,6.39
2026-05-15 08:33,BTCUSDT,buy,148810.8677,WIN,0.95,0.52,6.25
2026-05-15 08:34,BTCUSDT,buy,148842.2376,WIN,0.73,0.54,6.23
2026-05-15 08:41,BTCUSDT,buy,149254.2219,WIN,0.74,0.82,5.94
2026-05-15 09:11,BTCUSDT,sell,148230.1334,LOSS,0.58,6.67,0.13
2026-05-15 09:18,BTCUSDT,buy,149163.2635,WIN,0.55,0.76,6.0
2026-05-15 09:19,BTCUSDT,buy,149617.6341,WIN,0.85,1.06,5.68
2026-05-15 09:20,BTCUSDT,buy,149951.4017,WIN,1.08,1.28,5.44
2026-05-15 09:22,BTCUSDT,buy,150140.5002,WIN,0.9,1.4,5.31
2026-05-15 09:56,BTCUSDT,sell,148719.8434,LOSS,0.67,6.32,0.46
2026-05-15 09:57,BTCUSDT,sell,148419.64,LOSS,0.87,6.53,0.26
2026-05-15 09:58,BTCUSDT,sell,148180.8599,LOSS,1.03,6.7,0.03
2026-05-15 10:07,BTCUSDT,buy,149819.2095,WIN,1.01,0.16,5.54
2026-05-15 10:08,BTCUSDT,buy,149967.2383,WIN,0.91,0.26,5.43
2026-05-15 10:11,BTCUSDT,buy,150140.0593,WIN,0.45,0.37,5.31
2026-05-15 10:24,BTCUSDT,buy,151115.2776,WIN,0.86,0.41,5.0
2026-05-15 10:26,BTCUSDT,buy,151422.8684,WIN,0.79,0.0,5.08
2026-05-15 10:27,BTCUSDT,buy,151798.879,WIN,0.98,0.0,5.11
2026-05-15 10:28,BTCUSDT,buy,152107.5208,WIN,1.07,0.04,5.04
2026-05-15 10:30,BTCUSDT,buy,152307.0089,WIN,1.2,0.17,5.18
2026-05-15 10:31,BTCUSDT,buy,152662.2503,WIN,0.82,0.4,5.04
2026-05-15 10:41,BTCUSDT,buy,153037.4032,WIN,0.65,0.06,5.26
2026-05-15 10:42,BTCUSDT,buy,153256.7033,WIN,0.7,0.21,5.11
2026-05-15 10:48,BTCUSDT,buy,153791.6144,WIN,0.56,0.32,5.08
2026-05-15 10:55,BTCUSDT,buy,157681.4222,WIN,2.86,0.42,5.08
2026-05-15 11:10,BTCUSDT,buy,158700.001,WIN,0.38,0.9,5.31
2026-05-15 11:12,BTCUSDT,buy,158992.3986,WIN,0.51,1.08,5.12
2026-05-15 11:25,BTCUSDT,buy,159668.0865,WIN,0.62,1.5,5.13
2026-05-15 11:26,BTCUSDT,buy,160175.2648,WIN,0.9,1.81,5.3
2026-05-15 11:40,BTCUSDT,buy,160542.5705,WIN,0.49,2.04,5.06
2026-05-15 11:51,BTCUSDT,buy,160615.0295,WIN,0.65,2.08,5.01
2026-05-15 11:54,BTCUSDT,buy,160855.2453,WIN,0.46,2.23,5.03
2026-05-15 11:56,BTCUSDT,buy,161237.5326,WIN,0.53,2.46,5.38
2026-05-15 12:01,BTCUSDT,sell,159434.8025,LOSS,1.24,5.28,1.36
2026-05-15 12:07,BTCUSDT,sell,158954.2458,LOSS,0.48,5.14,1.06
2026-05-15 12:08,BTCUSDT,sell,158779.3548,LOSS,0.57,5.26,0.95
2026-05-15 12:23,BTCUSDT,sell,158450.1743,LOSS,0.45,5.11,0.74
2026-05-15 12:28,BTCUSDT,buy,159720.6949,WIN,0.93,1.53,5.09
2026-05-15 12:53,BTCUSDT,sell,158076.1508,LOSS,0.52,5.21,0.51
2026-05-15 12:54,BTCUSDT,sell,157969.1641,LOSS,0.5,5.06,0.44
2026-05-15 12:59,BTCUSDT,sell,157633.7663,LOSS,0.47,5.11,0.0
2026-05-15 13:18,BTCUSDT,buy,158787.6799,WIN,0.35,0.2,5.25
2026-05-15 13:19,BTCUSDT,buy,159130.7403,WIN,0.57,0.42,5.03
2026-05-15 13:25,BTCUSDT,buy,159334.6504,WIN,0.55,0.0,5.03
2026-05-15 13:26,BTCUSDT,buy,159658.2809,WIN,0.75,0.1,5.13
2026-05-15 13:29,BTCUSDT,buy,160137.8987,WIN,0.69,0.04,5.33
2026-05-15 13:30,BTCUSDT,buy,160520.0259,WIN,0.82,0.28,5.08
2026-05-15 13:31,BTCUSDT,buy,160824.6392,WIN,0.83,0.47,5.01
2026-05-15 13:33,BTCUSDT,buy,161106.3133,WIN,0.95,0.64,5.46
2026-05-15 13:34,BTCUSDT,buy,161389.3586,WIN,0.81,0.82,5.28
2026-05-15 13:35,BTCUSDT,buy,161607.6931,WIN,0.76,0.95,5.13
2026-05-15 13:37,BTCUSDT,buy,161880.7783,WIN,0.82,1.12,5.18
2026-05-15 13:57,BTCUSDT,sell,160692.2214,LOSS,0.47,5.1,0.39
2026-05-15 14:00,BTCUSDT,sell,160169.2096,LOSS,0.53,5.31,0.0
2026-05-15 14:10,BTCUSDT,buy,162105.1143,WIN,1.03,0.6,5.03
2026-05-15 14:15,BTCUSDT,buy,164167.6741,WIN,1.67,1.84,6.41
2026-05-15 14:16,BTCUSDT,buy,164437.0768,WIN,1.84,2.01,6.23
2026-05-15 14:32,BTCUSDT,buy,164792.4985,WIN,0.68,2.22,6.0
2026-05-15 14:33,BTCUSDT,buy,165253.5566,WIN,0.94,2.49,5.71
2026-05-15 14:40,BTCUSDT,buy,165663.1079,WIN,0.49,2.73,5.45
2026-05-15 14:50,BTCUSDT,sell,164171.4595,LOSS,0.71,6.4,1.85
2026-05-15 14:59,BTCUSDT,sell,163897.6015,LOSS,0.4,6.58,1.68
2026-05-15 15:06,BTCUSDT,sell,163660.8678,LOSS,0.34,5.01,1.54
2026-05-15 15:07,BTCUSDT,sell,163355.4651,LOSS,0.53,5.21,1.36
2026-05-15 15:20,BTCUSDT,sell,163120.2754,LOSS,0.99,5.36,1.21
2026-05-15 15:36,BTCUSDT,sell,162498.7859,LOSS,0.77,5.05,0.84
2026-05-15 15:57,BTCUSDT,buy,163739.4338,WIN,0.92,1.59,5.01
2026-05-15 16:30,BTCUSDT,sell,162265.9991,LOSS,0.84,5.09,0.69
2026-05-15 16:32,BTCUSDT,sell,162213.0218,LOSS,0.57,5.03,0.66
2026-05-15 16:36,BTCUSDT,sell,162042.079,LOSS,0.44,5.07,0.56
2026-05-15 16:38,BTCUSDT,sell,161961.4152,LOSS,0.49,5.12,0.51
2026-05-15 16:41,BTCUSDT,sell,161793.3497,LOSS,0.35,5.01,0.4
2026-05-15 16:52,BTCUSDT,buy,163009.4132,WIN,0.49,1.15,5.43
2026-05-15 17:20,BTCUSDT,sell,161538.7703,LOSS,0.54,5.18,0.25
2026-05-15 17:21,BTCUSDT,sell,161446.7762,LOSS,0.59,5.24,0.19
2026-05-15 17:35,BTCUSDT,buy,166116.9916,WIN,2.98,0.2,5.16
2026-05-15 17:41,BTCUSDT,buy,166452.4107,WIN,0.41,0.33,5.06
2026-05-15 18:18,BTCUSDT,sell,166601.0297,LOSS,0.34,5.06,0.17
2026-05-15 18:19,BTCUSDT,sell,166505.8167,LOSS,0.37,5.03,0.02
2026-05-08 23:22,ETHUSDT,buy,102.1912,WIN,0.58,0.51,6.08
2026-05-08 23:33,ETHUSDT,buy,102.5708,WIN,0.58,0.32,5.69
2026-05-08 23:37,ETHUSDT,buy,102.8975,WIN,0.67,0.56,5.35
2026-05-08 23:40,ETHUSDT,buy,102.9619,WIN,0.7,0.62,5.29
2026-05-08 23:41,ETHUSDT,buy,103.1743,WIN,0.91,0.82,5.07
2026-05-08 23:44,ETHUSDT,buy,103.3263,WIN,0.54,0.97,5.01
2026-05-09 00:00,ETHUSDT,sell,102.5782,LOSS,0.78,5.68,0.25
2026-05-09 00:22,ETHUSDT,sell,102.7823,LOSS,0.64,5.47,0.44
2026-05-09 00:23,ETHUSDT,sell,102.7066,LOSS,0.56,5.55,0.37
2026-05-09 00:25,ETHUSDT,sell,102.5071,LOSS,0.68,5.75,0.18
2026-05-09 00:36,ETHUSDT,buy,103.5827,WIN,0.71,1.21,5.02
2026-05-09 00:39,ETHUSDT,buy,103.8213,WIN,0.63,1.44,5.09
2026-05-09 00:40,ETHUSDT,buy,104.083,WIN,0.88,1.69,5.17
2026-05-09 00:53,ETHUSDT,sell,103.0883,LOSS,0.91,5.16,0.74
2026-05-09 00:58,ETHUSDT,sell,102.9247,LOSS,0.46,5.32,0.58
2026-05-09 00:59,ETHUSDT,sell,102.8963,LOSS,0.48,5.35,0.55
2026-05-09 01:00,ETHUSDT,sell,102.6961,LOSS,0.68,5.56,0.36
2026-05-09 01:03,ETHUSDT,sell,102.5768,LOSS,0.5,5.68,0.24
2026-05-09 01:24,ETHUSDT,sell,102.5185,LOSS,0.87,5.74,0.13
2026-05-09 01:35,ETHUSDT,buy,105.5629,WIN,3.11,1.13,5.12
2026-05-09 01:36,ETHUSDT,buy,105.7028,WIN,3.21,1.27,5.01
2026-05-09 01:46,ETHUSDT,buy,105.8904,WIN,0.63,1.44,5.09
2026-05-09 01:55,ETHUSDT,sell,104.9656,LOSS,0.51,5.11,0.57
2026-05-09 02:30,ETHUSDT,sell,104.8424,LOSS,0.37,5.03,0.46
2026-05-09 02:31,ETHUSDT,sell,104.7548,LOSS,0.46,5.12,0.37
2026-05-09 02:42,ETHUSDT,sell,104.662,LOSS,0.6,5.21,0.28
2026-05-09 02:49,ETHUSDT,sell,104.4439,LOSS,0.37,5.07,0.03
2026-05-09 03:00,ETHUSDT,buy,104.9816,WIN,0.55,0.36,5.09
2026-05-09 03:01,ETHUSDT,buy,105.1322,WIN,0.69,0.5,5.16
2026-05-09 03:20,ETHUSDT,buy,106.0651,WIN,0.79,0.56,5.02
2026-05-09 03:22,ETHUSDT,buy,106.4352,WIN,0.94,0.91,5.03
2026-05-09 03:23,ETHUSDT,buy,106.5651,WIN,1.01,1.03,5.01
2026-05-09 03:34,ETHUSDT,buy,106.9149,WIN,0.58,1.35,5.31
2026-05-09 04:02,ETHUSDT,buy,106.8405,WIN,0.56,1.28,5.06
2026-05-09 04:10,ETHUSDT,buy,106.969,WIN,0.6,1.4,5.26
2026-05-09 04:17,ETHUSDT,sell,106.0232,LOSS,1.01,5.06,0.52
2026-05-09 04:18,ETHUSDT,sell,105.8986,LOSS,1.08,5.08,0.4
2026-05-09 04:29,ETHUSDT,sell,105.606,LOSS,0.49,5.07,0.05
2026-05-09 04:37,ETHUSDT,buy,106.1692,WIN,0.4,0.35,5.03
2026-05-09 04:38,ETHUSDT,buy,106.4165,WIN,0.61,0.58,5.05
2026-05-09 04:42,ETHUSDT,buy,106.5135,WIN,0.46,0.67,5.06
2026-05-09 04:53,ETHUSDT,buy,106.6297,WIN,0.79,0.05,5.06
2026-05-09 04:55,ETHUSDT,buy,108.2942,WIN,2.36,0.47,5.05
2026-05-09 04:56,ETHUSDT,buy,108.4714,WIN,2.45,0.63,5.19
2026-05-09 05:04,ETHUSDT,buy,108.5969,WIN,0.75,0.36,5.07
2026-05-09 05:14,ETHUSDT,buy,109.0255,WIN,0.76,0.61,5.07
2026-05-09 05:22,ETHUSDT,buy,109.4418,WIN,0.79,0.99,5.03
2026-05-09 05:23,ETHUSDT,buy,109.7054,WIN,1.03,1.23,5.0
2026-05-09 05:26,ETHUSDT,buy,109.7524,WIN,0.68,1.27,5.16
2026-05-09 05:27,ETHUSDT,buy,109.9054,WIN,0.54,1.41,5.01
2026-05-09 05:57,ETHUSDT,sell,108.6815,LOSS,0.35,5.26,0.3
2026-05-09 06:00,ETHUSDT,sell,108.6022,LOSS,0.53,5.07,0.22
2026-05-09 06:25,ETHUSDT,buy,109.4897,WIN,0.55,0.0,5.21
2026-05-09 06:26,ETHUSDT,buy,109.5823,WIN,0.63,0.0,5.12
2026-05-09 06:27,ETHUSDT,buy,109.8301,WIN,0.86,0.0,5.09
2026-05-09 06:28,ETHUSDT,buy,110.1032,WIN,0.85,0.09,5.14
2026-05-09 06:29,ETHUSDT,buy,110.3228,WIN,1.0,0.22,6.16
2026-05-09 06:33,ETHUSDT,buy,110.5603,WIN,0.5,0.0,5.93
2026-05-09 06:34,ETHUSDT,buy,110.6853,WIN,0.61,0.0,5.81
2026-05-09 06:35,ETHUSDT,buy,110.9028,WIN,0.74,0.16,5.6
2026-05-09 06:37,ETHUSDT,buy,111.0427,WIN,0.72,0.01,5.47
2026-05-09 06:38,ETHUSDT,buy,111.3071,WIN,0.82,0.25,5.22
2026-05-09 06:39,ETHUSDT,buy,111.4803,WIN,0.72,0.41,5.05
2026-05-09 07:14,ETHUSDT,buy,111.9358,WIN,0.47,0.58,5.1
2026-05-09 07:33,ETHUSDT,buy,112.2295,WIN,0.64,0.5,5.19
2026-05-09 07:34,ETHUSDT,buy,112.395,WIN,0.79,0.65,5.04
2026-05-09 07:40,ETHUSDT,buy,112.6064,WIN,0.36,0.84,5.24
2026-05-09 07:43,ETHUSDT,buy,112.7806,WIN,0.47,0.99,5.08
2026-05-09 07:45,ETHUSDT,buy,113.0794,WIN,0.65,1.25,5.2
2026-05-09 07:50,ETHUSDT,buy,113.1428,WIN,0.38,1.31,5.14
2026-05-09 07:51,ETHUSDT,buy,113.3069,WIN,0.52,1.45,5.18
2026-05-09 07:53,ETHUSDT,buy,113.6444,WIN,0.75,1.74,5.12
2026-05-09 08:07,ETHUSDT,sell,112.2847,LOSS,0.5,5.14,0.55
2026-05-09 08:08,ETHUSDT,sell,111.7694,LOSS,0.95,5.09,0.0
2026-05-09 08:15,ETHUSDT,buy,114.0628,WIN,1.68,0.59,5.12
2026-05-09 08:16,ETHUSDT,buy,114.3208,WIN,1.76,0.81,5.29
2026-05-09 08:17,ETHUSDT,buy,114.5394,WIN,1.95,1.0,5.09
2026-05-09 08:27,ETHUSDT,buy,114.6508,WIN,0.47,1.1,5.1
2026-05-09 08:37,ETHUSDT,sell,113.877,LOSS,0.62,5.11,0.43
2026-05-09 08:38,ETHUSDT,sell,113.8144,LOSS,0.61,5.04,0.37
2026-05-09 08:39,ETHUSDT,sell,113.6212,LOSS,0.78,5.14,0.2
2026-05-09 08:53,ETHUSDT,buy,114.5646,WIN,0.6,1.03,5.06
2026-05-09 09:02,ETHUSDT,sell,113.8248,LOSS,0.56,5.03,0.38
2026-05-09 09:05,ETHUSDT,sell,113.7334,LOSS,0.64,5.04,0.3
2026-05-09 09:13,ETHUSDT,buy,114.8196,WIN,0.63,1.24,5.17
2026-05-09 09:28,ETHUSDT,sell,113.6125,LOSS,0.39,5.15,0.2
2026-05-09 09:41,ETHUSDT,buy,114.8255,WIN,0.41,1.25,5.17
2026-05-09 09:43,ETHUSDT,buy,114.8841,WIN,0.46,1.3,5.11
2026-05-09 09:44,ETHUSDT,buy,115.1158,WIN,0.46,1.5,5.0
2026-05-09 10:00,ETHUSDT,sell,114.2261,LOSS,0.85,5.37,0.73
2026-05-09 10:01,ETHUSDT,sell,114.0006,LOSS,0.82,5.01,0.54
2026-05-09 10:02,ETHUSDT,sell,113.7388,LOSS,1.03,5.03,0.31
2026-05-09 10:19,ETHUSDT,buy,114.815,WIN,0.63,1.24,5.18
2026-05-09 10:20,ETHUSDT,buy,114.9844,WIN,0.78,1.39,5.02
2026-05-09 10:28,ETHUSDT,buy,115.2349,WIN,0.55,1.6,5.11
2026-05-09 10:31,ETHUSDT,buy,115.6692,WIN,0.72,1.97,5.04
2026-05-09 10:54,ETHUSDT,sell,114.5959,LOSS,0.46,5.03,1.05
2026-05-09 10:55,ETHUSDT,sell,114.4673,LOSS,0.49,5.15,0.94
2026-05-09 10:56,ETHUSDT,sell,114.0915,LOSS,0.77,5.09,0.61
2026-05-09 11:01,ETHUSDT,sell,113.8619,LOSS,0.39,5.12,0.41
2026-05-09 11:27,ETHUSDT,sell,113.6671,LOSS,0.7,5.1,0.15
2026-05-09 11:35,ETHUSDT,buy,117.0228,WIN,3.11,0.59,5.31
2026-05-09 11:36,ETHUSDT,buy,117.1847,WIN,3.25,0.73,5.16
2026-05-09 11:37,ETHUSDT,buy,117.4562,WIN,3.49,0.96,6.69
2026-05-09 11:38,ETHUSDT,buy,117.5427,WIN,3.57,1.03,6.61
2026-05-09 12:01,ETHUSDT,buy,117.5111,WIN,0.46,0.07,6.64
2026-05-09 12:02,ETHUSDT,buy,117.8419,WIN,0.74,0.35,6.34
2026-05-09 12:07,ETHUSDT,buy,118.4016,WIN,0.53,0.82,5.84
2026-05-09 12:36,ETHUSDT,buy,118.5677,WIN,0.46,0.04,5.69
2026-05-09 12:37,ETHUSDT,buy,118.7768,WIN,0.59,0.22,5.51
2026-05-09 12:38,ETHUSDT,buy,119.0343,WIN,0.8,0.43,5.28
2026-05-09 12:46,ETHUSDT,buy,119.4342,WIN,0.77,0.03,5.06
2026-05-09 12:47,ETHUSDT,buy,119.487,WIN,0.82,0.07,5.02
2026-05-09 12:51,ETHUSDT,buy,119.8753,WIN,0.4,0.36,5.06
2026-05-09 12:52,ETHUSDT,buy,120.0938,WIN,0.58,0.6,5.02
2026-05-09 12:55,ETHUSDT,buy,120.3793,WIN,0.81,0.83,7.15
2026-05-09 13:01,ETHUSDT,buy,120.648,WIN,0.5,1.06,6.91
2026-05-09 13:18,ETHUSDT,sell,119.7838,LOSS,0.49,5.14,0.28
2026-05-09 13:24,ETHUSDT,sell,119.6742,LOSS,0.34,5.24,0.19
2026-05-09 13:46,ETHUSDT,buy,120.7698,WIN,0.4,1.16,6.81
2026-05-09 13:48,ETHUSDT,buy,121.0637,WIN,0.64,1.4,6.55
2026-05-09 13:49,ETHUSDT,buy,121.1769,WIN,0.74,1.49,6.45
2026-05-09 14:07,ETHUSDT,buy,121.4626,WIN,0.6,1.72,6.2
2026-05-09 14:08,ETHUSDT,buy,121.5729,WIN,0.57,1.81,6.1
2026-05-09 14:14,ETHUSDT,buy,121.6492,WIN,0.42,1.87,6.03
2026-05-09 14:15,ETHUSDT,buy,121.8204,WIN,0.51,2.01,5.89
2026-05-09 14:26,ETHUSDT,buy,121.9876,WIN,0.6,2.14,5.74
2026-05-09 14:48,ETHUSDT,sell,121.0311,LOSS,0.44,6.58,1.37
2026-05-09 14:55,ETHUSDT,buy,122.7526,WIN,1.73,2.75,5.08
2026-05-09 15:25,ETHUSDT,sell,120.5522,LOSS,0.81,7.0,0.98
2026-05-09 15:40,ETHUSDT,buy,121.8427,WIN,0.44,2.03,5.87
2026-05-09 15:42,ETHUSDT,buy,122.1074,WIN,0.61,2.24,5.64
2026-05-09 16:02,ETHUSDT,sell,121.061,LOSS,0.65,6.55,1.39
2026-05-09 16:12,ETHUSDT,sell,120.8256,LOSS,0.98,6.76,1.2
2026-05-09 16:16,ETHUSDT,sell,120.5892,LOSS,0.64,6.97,1.01
2026-05-09 16:22,ETHUSDT,sell,120.2459,LOSS,0.53,5.06,0.72
2026-05-09 16:23,ETHUSDT,sell,120.1124,LOSS,0.61,5.0,0.61
2026-05-09 16:24,ETHUSDT,sell,119.9876,LOSS,0.72,5.11,0.51
2026-05-09 16:38,ETHUSDT,buy,121.4664,WIN,0.67,1.72,6.19
2026-05-09 16:39,ETHUSDT,buy,121.6597,WIN,0.83,1.88,6.03
2026-05-09 16:41,ETHUSDT,buy,121.7906,WIN,0.7,1.98,5.91
2026-05-09 16:57,ETHUSDT,buy,122.0169,WIN,0.67,2.17,5.71
2026-05-09 16:59,ETHUSDT,buy,122.1489,WIN,0.74,2.27,5.6
2026-05-09 17:05,ETHUSDT,buy,122.4002,WIN,0.4,2.47,5.38
2026-05-09 17:13,ETHUSDT,buy,122.5289,WIN,0.45,2.57,5.27
2026-05-09 17:15,ETHUSDT,buy,122.6526,WIN,0.55,2.67,5.17
2026-05-09 17:16,ETHUSDT,buy,122.9579,WIN,0.67,2.91,5.09
2026-05-09 17:25,ETHUSDT,sell,121.9214,LOSS,0.51,5.8,2.09
2026-05-09 17:26,ETHUSDT,sell,121.572,LOSS,0.8,6.1,1.81
2026-05-09 17:27,ETHUSDT,sell,121.3175,LOSS,1.01,6.32,1.6
2026-05-09 17:28,ETHUSDT,sell,121.101,LOSS,1.11,6.51,1.43
2026-05-09 17:29,ETHUSDT,sell,121.0083,LOSS,1.19,6.6,1.35
2026-05-09 17:47,ETHUSDT,buy,121.9957,WIN,0.68,2.15,5.73
2026-05-09 18:02,ETHUSDT,buy,122.1375,WIN,0.49,2.26,5.61
2026-05-09 18:11,ETHUSDT,buy,122.3806,WIN,0.54,2.46,5.4
2026-05-09 18:14,ETHUSDT,buy,122.5738,WIN,0.65,2.61,5.23
2026-05-09 18:15,ETHUSDT,buy,125.2854,WIN,2.87,4.72,5.1
2026-05-09 18:16,ETHUSDT,buy,125.3657,WIN,2.64,4.78,5.04
2026-05-09 18:17,ETHUSDT,buy,125.7749,LOSS,2.98,5.09,0.09
2026-05-09 18:40,ETHUSDT,sell,124.3608,LOSS,0.72,5.01,4.01
2026-05-09 18:41,ETHUSDT,sell,124.142,LOSS,0.81,5.02,3.84
2026-05-09 18:42,ETHUSDT,sell,123.8694,LOSS,1.03,5.0,3.63
2026-05-09 18:47,ETHUSDT,sell,123.4114,LOSS,0.51,5.09,3.27
2026-05-09 18:54,ETHUSDT,sell,122.8735,LOSS,0.76,5.16,2.85
2026-05-09 19:02,ETHUSDT,sell,122.5753,LOSS,0.43,5.23,2.61
2026-05-09 19:03,ETHUSDT,sell,122.4776,LOSS,0.51,5.32,2.53
2026-05-09 19:04,ETHUSDT,sell,122.1983,LOSS,0.73,5.56,2.31
2026-05-09 19:05,ETHUSDT,sell,121.8272,LOSS,1.03,5.88,2.01
2026-05-09 19:13,ETHUSDT,sell,121.2074,LOSS,0.79,6.42,1.51
2026-05-09 19:34,ETHUSDT,sell,121.0779,LOSS,0.61,6.53,1.41
2026-05-09 19:35,ETHUSDT,sell,121.0613,LOSS,0.54,6.55,1.39
2026-05-09 19:43,ETHUSDT,sell,120.8443,LOSS,0.3,6.74,1.22
2026-05-09 19:44,ETHUSDT,sell,120.6008,LOSS,0.5,6.96,1.02
2026-05-09 20:01,ETHUSDT,sell,120.2976,LOSS,0.64,5.01,0.77
2026-05-09 20:11,ETHUSDT,sell,119.8611,LOSS,0.54,5.09,0.41
2026-05-09 20:17,ETHUSDT,sell,119.4918,LOSS,0.47,5.08,0.08
2026-05-09 21:09,ETHUSDT,buy,120.4103,WIN,0.56,0.04,7.13
2026-05-09 21:17,ETHUSDT,buy,121.1561,WIN,0.65,0.35,6.47
2026-05-09 21:19,ETHUSDT,buy,121.3124,WIN,0.59,0.48,6.33
2026-05-09 21:23,ETHUSDT,buy,121.4682,WIN,0.61,0.56,6.19
2026-05-09 21:35,ETHUSDT,buy,123.4089,WIN,2.17,1.21,5.09
2026-05-09 21:37,ETHUSDT,buy,123.5519,WIN,2.28,1.32,5.27
2026-05-09 21:38,ETHUSDT,buy,123.7201,WIN,2.42,1.46,5.13
2026-05-09 21:39,ETHUSDT,buy,123.8595,WIN,2.54,1.57,5.01
2026-05-09 21:41,ETHUSDT,buy,124.0622,WIN,0.74,1.73,5.09
2026-05-09 21:44,ETHUSDT,buy,124.3235,WIN,0.48,1.93,5.04
2026-05-09 21:58,ETHUSDT,sell,123.2048,LOSS,0.55,5.02,1.04
2026-05-09 22:00,ETHUSDT,sell,123.1848,LOSS,0.47,5.04,1.03
2026-05-09 22:05,ETHUSDT,sell,122.6478,LOSS,0.5,5.17,0.59
2026-05-09 22:06,ETHUSDT,sell,122.5137,LOSS,0.53,5.29,0.49
2026-05-09 22:17,ETHUSDT,sell,122.2824,LOSS,0.58,5.49,0.3
2026-05-09 22:19,ETHUSDT,sell,122.1477,LOSS,0.5,5.6,0.19
2026-05-09 22:21,ETHUSDT,sell,122.0577,LOSS,0.52,5.68,0.11
2026-05-09 22:46,ETHUSDT,buy,123.0124,WIN,0.9,0.59,5.04
2026-05-09 23:06,ETHUSDT,buy,123.2219,WIN,0.63,0.32,5.0
2026-05-09 23:15,ETHUSDT,buy,123.4123,WIN,0.47,0.35,5.09
2026-05-09 23:16,ETHUSDT,buy,123.4779,WIN,0.53,0.4,5.03
2026-05-09 23:41,ETHUSDT,buy,123.8707,WIN,0.47,0.27,5.0
2026-05-09 23:45,ETHUSDT,buy,124.099,WIN,0.34,0.45,5.06
2026-05-09 23:49,ETHUSDT,buy,124.2529,WIN,0.58,0.56,5.02
2026-05-09 23:53,ETHUSDT,buy,124.575,WIN,0.71,0.82,5.0
2026-05-10 00:16,ETHUSDT,sell,124.1227,LOSS,0.68,5.04,0.46
2026-05-10 00:18,ETHUSDT,sell,123.8179,LOSS,0.73,5.05,0.21
2026-05-10 00:34,ETHUSDT,buy,124.7801,WIN,0.42,0.19,5.02
2026-05-10 00:43,ETHUSDT,buy,125.166,WIN,0.47,0.0,5.2
2026-05-10 00:44,ETHUSDT,buy,125.3484,WIN,0.62,0.01,5.05
2026-05-10 00:47,ETHUSDT,buy,125.6154,WIN,0.54,0.06,5.13
2026-05-10 00:48,ETHUSDT,buy,125.7593,WIN,0.65,0.17,5.01
2026-05-10 00:50,ETHUSDT,buy,125.9975,WIN,0.53,0.12,5.04
2026-05-10 00:52,ETHUSDT,buy,126.2447,WIN,0.56,0.13,7.35
2026-05-10 00:55,ETHUSDT,buy,128.9364,WIN,2.46,0.35,5.11
2026-05-10 00:56,ETHUSDT,buy,129.0833,WIN,2.58,0.46,5.17
2026-05-10 00:59,ETHUSDT,buy,129.2578,WIN,2.34,0.6,5.03
2026-05-10 01:09,ETHUSDT,buy,129.5885,WIN,0.44,0.85,5.02
2026-05-10 01:19,ETHUSDT,sell,128.896,LOSS,0.47,5.14,0.32
2026-05-10 01:56,ETHUSDT,buy,129.7807,WIN,0.7,0.16,5.12
2026-05-10 01:59,ETHUSDT,buy,130.098,WIN,0.95,0.29,5.44
2026-05-10 02:15,ETHUSDT,buy,130.7478,WIN,0.79,0.5,5.0
2026-05-10 02:16,ETHUSDT,buy,130.9413,WIN,0.94,0.65,5.16
2026-05-10 02:18,ETHUSDT,buy,131.0618,WIN,0.52,0.74,5.07
2026-05-10 02:44,ETHUSDT,buy,131.5205,WIN,0.5,0.99,5.03
2026-05-10 02:46,ETHUSDT,buy,132.0431,WIN,0.75,1.38,5.14
2026-05-10 03:22,ETHUSDT,buy,131.4422,WIN,0.82,0.76,5.04
2026-05-10 03:23,ETHUSDT,buy,131.5791,WIN,0.81,0.86,5.05
2026-05-10 03:42,ETHUSDT,buy,131.9793,WIN,0.76,0.75,5.19
2026-05-10 04:15,ETHUSDT,buy,135.4756,WIN,2.7,0.59,5.49
2026-05-10 04:42,ETHUSDT,buy,135.529,WIN,0.41,0.13,5.45
2026-05-10 04:43,ETHUSDT,buy,135.7309,WIN,0.56,0.28,5.3
2026-05-10 04:48,ETHUSDT,buy,136.082,WIN,0.54,0.52,5.02
2026-05-10 04:50,ETHUSDT,buy,136.1466,WIN,0.58,0.57,5.47
2026-05-10 04:51,ETHUSDT,buy,136.2349,WIN,0.65,0.64,5.4
2026-05-10 05:04,ETHUSDT,buy,137.0563,WIN,0.85,0.35,5.02
2026-05-10 05:13,ETHUSDT,buy,137.2785,WIN,0.52,0.21,5.04
2026-05-10 05:16,ETHUSDT,buy,137.6684,WIN,0.8,1.77,5.0
2026-05-10 05:17,ETHUSDT,buy,137.8635,WIN,0.72,1.91,6.18
2026-05-10 05:21,ETHUSDT,buy,138.0077,WIN,0.37,2.01,6.07
2026-05-10 05:32,ETHUSDT,buy,138.3995,WIN,0.56,2.29,5.77
2026-05-10 05:36,ETHUSDT,buy,138.6818,WIN,0.49,2.48,5.56
2026-05-10 05:37,ETHUSDT,buy,138.8294,WIN,0.55,2.59,5.44
2026-05-10 05:38,ETHUSDT,buy,138.9486,WIN,0.64,2.67,5.35
2026-05-10 05:50,ETHUSDT,sell,137.3782,LOSS,0.85,5.22,1.56
2026-05-10 06:09,ETHUSDT,buy,138.7776,WIN,0.53,2.55,5.48
2026-05-10 06:15,ETHUSDT,sell,137.9585,LOSS,0.64,6.11,1.97
2026-05-10 06:39,ETHUSDT,buy,138.6779,WIN,0.56,2.48,5.56
2026-05-10 06:41,ETHUSDT,buy,138.8441,WIN,0.63,2.6,5.43
2026-05-10 06:42,ETHUSDT,buy,139.009,WIN,0.75,2.71,5.31
2026-05-10 06:44,ETHUSDT,buy,139.4144,WIN,0.63,3.0,5.0
2026-05-10 06:54,ETHUSDT,sell,137.6941,LOSS,0.99,6.31,1.79
2026-05-10 07:16,ETHUSDT,buy,138.8304,WIN,0.73,2.59,5.44
2026-05-10 07:17,ETHUSDT,buy,138.9466,WIN,0.51,2.67,5.36
2026-05-10 07:18,ETHUSDT,buy,139.1488,WIN,0.64,2.81,5.2
2026-05-10 07:19,ETHUSDT,buy,139.3595,WIN,0.79,2.96,5.04
2026-05-10 07:20,ETHUSDT,buy,139.6442,WIN,0.94,3.16,5.02
2026-05-10 07:21,ETHUSDT,buy,139.7689,WIN,0.74,3.24,5.01
2026-05-10 07:35,ETHUSDT,buy,142.8692,LOSS,3.06,5.01,0.93
2026-05-10 07:36,ETHUSDT,buy,143.4747,LOSS,3.5,5.06,0.5
2026-05-10 07:37,ETHUSDT,buy,143.9026,LOSS,3.8,5.14,0.2
2026-05-10 07:56,ETHUSDT,sell,142.856,WIN,0.93,0.32,5.0
2026-05-10 08:02,ETHUSDT,sell,142.6007,WIN,0.49,0.0,5.16
2026-05-10 08:05,ETHUSDT,sell,141.8346,LOSS,0.98,5.22,4.65
2026-05-10 08:07,ETHUSDT,sell,141.5881,LOSS,0.74,5.41,4.49
2026-05-10 08:09,ETHUSDT,sell,141.0029,LOSS,1.0,5.85,4.09
2026-05-10 08:10,ETHUSDT,sell,140.6424,LOSS,0.94,5.02,3.84
2026-05-10 08:19,ETHUSDT,sell,140.5104,LOSS,0.61,5.12,3.75
2026-05-10 08:23,ETHUSDT,sell,140.0593,LOSS,0.68,5.05,3.44
2026-05-10 08:28,ETHUSDT,sell,139.8675,LOSS,0.27,5.19,3.31
2026-05-10 08:53,ETHUSDT,buy,141.3432,WIN,0.56,4.32,5.59
2026-05-10 08:55,ETHUSDT,buy,141.4392,WIN,0.47,4.39,5.52
2026-05-10 08:56,ETHUSDT,buy,141.7593,WIN,0.58,4.6,5.28
2026-05-10 09:13,ETHUSDT,sell,140.6186,LOSS,0.84,5.04,3.83
2026-05-10 09:14,ETHUSDT,sell,140.2169,LOSS,0.7,5.06,3.55
2026-05-10 09:15,ETHUSDT,sell,139.9601,LOSS,0.86,5.12,3.38
2026-05-10 09:17,ETHUSDT,sell,139.8061,LOSS,0.97,5.24,3.27
2026-05-10 09:20,ETHUSDT,sell,139.588,LOSS,0.43,5.03,3.12
2026-05-10 09:34,ETHUSDT,buy,140.7863,WIN,0.47,3.94,5.15
2026-05-10 09:35,ETHUSDT,buy,140.9688,WIN,0.6,4.07,5.01
2026-05-10 09:52,ETHUSDT,sell,139.9496,LOSS,0.44,5.13,3.37
2026-05-10 09:53,ETHUSDT,sell,139.7203,LOSS,0.61,5.01,3.21
2026-05-10 10:00,ETHUSDT,sell,139.2081,LOSS,0.45,5.16,2.85
2026-05-10 10:03,ETHUSDT,sell,138.9581,LOSS,0.48,5.35,2.68
2026-05-10 10:20,ETHUSDT,buy,139.6471,WIN,0.42,3.16,5.02
2026-05-10 10:26,ETHUSDT,buy,139.9217,WIN,0.31,3.35,5.15
2026-05-10 10:27,ETHUSDT,buy,140.0408,WIN,0.4,3.43,5.06
2026-05-10 10:38,ETHUSDT,sell,138.8758,LOSS,0.63,5.41,2.62
2026-05-10 10:48,ETHUSDT,buy,140.2844,WIN,1.23,3.6,5.01
2026-05-10 10:55,ETHUSDT,buy,141.74,WIN,1.43,4.59,5.29
2026-05-10 10:57,ETHUSDT,buy,141.9141,WIN,1.56,4.71,5.17
2026-05-10 10:58,ETHUSDT,buy,142.056,WIN,1.58,4.8,5.06
2026-05-10 11:26,ETHUSDT,sell,139.8339,LOSS,0.3,5.22,3.29
2026-05-10 11:30,ETHUSDT,sell,139.4648,LOSS,0.55,5.01,3.03
2026-05-10 11:39,ETHUSDT,sell,138.8528,LOSS,0.59,5.43,2.6
2026-05-10 11:52,ETHUSDT,sell,138.6365,LOSS,0.65,5.59,2.45
2026-05-10 11:56,ETHUSDT,sell,138.1768,LOSS,0.66,5.94,2.13
2026-05-10 11:57,ETHUSDT,sell,138.1251,LOSS,0.53,5.98,2.09
2026-05-10 11:58,ETHUSDT,sell,137.6177,LOSS,0.9,5.04,1.73
2026-05-10 11:59,ETHUSDT,sell,137.3458,LOSS,1.09,5.02,1.54
2026-05-10 12:09,ETHUSDT,sell,137.0604,LOSS,0.55,5.01,1.33
2026-05-10 12:10,ETHUSDT,sell,137.0377,LOSS,0.52,5.03,1.31
2026-05-10 12:24,ETHUSDT,buy,138.1304,WIN,0.44,2.1,5.98
2026-05-10 12:26,ETHUSDT,buy,138.2634,WIN,0.53,2.19,5.88
2026-05-10 12:40,ETHUSDT,sell,137.3181,LOSS,0.83,5.0,1.52
2026-05-10 12:45,ETHUSDT,sell,137.1939,LOSS,0.44,5.1,1.43
2026-05-10 12:46,ETHUSDT,sell,137.1388,LOSS,0.48,5.14,1.39
2026-05-10 12:49,ETHUSDT,sell,136.9674,LOSS,0.55,5.08,1.26
2026-05-10 12:50,ETHUSDT,sell,136.8892,LOSS,0.34,5.14,1.21
2026-05-10 12:51,ETHUSDT,sell,136.8047,LOSS,0.41,5.21,1.15
2026-05-10 12:59,ETHUSDT,buy,137.8603,WIN,0.53,1.9,6.19
2026-05-10 13:16,ETHUSDT,sell,136.905,LOSS,0.63,5.13,1.22
2026-05-10 13:31,ETHUSDT,buy,138.0051,WIN,0.34,2.01,6.07
2026-05-10 13:49,ETHUSDT,sell,137.144,LOSS,0.8,5.14,1.39
2026-05-10 13:57,ETHUSDT,sell,136.8936,LOSS,0.73,5.14,1.21
2026-05-10 14:01,ETHUSDT,sell,136.7434,LOSS,0.39,5.03,1.1
2026-05-10 14:06,ETHUSDT,sell,136.4954,LOSS,0.48,5.01,0.92
2026-05-10 14:09,ETHUSDT,sell,136.2076,LOSS,0.48,5.08,0.71
2026-05-10 14:10,ETHUSDT,sell,136.1551,LOSS,0.38,5.12,0.68
2026-05-10 14:13,ETHUSDT,sell,135.8411,LOSS,0.58,5.36,0.45
2026-05-10 14:14,ETHUSDT,sell,135.2481,LOSS,0.89,5.82,0.0
2026-05-10 14:15,ETHUSDT,buy,139.166,WIN,2.91,0.64,5.19
2026-05-10 14:16,ETHUSDT,buy,139.4525,WIN,3.12,0.85,5.02
2026-05-10 14:17,ETHUSDT,buy,139.5712,WIN,3.21,0.93,5.05
2026-05-10 14:18,ETHUSDT,buy,139.6951,WIN,3.3,1.02,5.03
2026-05-10 14:22,ETHUSDT,buy,140.0075,WIN,0.57,1.24,5.09
2026-05-10 14:31,ETHUSDT,buy,140.4537,WIN,0.49,1.55,5.01
2026-05-10 14:41,ETHUSDT,buy,141.4153,WIN,0.55,2.22,5.54
2026-05-10 14:43,ETHUSDT,buy,141.6463,WIN,0.57,2.38,5.36
2026-05-10 14:53,ETHUSDT,buy,141.6756,WIN,0.65,2.4,5.34
2026-05-10 14:54,ETHUSDT,buy,141.7926,WIN,0.71,2.48,5.26
2026-05-10 15:13,ETHUSDT,sell,140.9925,LOSS,0.47,5.85,1.93
2026-05-10 15:15,ETHUSDT,sell,140.8376,LOSS,0.58,5.11,1.82
2026-05-10 15:17,ETHUSDT,sell,140.7153,LOSS,0.61,5.03,1.74
2026-05-10 15:20,ETHUSDT,sell,140.5777,LOSS,0.3,5.07,1.64
2026-05-10 15:27,ETHUSDT,sell,140.1677,LOSS,0.35,5.01,1.35
2026-05-10 15:39,ETHUSDT,sell,139.8901,LOSS,0.45,5.17,1.16
2026-05-10 15:40,ETHUSDT,sell,139.7071,LOSS,0.55,5.02,1.03
2026-05-10 15:52,ETHUSDT,sell,139.4522,LOSS,0.48,5.02,0.85
2026-05-10 16:00,ETHUSDT,sell,139.1626,LOSS,0.51,5.19,0.64
2026-05-10 16:18,ETHUSDT,buy,140.2579,WIN,0.58,1.42,5.03
2026-05-10 16:20,ETHUSDT,buy,140.4703,WIN,0.48,1.57,5.15
2026-05-10 16:21,ETHUSDT,buy,140.7951,WIN,0.64,1.79,5.14
2026-05-10 16:24,ETHUSDT,buy,141.3467,WIN,0.87,2.18,5.59
2026-05-10 16:27,ETHUSDT,buy,141.5079,WIN,0.41,2.29,5.47
2026-05-10 16:29,ETHUSDT,buy,141.688,WIN,0.39,2.41,5.33
2026-05-10 16:56,ETHUSDT,buy,141.5132,WIN,0.28,2.29,5.46
2026-05-10 16:59,ETHUSDT,sell,140.4086,LOSS,0.8,5.04,1.52
2026-05-10 17:00,ETHUSDT,sell,140.225,LOSS,0.93,5.06,1.39
2026-05-10 17:01,ETHUSDT,sell,140.0951,LOSS,1.02,5.02,1.3
2026-05-10 17:02,ETHUSDT,sell,139.9269,LOSS,0.98,5.15,1.18
2026-05-10 17:03,ETHUSDT,sell,139.7757,LOSS,1.05,5.0,1.08
2026-05-10 17:14,ETHUSDT,sell,139.3729,LOSS,0.46,5.03,0.79
2026-05-10 17:16,ETHUSDT,sell,139.0239,LOSS,0.69,5.3,0.54
2026-05-10 17:34,ETHUSDT,buy,140.0133,WIN,0.43,1.24,5.08
2026-05-10 17:35,ETHUSDT,buy,143.0617,WIN,2.62,3.35,5.26
2026-05-10 18:02,ETHUSDT,buy,143.0501,WIN,0.55,3.34,5.27
2026-05-10 18:03,ETHUSDT,buy,143.2923,WIN,0.62,3.5,5.09
2026-05-10 18:28,ETHUSDT,buy,143.2287,WIN,0.41,3.46,5.14
2026-05-10 18:33,ETHUSDT,buy,143.4418,WIN,0.43,3.61,5.05
2026-05-10 18:37,ETHUSDT,buy,143.8018,WIN,0.46,3.85,5.2
2026-05-10 18:38,ETHUSDT,buy,144.0275,WIN,0.49,4.0,5.03
2026-05-10 18:43,ETHUSDT,buy,144.2766,WIN,0.27,4.16,5.13
2026-05-10 18:51,ETHUSDT,sell,142.823,LOSS,0.75,5.08,3.19
2026-05-10 18:52,ETHUSDT,sell,142.5347,LOSS,0.85,5.29,2.99
2026-05-10 18:56,ETHUSDT,sell,142.239,LOSS,0.53,5.1,2.79
2026-05-10 19:13,ETHUSDT,sell,141.7602,LOSS,0.59,5.28,2.46
2026-05-10 19:19,ETHUSDT,sell,141.7362,LOSS,0.35,5.3,2.45
2026-05-10 19:20,ETHUSDT,sell,141.6005,LOSS,0.44,5.4,2.35
2026-05-10 19:21,ETHUSDT,sell,141.4802,LOSS,0.53,5.49,2.27
2026-05-10 19:42,ETHUSDT,sell,141.2812,LOSS,0.51,5.64,2.13
2026-05-10 20:06,ETHUSDT,sell,140.5401,LOSS,0.52,5.1,1.61
2026-05-10 20:07,ETHUSDT,sell,140.3297,LOSS,0.67,5.01,1.47
2026-05-10 20:20,ETHUSDT,sell,140.0915,LOSS,0.84,5.02,1.3
2026-05-10 20:28,ETHUSDT,sell,139.7865,LOSS,0.44,5.25,1.08
2026-05-10 20:35,ETHUSDT,sell,139.5285,LOSS,0.52,5.08,0.9
2026-05-10 20:36,ETHUSDT,sell,139.2849,LOSS,0.7,5.1,0.73
2026-05-10 20:37,ETHUSDT,sell,139.1099,LOSS,0.82,5.23,0.6
2026-05-10 20:47,ETHUSDT,sell,138.8781,LOSS,0.55,5.41,0.44
2026-05-10 20:51,ETHUSDT,sell,138.386,LOSS,0.48,5.78,0.0
2026-05-10 20:55,ETHUSDT,buy,141.985,WIN,2.69,1.41,5.11
2026-05-10 20:56,ETHUSDT,buy,142.0868,WIN,2.76,1.49,5.04
2026-05-10 21:05,ETHUSDT,buy,142.4926,WIN,0.56,1.77,5.32
2026-05-10 21:06,ETHUSDT,buy,142.6657,WIN,0.52,1.88,5.2
2026-05-10 21:07,ETHUSDT,buy,142.7019,WIN,0.54,1.91,5.17
2026-05-10 21:08,ETHUSDT,buy,143.0662,WIN,0.59,2.16,5.26
2026-05-10 21:15,ETHUSDT,buy,143.5783,WIN,0.63,2.51,5.13
2026-05-10 21:18,ETHUSDT,buy,143.9641,WIN,0.86,2.77,5.08
2026-05-10 21:30,ETHUSDT,buy,144.2844,WIN,0.35,2.99,5.12
2026-05-10 21:49,ETHUSDT,sell,142.9919,LOSS,0.48,5.31,2.11
2026-05-10 21:50,ETHUSDT,sell,142.6432,LOSS,0.73,5.21,1.87
2026-05-10 22:04,ETHUSDT,buy,143.7515,WIN,0.38,2.63,5.23
2026-05-10 22:19,ETHUSDT,sell,142.631,LOSS,0.82,5.22,1.86
2026-05-10 22:21,ETHUSDT,sell,142.3287,LOSS,0.54,5.03,1.65
2026-05-10 22:22,ETHUSDT,sell,142.2697,LOSS,0.55,5.07,1.61
2026-05-10 22:33,ETHUSDT,sell,142.145,LOSS,0.73,5.06,1.53
2026-05-10 22:44,ETHUSDT,sell,141.3292,LOSS,0.61,5.6,0.96
2026-05-10 22:47,ETHUSDT,sell,140.9039,LOSS,0.56,5.06,0.66
2026-05-10 22:54,ETHUSDT,sell,140.7216,LOSS,0.42,5.02,0.53
2026-05-10 23:06,ETHUSDT,sell,140.5878,LOSS,0.65,5.06,0.43
2026-05-10 23:07,ETHUSDT,sell,140.3201,LOSS,0.71,5.01,0.24
2026-05-10 23:08,ETHUSDT,sell,140.2074,LOSS,0.79,5.07,0.16
2026-05-10 23:34,ETHUSDT,sell,140.555,LOSS,0.64,5.09,0.41
2026-05-10 23:40,ETHUSDT,sell,140.0814,LOSS,0.5,5.03,0.0
2026-05-10 23:54,ETHUSDT,buy,141.6467,WIN,0.58,0.43,5.36
2026-05-11 00:06,ETHUSDT,buy,142.1368,WIN,0.28,0.5,5.0
2026-05-11 00:07,ETHUSDT,buy,142.1612,WIN,0.28,0.52,5.05
2026-05-11 00:14,ETHUSDT,buy,142.3524,WIN,0.65,0.0,5.01
2026-05-11 00:15,ETHUSDT,buy,146.3137,WIN,3.45,1.32,5.18
2026-05-11 00:35,ETHUSDT,sell,145.689,LOSS,0.67,5.25,0.9
2026-05-11 00:48,ETHUSDT,buy,147.0368,WIN,0.67,1.81,5.04
2026-05-11 00:50,ETHUSDT,buy,147.1287,WIN,0.48,1.87,6.8
2026-05-11 00:59,ETHUSDT,buy,147.2497,WIN,0.61,1.95,6.71
2026-05-11 01:02,ETHUSDT,buy,147.3818,WIN,0.7,2.04,6.61
2026-05-11 01:03,ETHUSDT,buy,147.6924,WIN,0.56,2.25,6.39
2026-05-11 01:20,ETHUSDT,sell,146.6515,LOSS,0.93,5.25,1.55
2026-05-11 01:21,ETHUSDT,sell,146.3805,LOSS,0.97,5.13,1.37
2026-05-11 01:26,ETHUSDT,sell,146.2167,LOSS,0.61,5.06,1.26
2026-05-11 01:29,ETHUSDT,sell,146.047,LOSS,0.73,5.05,1.14
2026-05-11 02:09,ETHUSDT,sell,146.0367,LOSS,0.4,5.0,1.14
2026-05-11 02:12,ETHUSDT,sell,145.6145,LOSS,0.69,5.02,0.85
2026-05-11 02:13,ETHUSDT,sell,145.4056,LOSS,0.72,5.07,0.71
2026-05-11 02:14,ETHUSDT,sell,145.2406,LOSS,0.74,5.19,0.6
2026-05-11 02:16,ETHUSDT,sell,145.1565,LOSS,0.61,5.25,0.54
2026-05-11 02:17,ETHUSDT,sell,144.9694,LOSS,0.58,5.39,0.41
2026-05-11 02:24,ETHUSDT,sell,144.7746,LOSS,0.76,5.03,0.28
2026-05-11 02:25,ETHUSDT,sell,144.4837,LOSS,0.78,5.06,0.08
2026-05-11 02:43,ETHUSDT,buy,145.9186,WIN,0.52,0.85,5.09
2026-05-11 02:46,ETHUSDT,buy,146.237,WIN,0.6,1.06,5.04
2026-05-11 02:47,ETHUSDT,buy,146.4218,WIN,0.68,1.19,5.1
2026-05-11 03:02,ETHUSDT,sell,145.2769,LOSS,0.67,5.17,0.41
2026-05-11 03:32,ETHUSDT,buy,145.6093,WIN,0.61,0.51,5.02
2026-05-11 03:33,ETHUSDT,buy,145.7921,WIN,0.73,0.64,5.18
2026-05-11 03:34,ETHUSDT,buy,145.9188,WIN,0.8,0.73,5.09
2026-05-11 03:35,ETHUSDT,buy,149.1585,WIN,2.75,2.88,5.34
2026-05-11 04:20,ETHUSDT,buy,148.7683,WIN,0.39,2.63,5.62
2026-05-11 04:23,ETHUSDT,buy,149.0479,WIN,0.58,2.81,5.42
2026-05-11 04:24,ETHUSDT,buy,149.2197,WIN,0.64,2.92,5.3
2026-05-11 04:26,ETHUSDT,buy,149.8746,WIN,0.88,3.35,5.22
2026-05-11 04:46,ETHUSDT,sell,148.6626,LOSS,0.29,5.69,2.56
2026-05-11 04:47,ETHUSDT,sell,148.4787,LOSS,0.42,5.83,2.44
2026-05-11 04:50,ETHUSDT,sell,148.2252,LOSS,0.55,6.01,2.27
2026-05-11 04:52,ETHUSDT,sell,148.1506,LOSS,0.6,6.06,2.22
2026-05-11 04:55,ETHUSDT,sell,147.6201,LOSS,0.5,6.44,1.87
2026-05-11 05:21,ETHUSDT,sell,147.4727,LOSS,0.65,6.55,1.77
2026-05-11 05:29,ETHUSDT,sell,147.3062,LOSS,0.28,6.67,1.66
2026-05-11 05:56,ETHUSDT,buy,148.1625,WIN,0.51,2.23,6.05
2026-05-11 05:58,ETHUSDT,buy,148.3777,WIN,0.59,2.37,5.9
2026-05-11 06:00,ETHUSDT,buy,148.4269,WIN,0.34,2.4,5.86
2026-05-11 06:17,ETHUSDT,sell,147.6362,LOSS,0.44,6.43,1.88
2026-05-11 06:18,ETHUSDT,sell,147.4777,LOSS,0.53,6.54,1.78
2026-05-11 06:19,ETHUSDT,sell,147.2989,LOSS,0.63,6.67,1.66
2026-05-11 06:21,ETHUSDT,sell,147.0831,LOSS,0.68,5.01,1.51
2026-05-11 06:23,ETHUSDT,sell,146.9221,LOSS,0.53,5.05,1.4
2026-05-11 06:30,ETHUSDT,sell,146.4965,LOSS,0.29,5.05,1.12
2026-05-11 06:31,ETHUSDT,sell,146.3347,LOSS,0.3,5.16,1.01
2026-05-11 06:48,ETHUSDT,buy,147.3473,WIN,0.67,1.69,6.64
2026-05-11 06:55,ETHUSDT,buy,150.3382,WIN,2.36,3.64,5.05
2026-05-11 07:18,ETHUSDT,sell,148.3636,LOSS,0.51,5.91,2.36
2026-05-11 07:25,ETHUSDT,buy,149.8074,WIN,0.91,3.3,5.26
2026-05-11 07:26,ETHUSDT,buy,150.0498,WIN,0.77,3.46,5.09
2026-05-11 07:54,ETHUSDT,sell,148.6267,LOSS,0.87,5.72,2.53
2026-05-11 07:59,ETHUSDT,sell,148.455,LOSS,0.35,5.84,2.42
2026-05-11 08:01,ETHUSDT,sell,148.3586,LOSS,0.42,5.91,2.36
2026-05-11 08:07,ETHUSDT,sell,148.06,LOSS,0.66,6.13,2.16
2026-05-11 08:10,ETHUSDT,sell,147.8903,LOSS,0.56,6.25,2.05
2026-05-11 08:11,ETHUSDT,sell,147.7492,LOSS,0.65,6.35,1.96
2026-05-11 08:12,ETHUSDT,sell,147.4743,LOSS,0.59,6.55,1.77
2026-05-11 08:27,ETHUSDT,buy,148.7742,WIN,1.0,2.63,5.62
2026-05-11 08:30,ETHUSDT,buy,148.9024,WIN,0.92,2.71,5.52
2026-05-11 08:49,ETHUSDT,sell,147.6844,LOSS,0.75,6.39,1.91
2026-05-11 09:11,ETHUSDT,sell,147.2328,LOSS,0.9,6.72,1.61
2026-05-11 09:12,ETHUSDT,sell,147.1515,LOSS,0.96,6.78,1.56
2026-05-11 09:13,ETHUSDT,sell,146.7875,LOSS,1.02,5.15,1.31
2026-05-11 09:24,ETHUSDT,sell,146.5722,LOSS,0.64,5.31,1.17
2026-05-11 09:40,ETHUSDT,sell,146.3,LOSS,0.44,5.19,0.98
2026-05-11 10:00,ETHUSDT,sell,145.7313,LOSS,1.0,5.22,0.6
2026-05-11 10:01,ETHUSDT,sell,145.3328,LOSS,1.17,5.13,0.33
2026-05-11 10:03,ETHUSDT,sell,145.0615,LOSS,1.07,5.32,0.14
2026-05-11 10:15,ETHUSDT,buy,149.0838,WIN,1.93,2.83,5.4
2026-05-11 10:16,ETHUSDT,buy,149.3032,WIN,1.86,2.98,5.24
2026-05-11 10:41,ETHUSDT,buy,149.1786,WIN,0.86,2.89,5.33
2026-05-11 10:44,ETHUSDT,buy,149.625,WIN,0.92,3.18,5.02
2026-05-11 10:52,ETHUSDT,buy,149.6942,WIN,0.66,3.23,5.07
2026-05-11 10:58,ETHUSDT,buy,149.9629,WIN,0.28,3.4,5.16
2026-05-11 11:05,ETHUSDT,sell,148.6197,LOSS,1.0,5.73,2.53
2026-05-11 11:36,ETHUSDT,buy,150.106,WIN,0.9,3.49,5.05
2026-05-11 12:04,ETHUSDT,sell,148.1557,LOSS,0.84,6.06,2.22
2026-05-11 12:15,ETHUSDT,buy,149.5147,WIN,1.07,3.11,5.09
2026-05-11 12:16,ETHUSDT,buy,149.8302,WIN,1.1,3.32,5.25
2026-05-11 12:18,ETHUSDT,buy,150.2356,WIN,0.78,3.58,5.12
2026-05-11 12:34,ETHUSDT,sell,148.6037,LOSS,0.3,5.74,2.52
2026-05-11 12:36,ETHUSDT,sell,148.1004,LOSS,0.53,6.1,2.19
2026-05-11 12:41,ETHUSDT,sell,147.5322,LOSS,0.72,6.5,1.81
2026-05-11 12:42,ETHUSDT,sell,147.244,LOSS,0.91,6.71,1.62
2026-05-11 12:51,ETHUSDT,sell,146.9279,LOSS,0.59,5.05,1.41
2026-05-11 12:57,ETHUSDT,sell,146.6347,LOSS,0.37,5.26,1.21
2026-05-11 12:59,ETHUSDT,sell,146.1792,LOSS,0.68,5.02,0.9
2026-05-11 13:07,ETHUSDT,sell,145.8671,LOSS,0.35,5.12,0.69
2026-05-11 13:29,ETHUSDT,sell,145.4633,LOSS,0.47,5.03,0.41
2026-05-11 13:35,ETHUSDT,buy,147.6881,WIN,1.95,0.22,6.39
2026-05-11 13:46,ETHUSDT,buy,148.2892,WIN,0.38,0.29,5.96
2026-05-11 13:47,ETHUSDT,buy,148.3341,WIN,0.41,0.32,5.93
2026-05-11 13:48,ETHUSDT,buy,148.7612,WIN,0.68,0.61,5.62
2026-05-11 13:50,ETHUSDT,buy,148.9885,WIN,0.7,0.76,5.46
2026-05-11 13:51,ETHUSDT,buy,149.1053,WIN,0.61,0.84,5.38
2026-05-11 13:52,ETHUSDT,buy,149.544,WIN,0.82,1.13,5.07
2026-05-11 13:53,ETHUSDT,buy,149.9732,WIN,0.88,1.41,5.15
2026-05-11 13:54,ETHUSDT,buy,150.213,WIN,1.04,1.57,5.14
2026-05-11 13:56,ETHUSDT,buy,150.6991,WIN,1.14,1.89,5.2
2026-05-11 13:59,ETHUSDT,buy,151.2794,WIN,0.82,2.27,5.01
2026-05-11 14:00,ETHUSDT,buy,151.3052,WIN,0.84,2.28,5.27
2026-05-11 14:22,ETHUSDT,buy,151.9726,WIN,0.47,2.71,5.18
2026-05-11 14:23,ETHUSDT,buy,152.1489,WIN,0.59,2.82,5.05
2026-05-11 14:24,ETHUSDT,buy,152.3494,WIN,0.72,2.95,5.0
2026-05-11 14:38,ETHUSDT,sell,151.1797,LOSS,0.56,5.06,2.2
2026-05-11 14:40,ETHUSDT,sell,150.9159,LOSS,0.59,5.05,2.03
2026-05-11 14:55,ETHUSDT,buy,152.1941,WIN,0.68,2.85,5.02
2026-05-11 14:56,ETHUSDT,buy,152.2364,WIN,0.71,2.88,5.08
2026-05-11 14:57,ETHUSDT,buy,152.2838,WIN,0.31,2.91,5.05
2026-05-11 14:58,ETHUSDT,buy,152.4245,WIN,0.38,3.0,5.05
2026-05-11 14:59,ETHUSDT,buy,152.6938,WIN,0.56,3.17,5.0
2026-05-11 15:00,ETHUSDT,buy,153.0837,WIN,0.71,3.42,5.05
2026-05-11 15:01,ETHUSDT,buy,153.359,WIN,0.83,3.59,6.62
2026-05-11 15:16,ETHUSDT,buy,153.4425,WIN,0.34,3.64,6.56
2026-05-11 15:27,ETHUSDT,sell,152.1934,LOSS,0.44,5.02,2.85
2026-05-11 15:29,ETHUSDT,sell,151.842,LOSS,0.67,5.05,2.63
2026-05-11 15:36,ETHUSDT,sell,151.511,LOSS,0.39,5.12,2.41
2026-05-11 15:44,ETHUSDT,sell,151.0958,LOSS,0.43,5.11,2.15
2026-05-11 15:46,ETHUSDT,sell,150.6328,LOSS,0.73,5.25,1.85
2026-05-11 15:52,ETHUSDT,buy,152.1334,WIN,0.94,2.81,5.06
2026-05-11 16:55,ETHUSDT,buy,152.935,WIN,2.02,3.32,5.15
2026-05-11 16:57,ETHUSDT,buy,153.1745,WIN,1.87,3.47,5.12
2026-05-11 17:07,ETHUSDT,buy,153.8903,WIN,0.66,3.92,6.25
2026-05-11 17:08,ETHUSDT,buy,154.0956,WIN,0.66,4.05,6.11
2026-05-11 17:29,ETHUSDT,sell,151.8117,LOSS,0.78,5.07,2.61
2026-05-11 17:31,ETHUSDT,sell,151.263,LOSS,1.14,5.02,2.25
2026-05-11 17:32,ETHUSDT,sell,151.0093,LOSS,1.3,5.17,2.09
2026-05-11 17:34,ETHUSDT,sell,150.6225,LOSS,0.88,5.0,1.84
2026-05-11 17:37,ETHUSDT,sell,150.1083,LOSS,0.83,5.05,1.5
2026-05-11 17:39,ETHUSDT,sell,149.7612,LOSS,0.62,5.02,1.27
2026-05-11 17:57,ETHUSDT,sell,148.8477,LOSS,0.57,5.56,0.67
2026-05-11 17:58,ETHUSDT,sell,148.7073,LOSS,0.58,5.66,0.57
2026-05-11 17:59,ETHUSDT,sell,148.3916,LOSS,0.71,5.89,0.36
2026-05-11 18:00,ETHUSDT,sell,148.0139,LOSS,0.73,6.16,0.01
2026-05-11 18:14,ETHUSDT,buy,149.9968,WIN,0.42,0.14,5.13
2026-05-11 18:15,ETHUSDT,buy,150.0573,WIN,0.25,0.18,5.09
2026-05-11 18:28,ETHUSDT,buy,150.6922,WIN,0.49,0.0,5.21
2026-05-11 18:29,ETHUSDT,buy,150.8261,WIN,0.47,0.0,5.12
2026-05-11 18:39,ETHUSDT,buy,151.5756,WIN,0.49,0.34,5.08
2026-05-11 18:44,ETHUSDT,buy,151.9062,WIN,0.56,1.78,5.01
2026-05-11 18:45,ETHUSDT,buy,152.1739,WIN,0.74,1.96,5.04
2026-05-11 19:04,ETHUSDT,sell,151.4013,LOSS,0.68,5.2,0.0
2026-05-11 19:25,ETHUSDT,buy,152.7416,WIN,0.56,2.32,5.12
2026-05-11 19:26,ETHUSDT,buy,153.0848,WIN,0.77,2.54,5.05
2026-05-11 19:28,ETHUSDT,buy,153.637,WIN,1.13,2.89,6.43
2026-05-11 19:29,ETHUSDT,buy,153.9858,WIN,1.05,3.11,6.19
2026-05-11 19:52,ETHUSDT,sell,152.9548,LOSS,0.57,5.14,2.46
2026-05-11 19:53,ETHUSDT,sell,152.7507,LOSS,0.7,5.12,2.33
2026-05-11 19:54,ETHUSDT,sell,152.5991,LOSS,0.62,5.06,2.23
2026-05-11 19:56,ETHUSDT,sell,152.5031,LOSS,0.52,5.13,2.17
2026-05-11 19:57,ETHUSDT,sell,152.2299,LOSS,0.56,5.0,1.99
2026-05-11 20:06,ETHUSDT,sell,151.9398,LOSS,0.52,5.2,1.8
2026-05-11 20:12,ETHUSDT,buy,153.3967,WIN,0.76,2.74,6.59
2026-05-11 20:15,ETHUSDT,buy,157.1063,LOSS,2.71,5.03,1.38
2026-05-11 20:23,ETHUSDT,buy,157.6013,LOSS,0.61,5.15,1.06
2026-05-11 20:38,ETHUSDT,sell,156.4403,LOSS,0.32,5.05,4.63
2026-05-11 20:39,ETHUSDT,sell,156.0009,LOSS,0.6,5.08,4.36
2026-05-11 20:40,ETHUSDT,sell,155.824,LOSS,0.71,5.07,4.25
2026-05-11 20:41,ETHUSDT,sell,155.4874,LOSS,0.8,5.16,4.04
2026-05-11 20:44,ETHUSDT,sell,154.9726,LOSS,0.85,5.51,3.73
2026-05-11 21:05,ETHUSDT,buy,156.0638,WIN,0.82,4.4,5.04
2026-05-11 21:06,ETHUSDT,buy,156.2846,WIN,0.92,4.53,5.15
2026-05-11 21:07,ETHUSDT,buy,156.9949,WIN,1.38,4.97,5.07
2026-05-11 21:14,ETHUSDT,buy,157.2612,LOSS,0.46,5.13,1.28
2026-05-11 21:16,ETHUSDT,buy,157.5959,LOSS,0.67,5.15,1.07
2026-05-11 21:17,ETHUSDT,buy,157.768,LOSS,0.78,5.08,0.96
2026-05-11 21:18,ETHUSDT,buy,158.034,LOSS,0.92,5.08,0.79
2026-05-11 21:21,ETHUSDT,buy,158.3787,LOSS,0.56,5.06,0.57
2026-05-11 21:44,ETHUSDT,sell,156.7244,LOSS,0.69,5.25,4.8
2026-05-11 21:46,ETHUSDT,sell,156.521,LOSS,0.82,5.1,4.68
2026-05-11 21:47,ETHUSDT,sell,156.1913,LOSS,1.03,5.03,4.48
2026-05-11 22:07,ETHUSDT,buy,157.4198,LOSS,0.52,5.04,1.18
2026-05-11 22:19,ETHUSDT,buy,157.9111,LOSS,0.66,5.01,0.86
2026-05-11 22:23,ETHUSDT,buy,158.2333,LOSS,0.4,5.0,0.66
2026-05-11 22:24,ETHUSDT,buy,158.8146,LOSS,0.66,5.03,0.29
2026-05-11 22:25,ETHUSDT,buy,158.8252,LOSS,0.67,5.04,0.28
2026-05-11 22:37,ETHUSDT,buy,159.226,LOSS,0.74,5.09,0.0
2026-05-11 22:47,ETHUSDT,sell,157.5129,WIN,0.6,1.0,5.1
2026-05-11 22:50,ETHUSDT,sell,157.3535,WIN,0.42,1.11,5.03
2026-05-11 22:51,ETHUSDT,sell,157.1908,WIN,0.36,1.21,5.08
2026-05-11 22:55,ETHUSDT,sell,157.1724,WIN,0.33,1.22,5.07
2026-05-11 23:34,ETHUSDT,sell,156.765,LOSS,0.71,5.22,4.83
2026-05-11 23:35,ETHUSDT,buy,159.0488,LOSS,1.46,5.02,0.0
2026-05-11 23:56,ETHUSDT,sell,156.4824,LOSS,0.78,5.02,4.65
2026-05-11 23:59,ETHUSDT,sell,156.0379,LOSS,1.06,5.06,4.38
2026-05-12 00:00,ETHUSDT,sell,155.7939,LOSS,0.79,5.09,4.23
2026-05-12 00:17,ETHUSDT,sell,155.1306,LOSS,0.77,5.4,3.82
2026-05-12 00:33,ETHUSDT,sell,154.3517,LOSS,0.69,5.93,3.34
2026-05-12 00:34,ETHUSDT,sell,153.9914,LOSS,0.9,6.18,3.11
2026-05-12 00:39,ETHUSDT,sell,153.6096,LOSS,0.61,6.45,2.87
2026-05-12 00:41,ETHUSDT,sell,153.2871,LOSS,0.69,5.05,2.67
2026-05-12 01:05,ETHUSDT,sell,152.4565,LOSS,0.58,5.03,2.14
2026-05-12 01:06,ETHUSDT,sell,152.1035,LOSS,0.81,5.09,1.91
2026-05-12 01:33,ETHUSDT,sell,152.1697,LOSS,0.54,5.04,1.95
2026-05-12 01:34,ETHUSDT,sell,151.9895,LOSS,0.66,5.16,1.84
2026-05-12 01:35,ETHUSDT,sell,151.6988,LOSS,0.85,5.15,1.65
2026-05-12 01:36,ETHUSDT,sell,151.2961,LOSS,1.12,5.01,1.39
2026-05-12 01:42,ETHUSDT,sell,150.9211,LOSS,0.54,5.0,1.14
2026-05-12 01:48,ETHUSDT,sell,150.166,LOSS,0.52,5.02,0.64
2026-05-12 01:49,ETHUSDT,sell,149.9806,LOSS,0.64,5.15,0.52
2026-05-12 01:53,ETHUSDT,sell,149.752,LOSS,0.35,5.11,0.37
2026-05-12 01:56,ETHUSDT,sell,149.4789,LOSS,0.43,5.18,0.19
2026-05-12 01:57,ETHUSDT,sell,149.296,LOSS,0.5,5.06,0.0
2026-05-12 02:17,ETHUSDT,buy,150.8143,WIN,0.53,0.57,5.08
2026-05-12 02:18,ETHUSDT,buy,151.0028,WIN,0.49,0.69,5.02
2026-05-12 02:48,ETHUSDT,buy,151.662,WIN,0.29,0.36,5.01
2026-05-12 02:49,ETHUSDT,buy,151.975,WIN,0.5,0.56,5.17
2026-05-12 02:55,ETHUSDT,buy,153.9356,WIN,1.86,0.0,6.22
2026-05-12 02:56,ETHUSDT,buy,154.3319,WIN,2.13,0.09,5.95
2026-05-12 02:58,ETHUSDT,buy,154.554,WIN,2.27,0.24,5.8
2026-05-12 03:01,ETHUSDT,buy,154.8941,WIN,0.46,0.31,5.56
2026-05-12 03:02,ETHUSDT,buy,154.9773,WIN,0.51,0.36,5.51
2026-05-12 03:20,ETHUSDT,buy,155.7103,WIN,0.59,0.58,5.01
2026-05-12 03:32,ETHUSDT,buy,155.9898,WIN,0.52,0.76,5.09
2026-05-12 03:33,ETHUSDT,buy,156.1051,WIN,0.6,0.83,5.01
2026-05-12 04:04,ETHUSDT,buy,155.7887,WIN,0.53,0.59,5.1
2026-05-12 04:06,ETHUSDT,buy,155.9947,WIN,0.6,0.73,5.09
2026-05-12 04:24,ETHUSDT,buy,157.0572,WIN,0.78,1.4,5.03
2026-05-12 04:26,ETHUSDT,buy,157.3553,WIN,0.7,1.58,5.1
2026-05-12 04:41,ETHUSDT,buy,157.64,WIN,1.26,1.76,5.12
2026-05-12 04:44,ETHUSDT,buy,157.9193,WIN,0.92,1.94,5.09
2026-05-12 04:51,ETHUSDT,buy,158.2777,WIN,0.55,2.16,5.2
2026-05-12 05:17,ETHUSDT,buy,158.6206,WIN,0.38,2.37,5.07
2026-05-12 05:30,ETHUSDT,sell,157.5132,LOSS,0.57,5.06,1.68
2026-05-12 05:38,ETHUSDT,sell,157.2177,LOSS,0.48,5.09,1.5
2026-05-12 05:48,ETHUSDT,sell,156.941,LOSS,0.54,5.11,1.32
2026-05-12 05:50,ETHUSDT,sell,156.7381,LOSS,0.51,5.24,1.2
2026-05-12 05:51,ETHUSDT,sell,156.22,LOSS,0.78,5.01,0.87
2026-05-12 05:52,ETHUSDT,sell,155.6596,LOSS,1.09,5.04,0.51
2026-05-12 06:04,ETHUSDT,sell,154.9781,LOSS,0.69,5.51,0.0
2026-05-12 06:15,ETHUSDT,buy,157.7137,WIN,1.69,0.54,5.07
2026-05-12 06:16,ETHUSDT,buy,157.9541,WIN,1.84,0.69,5.07
2026-05-12 06:20,ETHUSDT,buy,158.475,WIN,0.68,1.01,5.07
2026-05-12 06:37,ETHUSDT,sell,156.9488,LOSS,0.65,5.1,0.03
2026-05-12 07:07,ETHUSDT,buy,158.2408,WIN,0.57,0.44,5.23
2026-05-12 07:16,ETHUSDT,buy,158.5119,WIN,0.62,0.56,5.05
2026-05-12 07:21,ETHUSDT,buy,159.0308,WIN,0.67,0.88,5.02
2026-05-12 07:47,ETHUSDT,sell,158.0017,LOSS,0.35,5.04,0.24
2026-05-12 07:59,ETHUSDT,buy,158.9904,WIN,0.44,0.86,5.04
2026-05-12 08:18,ETHUSDT,buy,159.3726,WIN,0.7,1.09,5.13
2026-05-12 08:24,ETHUSDT,buy,159.5187,WIN,0.47,1.19,5.04
2026-05-12 08:39,ETHUSDT,sell,158.7741,LOSS,0.67,5.0,0.72
2026-05-12 08:40,ETHUSDT,sell,158.5353,LOSS,0.78,5.03,0.57
2026-05-12 08:41,ETHUSDT,sell,158.1668,LOSS,0.79,5.28,0.34
2026-05-12 08:47,ETHUSDT,sell,157.9787,LOSS,0.62,5.05,0.22
2026-05-12 08:53,ETHUSDT,sell,157.7314,LOSS,0.41,5.06,0.0
2026-05-12 09:00,ETHUSDT,buy,159.4974,WIN,1.05,0.08,5.05
2026-05-12 09:01,ETHUSDT,buy,159.7989,WIN,0.87,0.26,5.16
2026-05-12 09:06,ETHUSDT,buy,160.2466,WIN,0.55,0.4,5.14
2026-05-12 09:10,ETHUSDT,buy,160.3244,WIN,0.45,0.41,5.09
2026-05-12 09:23,ETHUSDT,buy,160.8584,WIN,0.72,0.74,5.37
2026-05-12 09:57,ETHUSDT,sell,162.8295,LOSS,0.64,5.03,1.35
2026-05-12 11:44,ETHUSDT,sell,163.4302,LOSS,0.58,5.11,1.71
2026-05-12 11:45,ETHUSDT,sell,163.1737,LOSS,0.72,5.28,1.56
2026-05-12 11:46,ETHUSDT,sell,162.6414,LOSS,1.04,5.15,1.23
2026-05-12 11:49,ETHUSDT,sell,162.0744,LOSS,0.85,5.11,0.21
2026-05-12 12:03,ETHUSDT,sell,161.8036,LOSS,0.43,5.29,0.0
2026-05-12 12:11,ETHUSDT,buy,163.3639,WIN,0.75,1.67,5.16
2026-05-12 12:21,ETHUSDT,buy,164.488,WIN,0.41,2.34,5.48
2026-05-12 12:40,ETHUSDT,sell,163.0468,LOSS,0.59,5.36,1.48
2026-05-12 13:23,ETHUSDT,buy,169.1895,LOSS,1.28,5.01,0.89
2026-05-12 14:45,ETHUSDT,sell,166.0861,LOSS,0.64,5.02,3.28
2026-05-12 14:48,ETHUSDT,sell,165.6088,LOSS,0.78,5.06,3.0
2026-05-12 14:57,ETHUSDT,sell,165.474,LOSS,0.59,5.06,2.93
2026-05-12 15:56,ETHUSDT,sell,166.5396,LOSS,0.89,5.03,3.55
2026-05-12 15:57,ETHUSDT,sell,166.2315,LOSS,1.0,5.1,3.37
2026-05-12 16:01,ETHUSDT,sell,165.903,LOSS,0.44,5.07,3.18
2026-05-12 16:08,ETHUSDT,sell,165.6401,LOSS,0.34,5.04,3.02
2026-05-12 16:17,ETHUSDT,buy,169.2486,LOSS,1.87,5.04,0.86
2026-05-12 16:18,ETHUSDT,buy,169.4323,LOSS,1.7,5.04,0.75
2026-05-12 16:21,ETHUSDT,buy,169.668,LOSS,0.59,5.08,0.61
2026-05-12 17:21,ETHUSDT,sell,166.47,LOSS,0.72,5.07,3.51
2026-05-12 17:34,ETHUSDT,sell,165.5517,LOSS,0.73,5.01,2.97
2026-05-12 17:37,ETHUSDT,sell,165.3631,LOSS,0.84,5.13,2.86
2026-05-12 17:39,ETHUSDT,sell,165.3056,LOSS,0.42,5.01,2.83
2026-05-12 17:40,ETHUSDT,sell,165.122,LOSS,0.53,5.07,2.72
2026-05-12 17:42,ETHUSDT,sell,164.6503,LOSS,0.59,5.38,2.44
2026-05-12 17:53,ETHUSDT,sell,164.4006,LOSS,0.47,5.54,2.29
2026-05-12 17:55,ETHUSDT,sell,164.2777,LOSS,0.51,5.61,2.22
2026-05-12 18:03,ETHUSDT,sell,164.0129,LOSS,0.61,5.79,2.06
2026-05-12 18:04,ETHUSDT,sell,163.4386,LOSS,0.95,5.11,1.72
2026-05-12 18:08,ETHUSDT,sell,163.3199,LOSS,0.56,5.18,1.65
2026-05-12 18:19,ETHUSDT,buy,165.265,WIN,0.34,2.8,5.0
2026-05-12 18:20,ETHUSDT,buy,165.7507,WIN,0.63,3.09,5.17
2026-05-12 18:32,ETHUSDT,buy,166.4222,WIN,0.44,3.48,5.1
2026-05-12 18:33,ETHUSDT,buy,166.7159,WIN,0.62,3.65,5.02
2026-05-12 18:34,ETHUSDT,buy,166.8952,WIN,0.73,3.75,5.05
2026-05-12 18:37,ETHUSDT,buy,167.1055,WIN,0.59,3.87,5.06
2026-05-12 18:43,ETHUSDT,buy,167.6121,WIN,0.56,4.16,5.23
2026-05-12 19:02,ETHUSDT,sell,166.7338,LOSS,0.49,5.01,3.66
2026-05-12 19:06,ETHUSDT,sell,166.6086,LOSS,0.6,5.07,3.59
2026-05-12 19:17,ETHUSDT,sell,166.3477,LOSS,0.65,5.02,3.44
2026-05-12 19:35,ETHUSDT,buy,170.1995,LOSS,2.28,5.04,0.29
2026-05-12 20:12,ETHUSDT,sell,168.2887,LOSS,0.56,5.02,4.55
2026-05-12 20:13,ETHUSDT,sell,168.0682,LOSS,0.69,5.11,4.42
2026-05-12 20:14,ETHUSDT,sell,167.5124,LOSS,1.01,5.29,4.11
2026-05-12 20:43,ETHUSDT,sell,166.5957,LOSS,0.79,5.08,3.58
2026-05-12 20:48,ETHUSDT,sell,165.691,LOSS,0.6,5.0,3.05
2026-05-12 20:49,ETHUSDT,sell,165.6213,LOSS,0.65,5.05,3.01
2026-05-12 20:52,ETHUSDT,sell,165.3937,LOSS,0.57,5.11,2.88
2026-05-12 20:54,ETHUSDT,sell,165.0063,LOSS,0.63,5.15,2.65
2026-05-12 20:57,ETHUSDT,sell,164.6928,LOSS,0.49,5.35,2.47
2026-05-12 20:59,ETHUSDT,sell,164.0145,LOSS,0.75,5.78,2.06
2026-05-12 21:00,ETHUSDT,sell,163.7417,LOSS,0.91,5.96,1.9
2026-05-12 21:01,ETHUSDT,sell,163.4704,LOSS,0.94,5.09,1.74
2026-05-12 21:02,ETHUSDT,sell,163.0601,LOSS,1.19,5.35,1.49
2026-05-12 21:03,ETHUSDT,sell,162.9082,LOSS,1.04,5.01,1.4
2026-05-12 21:04,ETHUSDT,sell,162.6764,LOSS,0.84,5.12,1.26
2026-05-12 21:05,ETHUSDT,sell,162.3503,LOSS,0.85,5.1,1.06
2026-05-12 21:10,ETHUSDT,sell,161.9762,LOSS,0.67,5.12,0.83
2026-05-12 21:32,ETHUSDT,sell,161.4531,LOSS,0.54,5.06,0.34
2026-05-12 21:33,ETHUSDT,sell,161.3927,LOSS,0.53,5.1,0.3
2026-05-12 21:36,ETHUSDT,sell,161.3071,LOSS,0.34,5.16,0.25
2026-05-12 21:41,ETHUSDT,sell,160.9128,LOSS,0.51,5.05,0.0
2026-05-12 21:45,ETHUSDT,buy,162.3808,WIN,0.92,1.08,5.08
2026-05-12 22:07,ETHUSDT,buy,162.9791,WIN,0.61,1.44,5.4
2026-05-12 22:08,ETHUSDT,buy,163.4497,WIN,0.84,1.72,5.1
2026-05-12 22:23,ETHUSDT,sell,162.031,LOSS,0.47,5.09,0.86
2026-05-12 22:33,ETHUSDT,buy,163.8782,WIN,0.77,1.98,5.87
2026-05-12 22:40,ETHUSDT,buy,164.1629,WIN,0.5,2.15,5.69
2026-05-12 22:43,ETHUSDT,buy,164.6041,WIN,0.62,2.41,5.41
2026-05-12 22:44,ETHUSDT,buy,164.7568,WIN,0.71,2.5,5.31
2026-05-12 22:46,ETHUSDT,buy,165.2398,WIN,1.0,2.79,5.0
2026-05-12 22:55,ETHUSDT,buy,168.6547,WIN,2.85,4.76,5.13
2026-05-12 22:57,ETHUSDT,buy,168.9854,WIN,3.05,4.94,5.04
2026-05-12 23:20,ETHUSDT,sell,167.5166,LOSS,0.71,5.29,4.11
2026-05-12 23:22,ETHUSDT,sell,166.8695,LOSS,1.09,5.06,3.74
2026-05-12 23:23,ETHUSDT,sell,166.8569,LOSS,0.91,5.07,3.73
2026-05-12 23:24,ETHUSDT,sell,166.6611,LOSS,1.02,5.03,3.62
2026-05-12 23:26,ETHUSDT,sell,166.3211,LOSS,0.63,5.04,3.42
2026-05-12 23:41,ETHUSDT,buy,167.4892,WIN,0.54,4.09,5.31
2026-05-12 23:46,ETHUSDT,buy,168.0516,WIN,0.6,4.41,5.12
2026-05-13 00:17,ETHUSDT,buy,168.2609,WIN,0.67,4.53,5.04
2026-05-13 00:19,ETHUSDT,buy,168.675,WIN,0.92,4.77,5.12
2026-05-13 00:20,ETHUSDT,buy,168.71,WIN,0.55,4.79,5.09
2026-05-13 00:22,ETHUSDT,buy,168.8538,WIN,0.51,4.87,5.01
2026-05-13 00:29,ETHUSDT,buy,169.4607,LOSS,0.46,5.16,0.02
2026-05-13 00:41,ETHUSDT,sell,167.0302,LOSS,0.81,5.11,3.83
2026-05-13 00:44,ETHUSDT,sell,166.7039,LOSS,0.63,5.01,3.64
2026-05-13 01:30,ETHUSDT,sell,166.4699,LOSS,0.39,5.07,3.51
2026-05-13 01:31,ETHUSDT,sell,166.1037,LOSS,0.59,5.01,3.29
2026-05-13 01:56,ETHUSDT,sell,165.8522,LOSS,0.34,5.1,3.15
2026-05-13 01:57,ETHUSDT,sell,165.7102,LOSS,0.43,5.19,3.06
2026-05-13 02:10,ETHUSDT,sell,165.2843,LOSS,0.54,5.03,2.81
2026-05-13 02:11,ETHUSDT,sell,164.7865,LOSS,0.84,5.29,2.52
2026-05-13 02:15,ETHUSDT,buy,168.3642,WIN,2.36,4.59,5.09
2026-05-13 02:16,ETHUSDT,buy,168.8601,WIN,2.67,4.87,5.0
2026-05-13 02:35,ETHUSDT,sell,167.9038,LOSS,0.45,5.05,4.33
2026-05-13 02:37,ETHUSDT,sell,167.6725,LOSS,0.59,5.19,4.2
2026-05-13 02:39,ETHUSDT,sell,167.5693,LOSS,0.54,5.26,4.14
2026-05-13 02:40,ETHUSDT,sell,167.1476,LOSS,0.7,5.03,3.9
2026-05-13 02:56,ETHUSDT,buy,168.8306,WIN,0.7,4.86,5.02
2026-05-13 02:59,ETHUSDT,buy,169.0554,WIN,0.54,4.98,5.1
2026-05-13 03:17,ETHUSDT,sell,167.3336,LOSS,0.35,5.03,4.0
2026-05-13 03:18,ETHUSDT,sell,167.0574,LOSS,0.52,5.09,3.85
2026-05-13 03:19,ETHUSDT,sell,167.0017,LOSS,0.55,5.13,3.81
2026-05-13 03:20,ETHUSDT,sell,166.4116,LOSS,0.9,5.11,3.47
2026-05-13 03:39,ETHUSDT,sell,165.8613,LOSS,0.71,5.1,3.15
2026-05-13 03:41,ETHUSDT,sell,165.506,LOSS,0.65,5.04,2.94
2026-05-13 03:57,ETHUSDT,buy,166.8284,WIN,0.78,3.71,5.09
2026-05-13 04:14,ETHUSDT,sell,165.6106,LOSS,0.46,5.05,3.01
2026-05-13 04:15,ETHUSDT,sell,165.2252,LOSS,0.61,5.01,2.78
2026-05-13 04:17,ETHUSDT,sell,165.1554,LOSS,0.65,5.05,2.74
2026-05-13 04:20,ETHUSDT,sell,165.04,LOSS,0.41,5.13,2.67
2026-05-13 04:22,ETHUSDT,sell,164.6992,LOSS,0.48,5.34,2.47
2026-05-13 04:28,ETHUSDT,sell,164.3625,LOSS,0.54,5.56,2.27
2026-05-13 04:30,ETHUSDT,sell,164.1946,LOSS,0.43,5.67,2.17
2026-05-13 04:33,ETHUSDT,sell,163.8749,LOSS,0.34,5.87,1.98
2026-05-13 04:35,ETHUSDT,sell,163.5591,LOSS,0.46,5.03,1.79
2026-05-13 04:47,ETHUSDT,sell,162.894,LOSS,0.55,5.02,1.39
2026-05-13 04:48,ETHUSDT,sell,162.6062,LOSS,0.51,5.17,1.21
2026-05-13 04:53,ETHUSDT,sell,162.3954,LOSS,0.42,5.07,1.09
2026-05-13 04:57,ETHUSDT,sell,162.0781,LOSS,0.5,5.06,0.89
2026-05-13 04:58,ETHUSDT,sell,162.0059,LOSS,0.55,5.1,0.85
2026-05-13 04:59,ETHUSDT,sell,161.5543,LOSS,0.82,5.03,0.57
2026-05-13 05:09,ETHUSDT,sell,161.2898,LOSS,0.78,5.15,0.41
2026-05-13 05:35,ETHUSDT,buy,164.2047,WIN,2.12,0.31,5.66
2026-05-13 05:43,ETHUSDT,buy,164.4675,WIN,0.47,0.32,5.49
2026-05-13 05:44,ETHUSDT,buy,164.62,WIN,0.57,0.41,5.4
2026-05-13 05:59,ETHUSDT,buy,165.3884,WIN,0.62,0.87,5.11
2026-05-13 06:00,ETHUSDT,buy,165.6236,WIN,0.63,1.01,5.05
2026-05-13 06:23,ETHUSDT,buy,165.8879,WIN,0.77,1.17,5.08
2026-05-13 06:36,ETHUSDT,buy,165.929,WIN,0.78,1.19,5.05
2026-05-13 06:37,ETHUSDT,buy,166.1801,WIN,0.94,1.34,5.13
2026-05-13 06:39,ETHUSDT,buy,166.3521,WIN,0.9,1.44,5.02
2026-05-13 07:08,ETHUSDT,sell,165.1584,LOSS,0.64,5.05,0.73
2026-05-13 07:14,ETHUSDT,sell,164.7145,LOSS,0.56,5.33,0.46
2026-05-13 07:15,ETHUSDT,sell,164.6409,LOSS,0.53,5.38,0.42
2026-05-13 07:35,ETHUSDT,buy,165.9536,WIN,0.59,1.21,5.04
2026-05-13 07:36,ETHUSDT,buy,166.4033,WIN,0.59,1.47,5.11
2026-05-13 07:38,ETHUSDT,buy,166.8059,WIN,0.83,1.71,5.1
2026-05-13 07:45,ETHUSDT,buy,166.9855,WIN,0.63,1.82,5.14
2026-05-13 07:46,ETHUSDT,buy,167.1346,WIN,0.72,1.91,5.04
2026-05-13 07:47,ETHUSDT,buy,167.2697,WIN,0.8,1.99,5.02
2026-05-13 07:56,ETHUSDT,buy,167.4433,WIN,0.57,2.09,5.34
2026-05-13 08:10,ETHUSDT,sell,166.1826,LOSS,0.74,5.13,1.34
2026-05-13 08:11,ETHUSDT,sell,165.9212,LOSS,0.83,5.06,1.19
2026-05-13 08:18,ETHUSDT,sell,165.1244,LOSS,0.85,5.07,0.71
2026-05-13 08:19,ETHUSDT,sell,164.9434,LOSS,0.96,5.19,0.6
2026-05-13 08:23,ETHUSDT,sell,164.7702,LOSS,0.31,5.3,0.5
2026-05-13 08:24,ETHUSDT,sell,164.3606,LOSS,0.56,5.56,0.25
2026-05-13 08:42,ETHUSDT,buy,166.6297,WIN,0.89,0.51,5.05
2026-05-13 08:55,ETHUSDT,buy,168.526,WIN,1.42,0.97,5.21
2026-05-13 09:38,ETHUSDT,buy,170.0646,WIN,0.75,1.86,5.67
2026-05-13 09:49,ETHUSDT,buy,170.5116,WIN,0.37,2.12,5.39
2026-05-13 09:50,ETHUSDT,buy,170.9435,WIN,0.63,2.37,5.12
2026-05-13 09:59,ETHUSDT,sell,169.6557,LOSS,0.51,5.92,1.63
2026-05-13 10:46,ETHUSDT,buy,170.6909,WIN,0.38,2.22,5.28
2026-05-13 10:50,ETHUSDT,buy,171.3726,WIN,0.67,2.61,5.05
2026-05-13 11:28,ETHUSDT,sell,169.5734,LOSS,0.79,5.97,1.58
2026-05-13 11:33,ETHUSDT,sell,169.1544,LOSS,0.54,5.04,1.33
2026-05-13 12:01,ETHUSDT,buy,169.9339,WIN,0.87,1.79,5.75
2026-05-13 12:15,ETHUSDT,buy,173.4337,WIN,3.02,3.77,5.01
2026-05-13 12:23,ETHUSDT,buy,174.0662,WIN,0.37,4.12,5.03
2026-05-13 12:35,ETHUSDT,sell,171.2722,LOSS,0.77,5.11,2.55
2026-05-13 12:36,ETHUSDT,sell,171.2482,LOSS,0.78,5.13,2.54
2026-05-13 13:00,ETHUSDT,sell,171.6139,LOSS,0.67,5.22,2.75
2026-05-13 13:03,ETHUSDT,sell,171.3197,LOSS,0.41,5.08,2.58
2026-05-13 13:04,ETHUSDT,sell,170.8253,LOSS,0.62,5.2,2.3
2026-05-13 13:06,ETHUSDT,sell,170.5608,LOSS,0.71,5.36,2.15
2026-05-13 13:09,ETHUSDT,sell,170.0167,LOSS,0.5,5.7,1.84
2026-05-13 13:10,ETHUSDT,sell,169.6979,LOSS,0.64,5.9,1.65
2026-05-13 13:11,ETHUSDT,sell,169.4014,LOSS,0.75,6.08,1.48
2026-05-13 13:12,ETHUSDT,sell,169.3538,LOSS,0.77,6.11,1.45
2026-05-13 14:01,ETHUSDT,sell,168.9532,LOSS,0.55,5.06,1.22
2026-05-13 14:05,ETHUSDT,sell,168.7775,LOSS,0.49,5.05,1.11
2026-05-13 14:07,ETHUSDT,sell,168.2086,LOSS,0.75,5.02,0.78
2026-05-13 14:34,ETHUSDT,sell,167.8696,LOSS,0.52,5.07,0.58
2026-05-13 14:49,ETHUSDT,sell,167.142,LOSS,0.47,5.04,0.15
2026-05-13 14:54,ETHUSDT,buy,168.4255,WIN,0.92,0.0,5.05
2026-05-13 14:55,ETHUSDT,buy,168.7722,WIN,1.12,0.15,5.06
2026-05-13 14:57,ETHUSDT,buy,169.0354,WIN,1.02,0.0,5.01
2026-05-13 14:58,ETHUSDT,buy,169.273,WIN,0.87,0.14,6.16
2026-05-13 15:01,ETHUSDT,buy,169.8214,WIN,0.77,0.43,5.82
2026-05-13 15:05,ETHUSDT,buy,170.0775,WIN,0.5,0.58,5.66
2026-05-13 15:35,ETHUSDT,buy,174.0997,WIN,2.47,1.55,5.01
2026-05-13 15:36,ETHUSDT,buy,174.638,WIN,2.78,1.85,5.08
2026-05-13 15:38,ETHUSDT,buy,174.747,WIN,2.63,1.91,5.02
2026-05-13 16:08,ETHUSDT,sell,173.0911,LOSS,0.76,5.13,0.97
2026-05-13 16:09,ETHUSDT,sell,172.5881,LOSS,1.0,5.1,0.68
2026-05-13 16:10,ETHUSDT,sell,172.3,LOSS,1.05,5.12,0.52
2026-05-13 16:17,ETHUSDT,sell,171.7755,LOSS,0.6,5.12,0.21
2026-05-13 16:31,ETHUSDT,buy,173.7841,WIN,0.43,1.02,5.11
2026-05-13 16:49,ETHUSDT,sell,172.3578,LOSS,0.62,5.09,0.2
2026-05-13 16:57,ETHUSDT,buy,174.0944,WIN,0.58,0.35,5.01
2026-05-13 16:58,ETHUSDT,buy,174.3904,WIN,0.66,0.52,5.23
2026-05-13 17:20,ETHUSDT,buy,174.8739,WIN,0.32,0.79,5.06
2026-05-13 18:14,ETHUSDT,buy,175.533,WIN,0.62,0.62,5.11
2026-05-13 18:35,ETHUSDT,buy,175.6871,WIN,0.6,0.0,5.02
2026-05-13 18:36,ETHUSDT,buy,176.1875,WIN,0.76,0.15,5.01
2026-05-13 18:40,ETHUSDT,buy,176.8209,WIN,0.84,0.17,5.02
2026-05-13 18:41,ETHUSDT,buy,177.1712,WIN,0.71,0.37,5.04
2026-05-13 18:47,ETHUSDT,buy,177.5003,WIN,0.56,0.31,5.35
2026-05-13 18:55,ETHUSDT,buy,179.6912,WIN,1.5,0.0,5.16
2026-05-13 18:56,ETHUSDT,buy,179.8745,WIN,1.61,0.0,5.05
2026-05-13 18:57,ETHUSDT,buy,180.3316,WIN,1.87,0.18,5.01
2026-05-13 19:04,ETHUSDT,buy,181.0674,WIN,0.59,0.18,7.58
2026-05-13 19:06,ETHUSDT,buy,181.3506,WIN,0.75,0.34,7.41
2026-05-13 19:08,ETHUSDT,buy,181.5474,WIN,0.67,0.35,7.3
2026-05-13 19:27,ETHUSDT,buy,182.8111,WIN,0.53,0.16,6.55
2026-05-13 19:28,ETHUSDT,buy,182.8244,WIN,0.53,0.04,6.55
2026-05-13 19:29,ETHUSDT,buy,183.0099,WIN,0.64,0.14,6.44
2026-05-13 19:30,ETHUSDT,buy,183.2665,WIN,0.72,0.28,6.29
2026-05-13 19:34,ETHUSDT,buy,184.1233,WIN,0.63,0.74,5.79
2026-05-13 19:35,ETHUSDT,buy,184.3423,WIN,0.72,0.86,5.67
2026-05-13 19:55,ETHUSDT,buy,184.8301,WIN,0.73,0.25,5.39
2026-05-13 19:57,ETHUSDT,buy,185.1627,WIN,0.91,0.43,5.2
2026-05-13 20:30,ETHUSDT,buy,186.3112,WIN,0.46,0.59,5.05
2026-05-13 20:31,ETHUSDT,buy,186.8598,WIN,0.76,0.88,5.08
2026-05-13 20:59,ETHUSDT,buy,187.3598,WIN,0.8,0.76,5.22
2026-05-13 21:00,ETHUSDT,buy,187.8842,WIN,1.05,1.04,5.09
2026-05-13 21:10,ETHUSDT,buy,188.0017,WIN,0.52,1.1,5.02
2026-05-13 21:11,ETHUSDT,buy,188.4409,WIN,0.76,1.33,5.05
2026-05-13 21:27,ETHUSDT,buy,188.747,WIN,0.55,1.49,5.08
2026-05-13 21:28,ETHUSDT,buy,189.016,WIN,0.58,1.63,5.04
2026-05-13 21:38,ETHUSDT,sell,186.5681,LOSS,0.56,5.01,0.34
2026-05-13 21:39,ETHUSDT,sell,186.3724,LOSS,0.67,5.01,0.19
2026-05-13 22:02,ETHUSDT,buy,187.6432,WIN,0.46,0.1,5.06
2026-05-13 22:03,ETHUSDT,buy,187.8862,WIN,0.59,0.23,5.09
2026-05-13 22:13,ETHUSDT,buy,188.9225,WIN,0.63,0.19,5.09
2026-05-13 22:15,ETHUSDT,buy,194.7096,WIN,3.37,3.16,5.7
2026-05-13 22:43,ETHUSDT,sell,191.744,LOSS,0.81,5.13,1.66
2026-05-13 23:03,ETHUSDT,buy,193.0086,WIN,0.67,2.3,5.01
2026-05-13 23:17,ETHUSDT,sell,191.621,LOSS,0.55,5.2,1.59
2026-05-13 23:21,ETHUSDT,sell,191.4414,LOSS,0.33,5.3,1.5
2026-05-13 23:23,ETHUSDT,sell,191.0535,LOSS,0.4,5.16,1.3
2026-05-13 23:29,ETHUSDT,sell,190.8296,LOSS,0.39,5.0,1.19
2026-05-13 23:30,ETHUSDT,sell,190.6366,LOSS,0.49,5.07,1.09
2026-05-13 23:32,ETHUSDT,sell,190.5409,LOSS,0.38,5.13,1.04
2026-05-13 23:47,ETHUSDT,buy,191.6371,WIN,0.5,1.6,5.19
2026-05-13 23:49,ETHUSDT,buy,192.1881,WIN,0.79,1.88,5.08
2026-05-14 00:19,ETHUSDT,sell,190.2349,LOSS,0.64,5.01,0.88
2026-05-14 00:27,ETHUSDT,sell,189.9589,LOSS,0.66,5.07,0.73
2026-05-14 00:53,ETHUSDT,sell,189.1994,LOSS,0.72,5.14,0.34
2026-05-14 00:58,ETHUSDT,sell,188.5869,LOSS,0.54,5.06,0.0
2026-05-14 01:12,ETHUSDT,buy,191.0267,WIN,0.54,0.14,5.18
2026-05-14 01:13,ETHUSDT,buy,191.4602,WIN,0.77,0.37,5.29
2026-05-14 01:14,ETHUSDT,buy,191.775,WIN,0.93,0.53,5.11
2026-05-14 01:17,ETHUSDT,buy,192.1997,WIN,0.65,0.75,5.07
2026-05-14 01:18,ETHUSDT,buy,192.4461,WIN,0.62,0.88,5.01
2026-05-14 01:35,ETHUSDT,buy,194.0602,WIN,1.74,0.65,6.05
2026-05-14 01:36,ETHUSDT,buy,194.5818,WIN,2.01,0.91,5.77
2026-05-14 01:37,ETHUSDT,buy,194.6517,WIN,2.05,0.95,5.73
2026-05-14 01:56,ETHUSDT,buy,195.0242,WIN,0.53,0.13,5.53
2026-05-14 01:57,ETHUSDT,buy,195.3672,WIN,0.53,0.3,5.34
2026-05-14 02:00,ETHUSDT,buy,195.8128,WIN,0.68,0.53,5.1
2026-05-14 02:09,ETHUSDT,buy,196.2108,WIN,0.73,0.84,5.04
2026-05-14 02:10,ETHUSDT,buy,196.4809,WIN,0.65,0.98,5.03
2026-05-14 02:11,ETHUSDT,buy,197.0449,WIN,0.85,1.26,6.46
2026-05-14 02:12,ETHUSDT,buy,197.3947,WIN,0.97,1.43,6.27
2026-05-14 02:16,ETHUSDT,buy,197.5615,WIN,0.39,1.52,6.18
2026-05-14 02:17,ETHUSDT,buy,197.9038,WIN,0.57,1.69,6.0
2026-05-14 02:18,ETHUSDT,buy,198.0902,WIN,0.66,1.78,5.9
2026-05-14 02:30,ETHUSDT,sell,196.2358,LOSS,0.5,5.02,0.85
2026-05-14 02:38,ETHUSDT,buy,198.2165,WIN,0.77,1.84,5.83
2026-05-14 02:49,ETHUSDT,buy,198.8077,WIN,0.57,2.13,5.51
2026-05-14 02:58,ETHUSDT,buy,199.4692,WIN,0.44,2.46,5.16
2026-05-14 03:05,ETHUSDT,buy,200.1244,WIN,0.51,2.78,5.27
2026-05-14 03:17,ETHUSDT,sell,198.4658,LOSS,0.39,5.7,1.97
2026-05-14 03:20,ETHUSDT,buy,200.3518,WIN,0.98,2.89,5.15
2026-05-14 03:21,ETHUSDT,buy,200.5748,WIN,1.09,3.0,5.03
2026-05-14 03:24,ETHUSDT,buy,200.9795,WIN,0.94,3.19,5.28
2026-05-14 03:30,ETHUSDT,buy,201.3604,WIN,0.79,3.38,5.08
2026-05-14 04:15,ETHUSDT,buy,202.9903,WIN,0.65,4.15,5.28
2026-05-14 04:28,ETHUSDT,buy,203.5529,WIN,0.6,4.42,5.01
2026-05-14 04:29,ETHUSDT,buy,203.6609,WIN,0.59,4.47,5.3
2026-05-14 04:55,ETHUSDT,buy,205.4859,LOSS,1.41,5.02,0.11
2026-05-14 05:17,ETHUSDT,sell,202.977,LOSS,0.66,5.29,4.15
2026-05-14 05:25,ETHUSDT,sell,201.8359,LOSS,0.96,5.08,3.6
2026-05-14 05:37,ETHUSDT,sell,201.3088,LOSS,0.46,5.11,3.35
2026-05-14 05:41,ETHUSDT,sell,201.1429,LOSS,0.6,5.19,3.27
2026-05-14 05:46,ETHUSDT,sell,200.6428,LOSS,0.49,5.11,3.03
2026-05-14 06:12,ETHUSDT,sell,200.2588,LOSS,0.57,5.2,2.84
2026-05-14 06:19,ETHUSDT,sell,199.85,LOSS,0.48,5.41,2.65
2026-05-14 06:31,ETHUSDT,sell,199.4842,LOSS,0.48,5.16,2.47
2026-05-14 06:32,ETHUSDT,sell,198.9107,LOSS,0.77,5.46,2.19
2026-05-14 06:35,ETHUSDT,sell,198.2644,LOSS,0.92,5.8,1.87
2026-05-14 06:39,ETHUSDT,sell,197.274,LOSS,1.0,6.33,1.37
2026-05-14 06:50,ETHUSDT,sell,197.1797,LOSS,0.34,6.38,1.33
2026-05-14 07:06,ETHUSDT,buy,198.1432,WIN,0.37,1.81,5.87
2026-05-14 07:16,ETHUSDT,buy,198.5193,WIN,0.47,1.99,5.67
2026-05-14 07:25,ETHUSDT,sell,197.4459,LOSS,0.88,6.24,1.46
2026-05-14 07:35,ETHUSDT,sell,197.2871,LOSS,0.55,6.33,1.38
2026-05-14 07:36,ETHUSDT,sell,196.9,LOSS,0.74,6.54,1.19
2026-05-14 07:53,ETHUSDT,sell,195.9225,LOSS,0.62,5.14,0.69
2026-05-14 07:55,ETHUSDT,sell,195.3082,LOSS,0.71,5.03,0.38
2026-05-14 07:56,ETHUSDT,sell,195.054,LOSS,0.84,5.08,0.25
2026-05-14 07:59,ETHUSDT,sell,194.7265,LOSS,0.63,5.02,0.08
2026-05-14 08:15,ETHUSDT,buy,199.2202,WIN,2.08,0.54,5.29
2026-05-14 08:16,ETHUSDT,buy,200.1259,WIN,2.55,0.99,5.27
2026-05-14 08:29,ETHUSDT,buy,200.4123,WIN,1.08,0.0,5.12
2026-05-14 08:30,ETHUSDT,buy,201.0318,WIN,1.14,0.25,5.25
2026-05-14 08:31,ETHUSDT,buy,201.3924,WIN,1.32,0.43,5.06
2026-05-14 08:32,ETHUSDT,buy,201.9192,WIN,1.26,0.69,5.03
2026-05-14 08:33,ETHUSDT,buy,202.1273,WIN,1.37,0.79,5.07
2026-05-14 08:35,ETHUSDT,buy,202.9697,WIN,0.97,1.21,5.29
2026-05-14 09:02,ETHUSDT,buy,203.6118,WIN,0.43,0.61,5.32
2026-05-14 09:03,ETHUSDT,buy,203.8128,WIN,0.5,0.71,5.22
2026-05-14 09:09,ETHUSDT,buy,204.1175,WIN,0.35,0.86,5.06
2026-05-14 09:23,ETHUSDT,sell,203.2016,LOSS,0.32,5.17,0.41
2026-05-14 10:17,ETHUSDT,buy,204.6678,WIN,0.87,1.12,5.03
2026-05-14 10:36,ETHUSDT,sell,203.9638,LOSS,0.4,5.14,0.78
2026-05-14 10:38,ETHUSDT,sell,203.8408,LOSS,0.4,5.2,0.72
2026-05-14 10:39,ETHUSDT,sell,203.7167,LOSS,0.36,5.27,0.66
2026-05-14 10:41,ETHUSDT,sell,203.5285,LOSS,0.38,5.0,0.57
2026-05-14 10:43,ETHUSDT,sell,203.477,LOSS,0.3,5.03,0.55
2026-05-14 10:47,ETHUSDT,buy,205.2617,WIN,0.89,1.41,5.12
2026-05-14 11:12,ETHUSDT,sell,202.7484,LOSS,0.61,5.07,0.19
2026-05-14 11:20,ETHUSDT,buy,204.813,WIN,0.98,0.13,5.35
2026-05-14 11:21,ETHUSDT,buy,205.2935,WIN,0.8,0.36,5.11
2026-05-14 11:22,ETHUSDT,buy,205.3987,WIN,0.77,0.41,5.05
2026-05-14 11:35,ETHUSDT,buy,209.5863,WIN,2.46,2.0,5.23
2026-05-14 11:37,ETHUSDT,buy,210.539,WIN,2.92,2.44,5.17
2026-05-14 12:02,ETHUSDT,buy,210.8706,WIN,0.52,2.59,5.01
2026-05-14 12:08,ETHUSDT,sell,208.88,LOSS,0.59,5.04,1.67
2026-05-14 12:09,ETHUSDT,sell,208.5588,LOSS,0.62,5.04,1.52
2026-05-14 12:11,ETHUSDT,sell,208.2879,LOSS,0.75,5.12,1.39
2026-05-14 12:12,ETHUSDT,sell,208.1804,LOSS,0.8,5.03,1.34
2026-05-14 12:19,ETHUSDT,sell,207.7243,LOSS,0.49,5.26,1.12
2026-05-14 12:20,ETHUSDT,sell,207.5366,LOSS,0.58,5.35,1.03
2026-05-14 12:22,ETHUSDT,sell,207.031,LOSS,0.58,5.61,0.79
2026-05-14 12:24,ETHUSDT,sell,206.7933,LOSS,0.57,5.02,0.67
2026-05-14 12:26,ETHUSDT,sell,206.4371,LOSS,0.74,5.08,0.5
2026-05-14 12:28,ETHUSDT,sell,206.09,LOSS,0.53,5.26,0.34
2026-05-14 12:29,ETHUSDT,sell,205.4918,LOSS,0.81,5.01,0.0
2026-05-14 12:57,ETHUSDT,buy,207.0557,WIN,0.58,0.42,5.6
2026-05-14 12:59,ETHUSDT,buy,207.2488,WIN,0.55,0.52,5.5
2026-05-14 13:05,ETHUSDT,buy,207.6752,WIN,0.67,0.72,5.28
2026-05-14 13:07,ETHUSDT,buy,208.1863,WIN,0.58,0.96,5.03
2026-05-14 13:08,ETHUSDT,buy,208.4014,WIN,0.63,1.07,5.06
2026-05-14 13:13,ETHUSDT,buy,208.5797,WIN,0.57,1.15,5.02
2026-05-14 13:39,ETHUSDT,buy,208.856,WIN,0.67,1.28,5.06
2026-05-14 13:43,ETHUSDT,buy,209.6039,WIN,0.71,1.63,5.22
2026-05-14 13:44,ETHUSDT,buy,209.9983,WIN,0.89,1.82,5.02
2026-05-14 13:45,ETHUSDT,buy,210.3298,WIN,1.05,1.97,5.09
2026-05-14 14:03,ETHUSDT,sell,208.6099,LOSS,0.67,5.01,1.16
2026-05-14 14:19,ETHUSDT,sell,208.1763,LOSS,0.46,5.03,0.96
2026-05-14 14:36,ETHUSDT,buy,209.1544,WIN,0.64,1.42,5.19
2026-05-14 14:47,ETHUSDT,sell,207.6547,LOSS,0.48,5.29,0.71
2026-05-14 14:49,ETHUSDT,sell,207.3879,LOSS,0.47,5.43,0.58
2026-05-14 14:51,ETHUSDT,sell,206.6242,LOSS,0.84,5.02,0.21
2026-05-14 14:52,ETHUSDT,sell,206.5203,LOSS,0.71,5.04,0.16
2026-05-14 14:55,ETHUSDT,buy,211.5705,WIN,2.61,0.6,5.06
2026-05-14 14:56,ETHUSDT,buy,211.8024,WIN,2.73,0.71,5.04
2026-05-14 14:57,ETHUSDT,buy,211.9056,WIN,2.78,0.75,5.16
2026-05-14 14:58,ETHUSDT,buy,212.3038,WIN,2.97,0.94,5.16
2026-05-14 15:26,ETHUSDT,sell,211.0414,LOSS,0.48,5.02,0.35
2026-05-14 15:28,ETHUSDT,sell,210.6606,LOSS,0.58,5.11,0.17
2026-05-14 15:43,ETHUSDT,buy,211.9556,WIN,0.55,0.03,5.13
2026-05-14 15:46,ETHUSDT,buy,212.4378,WIN,0.78,0.07,5.09
2026-05-14 15:49,ETHUSDT,buy,212.6711,WIN,0.37,0.1,5.12
2026-05-14 15:50,ETHUSDT,buy,212.763,WIN,0.42,0.01,5.07
2026-05-14 15:52,ETHUSDT,buy,213.3901,WIN,0.52,0.24,5.02
2026-05-14 15:59,ETHUSDT,buy,214.2337,WIN,0.64,0.46,5.12
2026-05-14 16:00,ETHUSDT,buy,214.4526,WIN,0.74,0.56,5.01
2026-05-14 16:04,ETHUSDT,buy,214.9099,WIN,0.45,0.77,7.32
2026-05-14 16:15,ETHUSDT,buy,215.4151,WIN,0.51,1.0,7.07
2026-05-14 16:18,ETHUSDT,buy,216.1576,WIN,0.84,1.34,6.7
2026-05-14 16:19,ETHUSDT,buy,216.7124,WIN,0.96,1.59,6.43
2026-05-14 16:21,ETHUSDT,buy,216.9403,WIN,0.8,1.7,6.32
2026-05-14 16:52,ETHUSDT,buy,216.8764,WIN,0.61,1.67,6.35
2026-05-14 17:01,ETHUSDT,sell,215.3586,LOSS,0.35,7.1,0.98
2026-05-14 17:02,ETHUSDT,sell,215.3097,LOSS,0.37,7.12,0.95
2026-05-14 17:03,ETHUSDT,sell,214.8192,LOSS,0.51,7.37,0.73
2026-05-14 17:22,ETHUSDT,buy,216.9985,WIN,0.41,1.72,6.29
2026-05-14 17:24,ETHUSDT,buy,217.225,WIN,0.52,1.83,6.18
2026-05-14 17:36,ETHUSDT,sell,215.715,LOSS,0.33,6.92,1.14
2026-05-14 17:37,ETHUSDT,sell,215.3518,LOSS,0.43,7.1,0.97
2026-05-14 17:50,ETHUSDT,sell,214.9731,LOSS,0.6,7.29,0.8
2026-05-14 17:59,ETHUSDT,buy,216.9435,WIN,0.51,1.7,6.32
2026-05-14 18:05,ETHUSDT,sell,214.3783,LOSS,1.12,5.05,0.52
2026-05-14 18:06,ETHUSDT,sell,214.1386,LOSS,0.98,5.16,0.41
2026-05-14 18:10,ETHUSDT,sell,213.8181,LOSS,0.3,5.14,0.26
2026-05-14 18:12,ETHUSDT,sell,213.2972,LOSS,0.51,5.01,0.0
2026-05-14 18:15,ETHUSDT,buy,218.5554,WIN,2.48,0.14,5.53
2026-05-14 18:24,ETHUSDT,buy,219.4236,WIN,0.54,0.18,5.11
2026-05-14 18:26,ETHUSDT,buy,219.5753,WIN,0.54,0.18,5.04
2026-05-14 18:31,ETHUSDT,buy,220.3918,WIN,0.55,0.14,5.06
2026-05-14 18:33,ETHUSDT,buy,220.658,WIN,0.64,0.24,5.09
2026-05-14 18:42,ETHUSDT,buy,221.2142,WIN,0.49,0.29,6.33
2026-05-14 18:50,ETHUSDT,buy,222.0852,WIN,0.69,0.12,5.91
2026-05-14 18:52,ETHUSDT,buy,222.4428,WIN,0.52,0.28,5.74
2026-05-14 18:53,ETHUSDT,buy,222.737,WIN,0.65,0.41,5.6
2026-05-14 19:16,ETHUSDT,buy,224.4224,WIN,0.35,1.16,5.01
2026-05-14 19:17,ETHUSDT,buy,224.546,WIN,0.4,1.22,5.04
2026-05-14 19:18,ETHUSDT,buy,224.9155,WIN,0.5,1.38,5.5
2026-05-14 19:51,ETHUSDT,sell,223.2107,LOSS,0.65,5.38,0.63
2026-05-14 19:53,ETHUSDT,sell,222.807,LOSS,0.55,5.57,0.45
2026-05-14 20:07,ETHUSDT,sell,222.0841,LOSS,0.92,5.91,0.12
2026-05-14 20:18,ETHUSDT,buy,224.2742,WIN,1.02,1.1,5.0
2026-05-14 21:11,ETHUSDT,buy,223.8254,WIN,0.59,0.52,5.09
2026-05-14 21:26,ETHUSDT,buy,224.4275,WIN,0.45,0.17,5.01
2026-05-14 21:35,ETHUSDT,buy,230.5869,WIN,2.92,1.57,6.43
2026-05-14 22:26,ETHUSDT,sell,227.8549,LOSS,0.77,5.01,0.39
2026-05-14 22:47,ETHUSDT,buy,230.1025,WIN,0.9,1.36,6.65
2026-05-14 23:09,ETHUSDT,sell,227.7417,LOSS,0.63,5.06,0.34
2026-05-14 23:16,ETHUSDT,sell,227.4814,LOSS,0.53,5.08,0.23
2026-05-14 23:19,ETHUSDT,sell,226.9737,LOSS,0.64,5.16,0.0
2026-05-14 23:34,ETHUSDT,buy,228.9655,WIN,0.49,0.68,7.18
2026-05-14 23:35,ETHUSDT,buy,229.1266,WIN,0.56,0.75,7.11
2026-05-14 23:36,ETHUSDT,buy,229.6053,WIN,0.77,0.96,6.88
2026-05-14 23:43,ETHUSDT,buy,230.104,WIN,0.49,1.18,6.65
2026-05-14 23:48,ETHUSDT,buy,231.0473,WIN,0.7,1.58,6.22
2026-05-14 23:54,ETHUSDT,buy,231.6022,WIN,0.38,1.81,5.96
2026-05-15 00:28,ETHUSDT,sell,229.7384,LOSS,0.69,6.82,1.02
2026-05-15 00:30,ETHUSDT,sell,229.3707,LOSS,0.46,6.99,0.86
2026-05-15 00:31,ETHUSDT,sell,228.9664,LOSS,0.63,7.18,0.68
2026-05-15 00:37,ETHUSDT,sell,228.4733,LOSS,0.44,7.41,0.47
2026-05-15 00:38,ETHUSDT,sell,227.716,LOSS,0.77,5.07,0.04
2026-05-15 00:55,ETHUSDT,buy,234.7302,WIN,3.12,1.17,6.68
2026-05-15 01:18,ETHUSDT,buy,236.9223,WIN,0.85,2.08,5.69
2026-05-15 01:39,ETHUSDT,sell,234.7922,LOSS,0.33,6.65,1.19
2026-05-15 01:55,ETHUSDT,buy,235.9681,WIN,0.49,1.69,6.12
2026-05-15 02:17,ETHUSDT,sell,233.718,LOSS,0.51,5.0,0.39
2026-05-15 02:18,ETHUSDT,sell,233.4199,LOSS,0.63,5.14,0.26
2026-05-15 02:26,ETHUSDT,sell,233.1126,LOSS,0.56,5.28,0.09
2026-05-15 02:34,ETHUSDT,buy,235.3224,WIN,0.55,1.42,6.41
2026-05-15 02:51,ETHUSDT,buy,236.1614,WIN,0.56,1.77,6.04
2026-05-15 03:16,ETHUSDT,buy,237.1197,WIN,0.65,2.16,5.61
2026-05-15 03:20,ETHUSDT,sell,235.4597,LOSS,0.77,6.35,1.47
2026-05-15 03:21,ETHUSDT,sell,234.849,LOSS,1.03,6.63,1.22
2026-05-15 03:24,ETHUSDT,sell,234.6291,LOSS,0.73,6.73,1.13
2026-05-15 03:26,ETHUSDT,sell,234.4495,LOSS,0.42,6.81,1.05
2026-05-15 03:38,ETHUSDT,buy,236.6639,WIN,0.86,1.98,5.81
2026-05-15 03:42,ETHUSDT,buy,237.2966,WIN,0.55,2.24,5.53
2026-05-15 03:43,ETHUSDT,buy,237.5893,WIN,0.68,2.36,5.4
2026-05-15 03:57,ETHUSDT,buy,238.6334,WIN,0.89,2.78,5.02
2026-05-15 04:00,ETHUSDT,buy,238.9156,WIN,0.8,2.9,5.17
2026-05-15 04:11,ETHUSDT,buy,239.5745,WIN,0.55,3.17,5.15
2026-05-15 04:15,ETHUSDT,buy,245.3693,LOSS,2.88,5.29,0.0
2026-05-15 04:40,ETHUSDT,sell,240.5772,LOSS,0.52,5.12,3.57
2026-05-15 04:47,ETHUSDT,sell,239.9923,LOSS,0.44,5.04,3.33
2026-05-15 04:48,ETHUSDT,sell,239.874,LOSS,0.47,5.02,3.29
2026-05-15 04:51,ETHUSDT,sell,239.2329,LOSS,0.66,5.03,3.03
2026-05-15 05:20,ETHUSDT,sell,238.2191,LOSS,0.66,5.12,2.62
2026-05-15 05:25,ETHUSDT,sell,237.8829,LOSS,0.56,5.27,2.48
2026-05-15 05:31,ETHUSDT,sell,236.8085,LOSS,0.83,5.75,2.04
2026-05-15 05:36,ETHUSDT,sell,236.6383,LOSS,0.44,5.82,1.96
2026-05-15 06:06,ETHUSDT,buy,238.2514,WIN,0.85,2.63,5.1
2026-05-15 06:10,ETHUSDT,buy,238.6642,WIN,0.59,2.8,5.0
2026-05-15 06:11,ETHUSDT,buy,239.0405,WIN,0.52,2.95,5.12
2026-05-15 07:07,ETHUSDT,sell,236.8824,LOSS,0.58,5.71,2.07
2026-05-15 07:10,ETHUSDT,sell,236.4626,LOSS,0.6,5.9,1.89
2026-05-15 07:13,ETHUSDT,sell,235.6087,LOSS,0.64,6.28,1.54
2026-05-15 07:20,ETHUSDT,sell,234.498,LOSS,0.67,6.79,1.07
2026-05-15 07:21,ETHUSDT,sell,234.1696,LOSS,0.81,6.94,0.93
2026-05-15 07:29,ETHUSDT,sell,233.6024,LOSS,0.57,7.2,0.69
2026-05-15 07:31,ETHUSDT,sell,232.7087,LOSS,0.95,5.06,0.31
2026-05-15 07:34,ETHUSDT,sell,232.2122,LOSS,0.78,5.03,0.0
2026-05-15 07:35,ETHUSDT,buy,238.255,WIN,2.7,0.14,5.1
2026-05-15 07:44,ETHUSDT,buy,239.4225,WIN,0.56,0.63,5.22
2026-05-15 07:45,ETHUSDT,buy,239.6191,WIN,0.65,0.71,5.13
2026-05-15 07:46,ETHUSDT,buy,240.3971,WIN,0.97,1.03,5.06
2026-05-15 07:52,ETHUSDT,buy,241.1417,WIN,0.58,1.34,5.03
2026-05-15 08:15,ETHUSDT,buy,240.9822,WIN,0.49,1.27,5.04
2026-05-15 08:17,ETHUSDT,buy,241.7432,WIN,0.81,1.58,5.15
2026-05-15 08:20,ETHUSDT,buy,242.4513,WIN,0.73,1.87,5.03
2026-05-15 08:38,ETHUSDT,sell,239.0969,LOSS,0.77,5.09,0.49
2026-05-15 08:39,ETHUSDT,sell,238.9336,LOSS,0.73,5.17,0.43
2026-05-15 08:42,ETHUSDT,sell,237.9207,LOSS,0.69,5.25,0.0
2026-05-15 08:58,ETHUSDT,buy,239.9525,WIN,0.83,0.51,5.06
2026-05-15 09:18,ETHUSDT,buy,240.4392,WIN,0.53,0.06,5.05
2026-05-15 09:19,ETHUSDT,buy,240.7216,WIN,0.65,0.0,5.06
2026-05-15 09:20,ETHUSDT,buy,241.5567,WIN,1.0,0.22,5.02
2026-05-15 09:35,ETHUSDT,buy,242.742,WIN,0.72,0.28,5.08
2026-05-15 09:37,ETHUSDT,buy,243.4667,WIN,0.92,0.57,5.3
2026-05-15 09:52,ETHUSDT,buy,244.3657,WIN,0.55,0.86,5.05
2026-05-15 10:20,ETHUSDT,sell,243.3333,LOSS,0.51,5.35,0.44
2026-05-15 10:30,ETHUSDT,sell,243.0198,LOSS,0.64,5.09,0.31
2026-05-15 10:54,ETHUSDT,buy,243.6226,WIN,0.39,0.0,5.23
2026-05-15 10:55,ETHUSDT,buy,250.2946,WIN,3.11,0.85,5.11
2026-05-15 10:57,ETHUSDT,buy,250.5365,WIN,3.15,0.95,5.01
2026-05-15 11:15,ETHUSDT,sell,248.7788,LOSS,0.55,5.3,0.25
2026-05-15 11:27,ETHUSDT,buy,250.5251,WIN,0.46,0.07,5.02
2026-05-15 11:28,ETHUSDT,buy,250.7195,WIN,0.39,0.0,6.04
2026-05-15 11:29,ETHUSDT,buy,251.1562,WIN,0.57,0.09,5.85
2026-05-15 11:30,ETHUSDT,buy,251.4634,WIN,0.69,0.21,5.72
2026-05-15 11:35,ETHUSDT,buy,252.4084,WIN,0.58,0.45,5.33
2026-05-15 11:38,ETHUSDT,buy,252.777,WIN,0.73,0.6,5.17
2026-05-15 11:42,ETHUSDT,buy,253.0533,WIN,0.27,0.71,5.06
2026-05-15 12:13,ETHUSDT,buy,253.3706,WIN,0.84,0.06,5.23
2026-05-15 12:16,ETHUSDT,buy,253.8902,WIN,0.54,0.23,5.01
2026-05-15 12:26,ETHUSDT,buy,254.8968,WIN,0.35,0.37,5.05
2026-05-15 12:34,ETHUSDT,buy,255.9125,WIN,0.77,0.66,5.2
2026-05-15 12:54,ETHUSDT,buy,257.33,WIN,0.8,0.26,5.01
2026-05-15 13:02,ETHUSDT,buy,257.8328,WIN,0.41,0.45,5.03
2026-05-15 13:09,ETHUSDT,buy,258.6561,WIN,0.44,0.77,5.05
2026-05-15 13:17,ETHUSDT,sell,256.7558,LOSS,0.8,5.1,0.03
2026-05-15 13:34,ETHUSDT,buy,259.868,WIN,0.76,0.31,5.19
2026-05-15 13:35,ETHUSDT,buy,260.2446,WIN,0.53,0.46,5.04
2026-05-15 13:44,ETHUSDT,buy,260.56,WIN,0.58,0.35,5.0
2026-05-15 13:46,ETHUSDT,buy,261.7265,WIN,1.03,0.79,5.1
2026-05-15 13:51,ETHUSDT,buy,262.6767,WIN,0.36,1.15,5.06
2026-05-15 14:07,ETHUSDT,sell,260.3486,LOSS,0.27,5.09,0.27
2026-05-15 14:08,ETHUSDT,sell,260.0055,LOSS,0.4,5.14,0.14
2026-05-15 14:09,ETHUSDT,sell,259.8095,LOSS,0.46,5.22,0.04
2026-05-15 14:15,ETHUSDT,buy,265.4572,WIN,2.14,2.17,6.1
2026-05-15 14:41,ETHUSDT,sell,261.584,LOSS,0.66,5.05,0.72
2026-05-15 14:55,ETHUSDT,sell,260.8577,LOSS,0.48,5.35,0.44
2026-05-15 15:02,ETHUSDT,buy,263.3507,WIN,0.94,1.38,6.95
2026-05-15 15:03,ETHUSDT,buy,263.8489,WIN,1.12,1.57,6.75
2026-05-15 15:25,ETHUSDT,sell,262.1286,LOSS,0.43,5.11,0.92
2026-05-15 15:28,ETHUSDT,sell,261.6298,LOSS,0.47,5.04,0.74
2026-05-15 15:33,ETHUSDT,buy,263.4822,WIN,0.74,1.43,6.9
2026-05-15 15:37,ETHUSDT,buy,263.9749,WIN,0.47,1.62,6.7
2026-05-15 15:39,ETHUSDT,buy,264.9773,WIN,0.79,1.99,6.3
2026-05-15 15:43,ETHUSDT,buy,265.22,WIN,0.43,2.08,6.2
2026-05-15 15:45,ETHUSDT,buy,265.7349,WIN,0.54,2.27,5.99
2026-05-15 16:07,ETHUSDT,buy,266.9192,WIN,0.51,2.7,5.52
2026-05-15 16:08,ETHUSDT,buy,267.1201,WIN,0.59,2.78,5.44
2026-05-15 16:29,ETHUSDT,sell,265.4768,LOSS,0.79,6.1,2.17
2026-05-15 16:30,ETHUSDT,sell,265.2011,LOSS,0.89,6.21,2.07
2026-05-15 16:41,ETHUSDT,sell,264.7593,LOSS,0.48,6.38,1.91
2026-05-15 16:52,ETHUSDT,sell,263.7244,LOSS,0.54,6.8,1.52
2026-05-15 16:55,ETHUSDT,sell,263.3507,LOSS,0.45,6.95,1.38
2026-05-15 17:12,ETHUSDT,sell,262.5942,LOSS,0.62,5.09,1.1
2026-05-15 17:13,ETHUSDT,sell,262.165,LOSS,0.78,5.09,0.94
2026-05-15 17:14,ETHUSDT,sell,261.4623,LOSS,0.99,5.1,0.67
2026-05-15 17:15,ETHUSDT,sell,261.0816,LOSS,1.14,5.26,0.53
2026-05-15 17:16,ETHUSDT,sell,260.5502,LOSS,1.34,5.01,0.32
2026-05-15 17:33,ETHUSDT,buy,262.4787,WIN,0.8,0.24,5.14
2026-05-15 17:35,ETHUSDT,buy,268.3072,WIN,2.89,0.48,5.36
2026-05-15 17:36,ETHUSDT,buy,268.6477,WIN,2.84,0.6,5.23
2026-05-15 18:00,ETHUSDT,sell,267.2982,LOSS,0.67,5.37,0.1
2026-05-15 18:17,ETHUSDT,buy,269.1019,WIN,0.71,0.75,5.05
2026-05-15 18:18,ETHUSDT,buy,270.0532,WIN,1.06,1.1,5.02
2026-05-15 18:50,ETHUSDT,sell,267.5091,LOSS,0.49,5.29,0.15
2026-05-15 18:51,ETHUSDT,sell,267.3346,LOSS,0.55,5.36,0.06
2026-05-15 19:10,ETHUSDT,buy,269.4552,WIN,0.44,0.41,5.01
2026-05-15 19:19,ETHUSDT,buy,270.2418,WIN,0.47,0.7,5.15
2026-05-15 19:22,ETHUSDT,buy,271.0631,WIN,0.71,1.0,5.22
2026-05-15 19:23,ETHUSDT,buy,271.3839,WIN,0.82,1.11,5.1
2026-05-15 19:24,ETHUSDT,buy,271.5033,WIN,0.54,1.16,5.05
2026-05-15 19:59,ETHUSDT,buy,272.1914,WIN,0.74,0.0,5.1
2026-05-15 20:00,ETHUSDT,buy,272.6882,WIN,0.92,0.11,5.31
2026-05-15 20:01,ETHUSDT,buy,273.267,WIN,0.89,0.32,5.09
2026-05-08 23:32,SOLUSDT,sell,99.944,LOSS,0.65,5.19,0.92
2026-05-08 23:35,SOLUSDT,sell,99.4687,LOSS,0.95,5.05,0.45
2026-05-09 00:28,SOLUSDT,buy,100.6024,WIN,0.71,1.57,6.62
2026-05-09 00:35,SOLUSDT,sell,99.7171,LOSS,0.74,5.18,0.69
2026-05-09 01:03,SOLUSDT,buy,99.9375,WIN,0.36,0.91,5.19
2026-05-09 01:04,SOLUSDT,buy,100.0244,WIN,0.45,1.0,5.1
2026-05-09 01:10,SOLUSDT,buy,100.2733,WIN,0.54,1.25,6.97
2026-05-09 01:20,SOLUSDT,sell,99.5739,LOSS,0.56,5.33,0.55
2026-05-09 01:36,SOLUSDT,buy,101.7518,WIN,2.05,2.68,5.41
2026-05-09 01:42,SOLUSDT,buy,101.8513,WIN,0.38,2.78,5.31
2026-05-09 01:52,SOLUSDT,buy,102.082,WIN,0.56,3.0,5.07
2026-05-09 01:53,SOLUSDT,buy,102.135,WIN,0.61,3.05,5.02
2026-05-09 01:56,SOLUSDT,buy,102.2486,WIN,0.45,3.15,5.24
2026-05-09 02:03,SOLUSDT,buy,102.3941,WIN,0.53,3.29,5.09
2026-05-09 02:14,SOLUSDT,buy,102.6624,WIN,0.57,3.54,5.03
2026-05-09 02:15,SOLUSDT,buy,102.7403,WIN,0.45,3.62,5.13
2026-05-09 02:17,SOLUSDT,buy,102.9415,WIN,0.64,3.81,5.12
2026-05-09 02:39,SOLUSDT,sell,102.2863,LOSS,0.58,5.2,3.19
2026-05-09 02:42,SOLUSDT,sell,102.1643,LOSS,0.56,5.32,3.07
2026-05-09 02:58,SOLUSDT,sell,101.9267,LOSS,0.35,5.23,2.85
2026-05-09 02:59,SOLUSDT,sell,101.5388,LOSS,0.73,5.63,2.48
2026-05-09 03:19,SOLUSDT,sell,101.1497,LOSS,0.54,6.04,2.1
2026-05-09 03:20,SOLUSDT,sell,100.9869,LOSS,0.7,6.21,1.94
2026-05-09 03:21,SOLUSDT,sell,100.8906,LOSS,0.8,6.31,1.85
2026-05-09 03:22,SOLUSDT,sell,100.6159,LOSS,1.07,6.6,1.58
2026-05-09 03:23,SOLUSDT,sell,100.4179,LOSS,1.03,6.81,1.39
2026-05-09 03:35,SOLUSDT,sell,100.1181,LOSS,0.33,5.0,1.09
2026-05-09 03:36,SOLUSDT,sell,99.9979,LOSS,0.45,5.13,0.97
2026-05-09 03:39,SOLUSDT,sell,99.8655,LOSS,0.48,5.02,0.84
2026-05-09 03:51,SOLUSDT,sell,99.4397,LOSS,0.45,5.08,0.42
2026-05-09 03:52,SOLUSDT,sell,99.1921,LOSS,0.69,5.02,0.17
2026-05-09 03:53,SOLUSDT,sell,99.0619,LOSS,0.73,5.11,0.0
2026-05-09 04:06,SOLUSDT,buy,99.9908,WIN,0.5,0.66,5.14
2026-05-09 04:38,SOLUSDT,buy,100.3191,WIN,0.45,0.43,6.92
2026-05-09 04:56,SOLUSDT,buy,102.4339,WIN,1.98,0.39,5.05
2026-05-09 04:57,SOLUSDT,buy,102.4821,WIN,2.03,0.43,5.08
2026-05-09 04:58,SOLUSDT,buy,102.7776,WIN,2.29,0.72,5.09
2026-05-09 05:41,SOLUSDT,buy,102.8632,WIN,0.81,0.0,5.01
2026-05-09 05:47,SOLUSDT,buy,103.435,WIN,0.54,0.29,5.01
2026-05-09 05:51,SOLUSDT,buy,103.6073,WIN,0.37,0.46,5.25
2026-05-09 06:12,SOLUSDT,buy,103.6963,WIN,0.5,0.54,5.16
2026-05-09 06:13,SOLUSDT,buy,103.9365,WIN,0.64,0.77,5.07
2026-05-09 06:28,SOLUSDT,buy,104.2848,WIN,0.69,1.11,5.14
2026-05-09 06:30,SOLUSDT,buy,104.4569,WIN,0.5,1.27,5.0
2026-05-09 06:31,SOLUSDT,buy,104.6987,WIN,0.72,1.5,5.01
2026-05-09 06:32,SOLUSDT,buy,104.9098,WIN,0.78,1.69,5.03
2026-05-09 06:33,SOLUSDT,buy,105.109,WIN,0.9,1.88,5.17
2026-05-09 07:00,SOLUSDT,sell,104.2953,LOSS,0.41,5.13,1.12
2026-05-09 07:03,SOLUSDT,sell,104.1571,LOSS,0.47,5.05,0.98
2026-05-09 07:04,SOLUSDT,sell,103.9781,LOSS,0.46,5.03,0.81
2026-05-09 07:07,SOLUSDT,sell,103.7013,LOSS,0.66,5.16,0.55
2026-05-09 07:15,SOLUSDT,buy,104.7329,WIN,0.67,1.53,5.21
2026-05-09 07:29,SOLUSDT,sell,103.4333,LOSS,0.58,5.01,0.29
2026-05-09 07:41,SOLUSDT,buy,104.1529,WIN,0.68,0.26,5.05
2026-05-09 07:42,SOLUSDT,buy,104.3165,WIN,0.66,0.41,5.11
2026-05-09 07:57,SOLUSDT,buy,104.5474,WIN,0.51,0.35,5.16
2026-05-09 08:02,SOLUSDT,buy,104.6457,WIN,0.38,0.45,5.06
2026-05-09 08:03,SOLUSDT,buy,104.7449,WIN,0.47,0.54,5.2
2026-05-09 08:16,SOLUSDT,buy,107.2529,WIN,2.95,0.04,5.14
2026-05-09 08:17,SOLUSDT,buy,107.4595,WIN,3.04,0.23,5.17
2026-05-09 08:19,SOLUSDT,buy,107.7371,WIN,3.3,0.49,5.04
2026-05-09 08:21,SOLUSDT,buy,107.8621,WIN,0.61,0.6,5.18
2026-05-09 08:22,SOLUSDT,buy,108.1857,WIN,0.84,0.9,5.04
2026-05-09 08:47,SOLUSDT,buy,108.0906,WIN,0.32,0.81,5.04
2026-05-09 08:58,SOLUSDT,sell,107.3495,LOSS,0.62,5.04,0.0
2026-05-09 09:09,SOLUSDT,buy,108.4041,WIN,0.52,0.51,7.02
2026-05-09 09:25,SOLUSDT,buy,108.9328,WIN,0.56,0.99,6.5
2026-05-09 09:29,SOLUSDT,buy,109.2756,WIN,0.67,1.3,6.16
2026-05-09 09:53,SOLUSDT,sell,108.6217,LOSS,0.73,6.8,0.71
2026-05-09 10:00,SOLUSDT,sell,108.5289,LOSS,0.44,6.89,0.63
2026-05-09 10:02,SOLUSDT,sell,108.2503,LOSS,0.69,5.05,0.37
2026-05-09 10:17,SOLUSDT,buy,109.0775,WIN,0.8,1.13,6.36
2026-05-09 10:30,SOLUSDT,sell,108.0775,LOSS,0.81,5.05,0.21
2026-05-09 10:56,SOLUSDT,buy,109.1476,WIN,0.73,0.0,6.29
2026-05-09 10:57,SOLUSDT,buy,109.3404,WIN,0.91,0.18,6.1
2026-05-09 10:59,SOLUSDT,buy,109.5272,WIN,0.97,0.35,5.92
2026-05-09 11:01,SOLUSDT,buy,109.5646,WIN,0.5,0.38,5.88
2026-05-09 11:04,SOLUSDT,buy,109.8476,WIN,0.64,0.51,5.61
2026-05-09 11:05,SOLUSDT,buy,110.0827,WIN,0.86,0.72,5.38
2026-05-09 11:08,SOLUSDT,buy,110.4812,WIN,1.09,1.08,5.0
2026-05-09 11:09,SOLUSDT,buy,110.5877,WIN,0.74,1.18,5.04
2026-05-09 11:14,SOLUSDT,buy,110.6653,WIN,0.51,1.24,5.17
2026-05-09 11:24,SOLUSDT,sell,109.5613,LOSS,0.76,5.89,0.25
2026-05-09 11:36,SOLUSDT,buy,112.6613,WIN,2.85,1.46,5.23
2026-05-09 11:37,SOLUSDT,buy,112.9066,WIN,3.08,1.68,5.0
2026-05-09 11:53,SOLUSDT,buy,113.0581,WIN,0.54,1.81,5.05
2026-05-09 12:03,SOLUSDT,buy,113.3444,WIN,0.51,2.06,5.12
2026-05-09 12:35,SOLUSDT,sell,112.3856,LOSS,0.35,5.49,1.22
2026-05-09 12:37,SOLUSDT,sell,111.9869,LOSS,0.71,5.07,0.69
2026-05-09 12:45,SOLUSDT,sell,111.6378,LOSS,0.72,5.15,0.38
2026-05-09 13:05,SOLUSDT,buy,112.5399,WIN,0.59,1.36,5.34
2026-05-09 13:06,SOLUSDT,buy,112.6078,WIN,0.65,1.42,5.28
2026-05-09 13:12,SOLUSDT,buy,112.689,WIN,0.62,1.49,5.2
2026-05-09 13:19,SOLUSDT,buy,112.9179,WIN,0.61,1.69,5.18
2026-05-09 13:44,SOLUSDT,buy,112.9913,WIN,0.54,1.75,5.11
2026-05-09 13:59,SOLUSDT,buy,113.1171,WIN,0.42,1.86,5.21
2026-05-09 14:05,SOLUSDT,buy,113.281,WIN,0.28,2.0,5.06
2026-05-09 14:16,SOLUSDT,sell,112.4799,LOSS,0.68,5.4,1.31
2026-05-09 14:34,SOLUSDT,buy,113.2958,WIN,0.62,2.02,5.04
2026-05-09 14:45,SOLUSDT,buy,113.6483,WIN,0.72,2.32,5.05
2026-05-09 14:56,SOLUSDT,buy,115.8991,WIN,2.65,4.22,6.63
2026-05-09 14:58,SOLUSDT,buy,116.0121,WIN,2.75,4.31,6.53
2026-05-09 15:11,SOLUSDT,buy,116.1972,WIN,0.54,4.46,6.36
2026-05-09 15:13,SOLUSDT,buy,116.5737,WIN,0.68,4.77,6.02
2026-05-09 15:14,SOLUSDT,buy,116.8838,LOSS,0.95,5.0,0.67
2026-05-09 15:30,SOLUSDT,buy,117.2769,LOSS,0.51,5.06,0.33
2026-05-09 15:35,SOLUSDT,sell,116.4463,LOSS,0.8,6.13,4.67
2026-05-09 15:36,SOLUSDT,sell,116.2041,LOSS,0.72,6.35,4.47
2026-05-09 16:27,SOLUSDT,buy,117.2716,LOSS,0.49,5.06,0.34
2026-05-09 16:28,SOLUSDT,buy,117.44,LOSS,0.63,5.07,0.19
2026-05-09 16:36,SOLUSDT,sell,116.3911,LOSS,0.77,6.18,4.62
2026-05-09 16:38,SOLUSDT,sell,116.2611,LOSS,0.62,6.3,4.52
2026-05-09 16:39,SOLUSDT,sell,115.9216,LOSS,0.91,6.61,4.24
2026-05-09 16:40,SOLUSDT,sell,115.7576,LOSS,0.92,6.77,4.1
2026-05-09 16:41,SOLUSDT,sell,115.4591,LOSS,0.94,7.04,3.85
2026-05-09 16:53,SOLUSDT,sell,115.2664,LOSS,0.59,7.22,3.69
2026-05-09 17:09,SOLUSDT,buy,116.0558,WIN,0.43,4.35,6.49
2026-05-09 17:41,SOLUSDT,sell,115.2706,LOSS,0.5,7.22,3.7
2026-05-09 17:42,SOLUSDT,sell,115.2219,LOSS,0.53,7.26,3.65
2026-05-09 17:43,SOLUSDT,sell,115.0438,LOSS,0.68,7.43,3.51
2026-05-09 17:50,SOLUSDT,sell,114.8303,LOSS,0.46,5.05,3.33
2026-05-09 17:51,SOLUSDT,sell,114.652,LOSS,0.62,5.03,3.18
2026-05-09 17:52,SOLUSDT,sell,114.5234,LOSS,0.73,5.09,3.07
2026-05-09 17:53,SOLUSDT,sell,114.2331,LOSS,0.79,5.02,2.82
2026-05-09 18:16,SOLUSDT,buy,116.7781,WIN,2.8,4.94,5.83
2026-05-09 18:17,SOLUSDT,buy,117.0938,LOSS,2.84,5.17,0.35
2026-05-09 18:21,SOLUSDT,buy,117.3079,LOSS,0.58,5.0,0.07
2026-05-09 18:49,SOLUSDT,sell,115.7788,LOSS,0.96,6.75,4.12
2026-05-09 18:51,SOLUSDT,sell,115.5792,LOSS,1.13,6.93,3.95
2026-05-09 18:53,SOLUSDT,sell,115.4288,LOSS,0.67,7.07,3.83
2026-05-09 19:01,SOLUSDT,sell,115.2395,LOSS,0.74,7.24,3.67
2026-05-09 19:02,SOLUSDT,sell,114.8787,LOSS,1.05,5.0,3.37
2026-05-09 19:03,SOLUSDT,sell,114.7487,LOSS,1.16,5.12,3.26
2026-05-09 19:04,SOLUSDT,sell,114.4559,LOSS,1.41,5.15,3.01
2026-05-09 19:05,SOLUSDT,sell,114.1534,LOSS,1.55,5.0,2.75
2026-05-09 19:10,SOLUSDT,sell,113.7816,LOSS,0.51,5.11,2.43
2026-05-09 19:23,SOLUSDT,sell,113.6104,LOSS,0.89,5.09,2.29
2026-05-09 19:25,SOLUSDT,sell,113.2695,LOSS,0.88,5.07,1.99
2026-05-09 19:32,SOLUSDT,sell,113.1338,LOSS,0.4,5.19,1.88
2026-05-09 19:57,SOLUSDT,sell,113.0802,LOSS,0.62,5.02,1.83
2026-05-09 19:59,SOLUSDT,sell,112.9922,LOSS,0.35,5.11,1.75
2026-05-09 20:00,SOLUSDT,sell,112.8586,LOSS,0.43,5.04,1.64
2026-05-09 20:16,SOLUSDT,sell,112.5745,LOSS,0.5,5.31,1.39
2026-05-09 20:17,SOLUSDT,sell,112.4006,LOSS,0.59,5.47,1.24
2026-05-09 20:35,SOLUSDT,buy,113.3115,WIN,0.4,2.03,5.03
2026-05-09 20:48,SOLUSDT,sell,112.7436,LOSS,0.37,5.15,1.54
2026-05-09 20:49,SOLUSDT,sell,112.429,LOSS,0.65,5.45,1.26
2026-05-09 20:52,SOLUSDT,sell,111.9993,LOSS,0.86,5.85,0.88
2026-05-09 20:57,SOLUSDT,sell,111.6836,LOSS,0.49,6.15,0.6
2026-05-09 21:07,SOLUSDT,sell,111.3148,LOSS,0.57,6.5,0.27
2026-05-09 21:28,SOLUSDT,buy,111.592,WIN,0.49,0.35,6.24
2026-05-09 21:31,SOLUSDT,buy,111.8283,WIN,0.65,0.56,6.01
2026-05-09 21:36,SOLUSDT,buy,114.7043,WIN,3.15,1.86,5.01
2026-05-09 22:11,SOLUSDT,buy,113.8389,WIN,0.29,1.11,5.06
2026-05-09 22:28,SOLUSDT,sell,112.852,LOSS,0.41,5.05,0.13
2026-05-09 22:35,SOLUSDT,buy,113.648,WIN,0.56,0.16,5.05
2026-05-09 22:36,SOLUSDT,buy,113.8387,WIN,0.68,0.33,5.06
2026-05-09 22:45,SOLUSDT,buy,114.2895,WIN,0.73,0.64,5.12
2026-05-09 22:55,SOLUSDT,buy,114.5887,WIN,0.39,0.9,5.03
2026-05-09 22:59,SOLUSDT,buy,114.851,WIN,0.48,1.13,5.03
2026-05-09 23:29,SOLUSDT,sell,114.0615,LOSS,0.77,5.09,0.44
2026-05-09 23:33,SOLUSDT,sell,113.8488,LOSS,0.6,5.05,0.26
2026-05-09 23:34,SOLUSDT,sell,113.7606,LOSS,0.67,5.13,0.18
2026-05-09 23:45,SOLUSDT,buy,114.9542,WIN,0.49,0.12,7.51
2026-05-09 23:47,SOLUSDT,buy,115.2615,WIN,0.64,0.39,7.22
2026-05-09 23:48,SOLUSDT,buy,115.5932,WIN,0.9,0.67,6.92
2026-05-10 00:10,SOLUSDT,buy,115.7259,WIN,0.34,0.72,6.79
2026-05-10 00:22,SOLUSDT,sell,115.2617,LOSS,0.29,7.22,0.32
2026-05-10 00:24,SOLUSDT,sell,115.0765,LOSS,0.45,7.4,0.16
2026-05-10 00:34,SOLUSDT,buy,115.7627,WIN,0.38,0.66,6.76
2026-05-10 00:56,SOLUSDT,buy,118.3938,WIN,2.91,0.49,7.6
2026-05-10 00:57,SOLUSDT,buy,118.6802,WIN,3.16,0.73,7.34
2026-05-10 01:26,SOLUSDT,sell,118.1596,LOSS,0.54,7.82,0.26
2026-05-10 01:27,SOLUSDT,sell,117.9456,LOSS,0.72,8.01,0.0
2026-05-10 01:42,SOLUSDT,buy,119.5272,WIN,0.55,1.22,6.58
2026-05-10 01:49,SOLUSDT,sell,118.074,LOSS,0.93,7.89,0.0
2026-05-10 02:13,SOLUSDT,buy,119.0261,WIN,0.62,0.54,7.03
2026-05-10 02:15,SOLUSDT,buy,119.4134,WIN,0.93,0.86,6.68
2026-05-10 02:16,SOLUSDT,buy,119.4811,WIN,0.89,0.91,6.62
2026-05-10 02:46,SOLUSDT,buy,119.8358,WIN,0.61,1.01,6.31
2026-05-10 02:48,SOLUSDT,buy,119.9258,WIN,0.62,1.09,6.23
2026-05-10 03:35,SOLUSDT,sell,119.353,LOSS,0.6,6.74,0.61
2026-05-10 03:36,SOLUSDT,sell,119.0052,LOSS,0.83,7.05,0.32
2026-05-10 03:41,SOLUSDT,sell,118.7193,LOSS,0.49,7.31,0.08
2026-05-10 03:53,SOLUSDT,buy,119.9479,WIN,0.45,0.38,6.21
2026-05-10 03:56,SOLUSDT,buy,120.2519,WIN,0.57,0.63,5.94
2026-05-10 03:59,SOLUSDT,buy,120.4952,WIN,0.55,0.83,5.73
2026-05-10 04:16,SOLUSDT,buy,123.5846,WIN,3.42,2.91,6.82
2026-05-10 04:37,SOLUSDT,sell,121.4252,LOSS,0.76,5.01,1.19
2026-05-10 04:39,SOLUSDT,sell,121.3719,LOSS,0.44,5.06,1.14
2026-05-10 04:42,SOLUSDT,sell,121.2423,LOSS,0.43,5.08,1.04
2026-05-10 04:45,SOLUSDT,sell,121.0303,LOSS,0.54,5.26,0.86
2026-05-10 04:46,SOLUSDT,sell,120.8566,LOSS,0.53,5.41,0.72
2026-05-10 05:22,SOLUSDT,sell,120.4325,LOSS,0.58,5.78,0.37
2026-05-10 05:23,SOLUSDT,sell,120.1291,LOSS,0.81,6.05,0.12
2026-05-10 05:36,SOLUSDT,buy,121.4256,WIN,0.92,0.68,5.01
2026-05-10 05:40,SOLUSDT,buy,121.7273,WIN,0.54,0.93,5.1
2026-05-10 05:41,SOLUSDT,buy,121.7958,WIN,0.59,0.99,5.04
2026-05-10 05:55,SOLUSDT,sell,120.9161,LOSS,0.73,5.36,0.27
2026-05-10 06:10,SOLUSDT,buy,122.2503,WIN,0.67,0.95,5.09
2026-05-10 06:32,SOLUSDT,buy,122.1565,WIN,0.33,0.26,5.17
2026-05-10 06:33,SOLUSDT,buy,122.2451,WIN,0.4,0.34,5.09
2026-05-10 06:34,SOLUSDT,buy,122.4623,WIN,0.53,0.51,5.17
2026-05-10 06:36,SOLUSDT,buy,122.8092,WIN,0.76,0.79,5.01
2026-05-10 06:40,SOLUSDT,buy,123.1183,WIN,0.64,1.04,7.23
2026-05-10 06:47,SOLUSDT,buy,123.2474,WIN,0.56,1.15,7.11
2026-05-10 06:49,SOLUSDT,buy,123.3286,WIN,0.62,1.21,7.04
2026-05-10 07:07,SOLUSDT,sell,122.6011,LOSS,0.5,5.05,0.62
2026-05-10 07:11,SOLUSDT,sell,122.2144,LOSS,0.47,5.12,0.31
2026-05-10 07:12,SOLUSDT,sell,122.0287,LOSS,0.62,5.06,0.0
2026-05-10 07:34,SOLUSDT,buy,123.3704,WIN,0.58,0.0,7.01
2026-05-10 07:35,SOLUSDT,buy,123.5577,WIN,0.73,0.0,6.85
2026-05-10 07:36,SOLUSDT,buy,127.1203,WIN,3.46,2.63,5.65
2026-05-10 08:11,SOLUSDT,sell,125.5553,LOSS,0.49,5.15,1.41
2026-05-10 08:12,SOLUSDT,sell,125.1853,LOSS,0.78,5.46,1.12
2026-05-10 08:20,SOLUSDT,buy,126.4427,WIN,0.42,2.1,6.21
2026-05-10 08:43,SOLUSDT,sell,125.1834,LOSS,0.42,5.46,1.12
2026-05-10 09:00,SOLUSDT,buy,126.0615,WIN,0.39,1.81,6.53
2026-05-10 09:28,SOLUSDT,buy,126.5043,WIN,0.56,2.15,6.16
2026-05-10 09:30,SOLUSDT,buy,126.555,WIN,0.32,2.19,6.12
2026-05-10 09:45,SOLUSDT,buy,126.6828,WIN,0.97,2.29,6.01
2026-05-10 10:00,SOLUSDT,buy,126.8233,WIN,0.62,2.4,5.89
2026-05-10 10:09,SOLUSDT,sell,125.9909,LOSS,0.59,6.59,1.75
2026-05-10 10:24,SOLUSDT,sell,125.7224,LOSS,0.6,5.01,1.54
2026-05-10 10:28,SOLUSDT,sell,125.6419,LOSS,0.39,5.07,1.48
2026-05-10 10:31,SOLUSDT,sell,125.4885,LOSS,0.52,5.2,1.36
2026-05-10 10:32,SOLUSDT,sell,125.2432,LOSS,0.68,5.41,1.17
2026-05-10 10:34,SOLUSDT,sell,124.8346,LOSS,0.74,5.75,0.84
2026-05-10 10:38,SOLUSDT,sell,124.4315,LOSS,0.74,6.1,0.52
2026-05-10 10:39,SOLUSDT,sell,124.2659,LOSS,0.68,6.24,0.39
2026-05-10 10:45,SOLUSDT,sell,124.1692,LOSS,0.36,6.32,0.31
2026-05-10 10:46,SOLUSDT,sell,124.0655,LOSS,0.44,6.41,0.23
2026-05-10 10:52,SOLUSDT,sell,123.8828,LOSS,0.31,6.57,0.08
2026-05-10 10:53,SOLUSDT,sell,123.8389,LOSS,0.35,6.6,0.0
2026-05-10 10:56,SOLUSDT,buy,126.2065,WIN,1.96,0.76,6.41
2026-05-10 10:59,SOLUSDT,buy,126.4813,WIN,2.0,0.98,6.18
2026-05-10 11:36,SOLUSDT,sell,125.4926,LOSS,0.48,5.2,0.0
2026-05-10 11:45,SOLUSDT,buy,126.3594,WIN,0.5,0.28,6.28
2026-05-10 11:46,SOLUSDT,buy,126.7377,WIN,0.66,0.58,5.97
2026-05-10 11:51,SOLUSDT,buy,127.0348,WIN,0.57,0.81,5.72
2026-05-10 11:52,SOLUSDT,buy,127.1785,WIN,0.69,0.92,5.6
2026-05-10 11:53,SOLUSDT,buy,127.2305,WIN,0.73,0.96,5.56
2026-05-10 11:54,SOLUSDT,buy,127.4396,WIN,0.89,1.13,5.38
2026-05-10 11:56,SOLUSDT,buy,127.6727,WIN,0.58,1.31,5.19
2026-05-10 11:57,SOLUSDT,buy,127.7896,WIN,0.58,1.4,5.09
2026-05-10 12:09,SOLUSDT,buy,127.9904,WIN,0.63,1.55,5.24
2026-05-10 12:15,SOLUSDT,sell,126.9057,LOSS,0.82,5.83,0.71
2026-05-10 12:16,SOLUSDT,sell,126.6585,LOSS,0.75,6.03,0.52
2026-05-10 12:30,SOLUSDT,sell,126.5273,LOSS,0.36,6.14,0.41
2026-05-10 12:33,SOLUSDT,sell,126.0311,LOSS,0.56,6.56,0.02
2026-05-10 12:52,SOLUSDT,buy,127.1849,WIN,0.44,0.49,5.59
2026-05-10 12:53,SOLUSDT,buy,127.361,WIN,0.58,0.63,5.45
2026-05-10 12:55,SOLUSDT,buy,127.6072,WIN,0.71,0.82,5.24
2026-05-10 12:56,SOLUSDT,buy,127.7812,WIN,0.84,0.95,5.1
2026-05-10 13:41,SOLUSDT,buy,127.8595,WIN,0.59,0.57,5.04
2026-05-10 13:42,SOLUSDT,buy,127.9872,WIN,0.5,0.67,5.24
2026-05-10 14:02,SOLUSDT,buy,128.6645,WIN,0.82,0.44,5.02
2026-05-10 14:03,SOLUSDT,buy,128.8494,WIN,0.89,0.58,5.93
2026-05-10 14:16,SOLUSDT,buy,131.6183,WIN,2.74,2.35,5.11
2026-05-10 14:37,SOLUSDT,sell,130.6859,LOSS,0.38,5.02,1.65
2026-05-10 14:38,SOLUSDT,sell,130.4118,LOSS,0.59,5.24,1.44
2026-05-10 14:40,SOLUSDT,sell,130.1799,LOSS,0.76,5.07,1.27
2026-05-10 14:41,SOLUSDT,sell,129.8732,LOSS,0.81,5.09,1.04
2026-05-10 14:42,SOLUSDT,sell,129.642,LOSS,0.93,5.28,0.86
2026-05-10 14:43,SOLUSDT,sell,129.5791,LOSS,0.87,5.33,0.81
2026-05-10 15:03,SOLUSDT,buy,130.4829,WIN,0.86,1.5,5.18
2026-05-10 15:52,SOLUSDT,sell,128.676,LOSS,0.66,5.01,0.0
2026-05-10 16:12,SOLUSDT,buy,129.7315,WIN,0.48,0.69,5.21
2026-05-10 16:13,SOLUSDT,buy,129.9132,WIN,0.62,0.83,5.06
2026-05-10 16:16,SOLUSDT,buy,130.0901,WIN,0.55,0.97,5.14
2026-05-10 16:29,SOLUSDT,buy,130.2004,WIN,0.71,1.05,5.06
2026-05-10 16:30,SOLUSDT,buy,130.2469,WIN,0.74,1.09,5.02
2026-05-10 16:31,SOLUSDT,buy,130.4261,WIN,0.88,1.22,5.23
2026-05-10 17:05,SOLUSDT,buy,129.9442,WIN,0.72,0.85,5.04
2026-05-10 17:10,SOLUSDT,sell,128.9848,LOSS,0.81,5.82,0.12
2026-05-10 17:12,SOLUSDT,sell,128.8337,LOSS,0.62,5.94,0.0
2026-05-10 17:25,SOLUSDT,buy,130.2489,WIN,0.65,0.38,5.02
2026-05-10 17:34,SOLUSDT,buy,130.568,WIN,0.63,0.13,5.12
2026-05-10 17:36,SOLUSDT,buy,134.1411,WIN,3.38,2.76,5.15
2026-05-10 17:37,SOLUSDT,buy,134.5674,WIN,3.41,3.07,5.0
2026-05-10 17:40,SOLUSDT,buy,134.8963,WIN,3.45,3.31,5.0
2026-05-10 17:41,SOLUSDT,buy,135.0903,WIN,0.84,3.45,5.05
2026-05-10 18:00,SOLUSDT,sell,133.281,LOSS,0.38,5.01,2.14
2026-05-10 18:11,SOLUSDT,buy,134.0282,WIN,0.74,2.68,5.24
2026-05-10 18:22,SOLUSDT,sell,132.8286,LOSS,0.76,5.37,1.8
2026-05-10 19:06,SOLUSDT,buy,133.601,WIN,0.55,2.37,5.03
2026-05-10 19:32,SOLUSDT,sell,132.5339,LOSS,0.63,5.14,1.58
2026-05-10 19:36,SOLUSDT,sell,132.1836,LOSS,0.55,5.07,1.32
2026-05-10 19:38,SOLUSDT,sell,132.014,LOSS,0.46,5.09,1.2
2026-05-10 19:39,SOLUSDT,sell,131.6861,LOSS,0.67,5.06,0.95
2026-05-10 19:40,SOLUSDT,sell,131.5784,LOSS,0.72,5.15,0.87
2026-05-10 20:10,SOLUSDT,sell,130.7173,LOSS,0.69,5.01,0.22
2026-05-10 20:38,SOLUSDT,buy,131.4272,WIN,0.4,0.69,5.01
2026-05-10 20:56,SOLUSDT,buy,132.7934,WIN,1.61,1.08,5.4
2026-05-10 21:17,SOLUSDT,buy,132.8574,WIN,0.68,1.13,5.35
2026-05-10 21:36,SOLUSDT,buy,133.0533,WIN,0.51,1.27,5.19
2026-05-10 21:52,SOLUSDT,sell,131.8091,LOSS,0.55,5.11,0.34
2026-05-10 22:02,SOLUSDT,sell,131.6851,LOSS,0.86,5.06,0.25
2026-05-10 22:03,SOLUSDT,sell,131.5634,LOSS,0.81,5.16,0.0
2026-05-10 22:35,SOLUSDT,buy,132.9948,WIN,0.67,0.38,5.24
2026-05-10 22:37,SOLUSDT,buy,133.4475,WIN,0.82,0.72,5.15
2026-05-10 22:38,SOLUSDT,buy,133.7693,WIN,0.95,0.96,5.04
2026-05-10 22:44,SOLUSDT,buy,134.0444,WIN,0.36,1.16,5.23
2026-05-10 22:45,SOLUSDT,buy,134.146,WIN,0.43,1.23,5.15
2026-05-10 22:47,SOLUSDT,buy,134.4736,WIN,0.68,1.47,5.08
2026-05-10 23:05,SOLUSDT,buy,134.736,WIN,0.46,1.67,5.13
2026-05-10 23:08,SOLUSDT,buy,134.814,WIN,0.3,1.72,5.07
2026-05-10 23:22,SOLUSDT,sell,133.4002,LOSS,0.7,5.19,0.68
2026-05-11 00:05,SOLUSDT,buy,134.0959,WIN,0.44,1.2,5.19
2026-05-11 00:06,SOLUSDT,buy,134.1592,WIN,0.49,1.24,5.14
2026-05-11 00:14,SOLUSDT,sell,133.1554,LOSS,0.4,5.11,0.5
2026-05-11 00:16,SOLUSDT,buy,136.2101,WIN,2.34,2.73,5.16
2026-05-11 00:37,SOLUSDT,sell,134.546,LOSS,0.48,5.02,1.53
2026-05-11 01:14,SOLUSDT,sell,133.8857,LOSS,0.68,5.35,1.04
2026-05-11 01:15,SOLUSDT,sell,133.8005,LOSS,0.72,5.01,0.98
2026-05-11 01:29,SOLUSDT,buy,135.6723,WIN,0.48,2.34,5.12
2026-05-11 01:30,SOLUSDT,buy,135.7225,WIN,0.51,2.38,5.09
2026-05-11 01:31,SOLUSDT,buy,135.9695,WIN,0.7,2.56,5.08
2026-05-11 02:06,SOLUSDT,sell,134.2047,LOSS,0.82,5.1,1.28
2026-05-11 02:08,SOLUSDT,sell,133.997,LOSS,0.94,5.27,1.12
2026-05-11 02:09,SOLUSDT,sell,133.8623,LOSS,1.03,5.37,1.02
2026-05-11 02:10,SOLUSDT,sell,133.8072,LOSS,0.76,5.01,0.98
2026-05-11 03:08,SOLUSDT,sell,133.222,LOSS,0.46,5.06,0.55
2026-05-11 03:09,SOLUSDT,sell,133.0095,LOSS,0.62,5.23,0.39
2026-05-11 03:10,SOLUSDT,sell,132.9268,LOSS,0.68,5.29,0.33
2026-05-11 03:19,SOLUSDT,sell,132.698,LOSS,0.42,5.01,0.16
2026-05-11 03:22,SOLUSDT,sell,132.5324,LOSS,0.4,5.14,0.0
2026-05-11 03:36,SOLUSDT,buy,136.22,WIN,2.76,0.14,5.15
2026-05-11 03:41,SOLUSDT,buy,136.4073,WIN,0.28,0.23,5.01
2026-05-11 03:49,SOLUSDT,buy,136.5798,WIN,0.36,0.27,7.11
2026-05-11 03:54,SOLUSDT,buy,136.974,WIN,0.56,0.14,6.8
2026-05-11 04:04,SOLUSDT,buy,137.3635,WIN,0.42,0.41,6.5
2026-05-11 04:17,SOLUSDT,buy,137.5767,WIN,0.57,0.51,6.33
2026-05-11 04:18,SOLUSDT,buy,137.8432,WIN,0.56,0.7,6.13
2026-05-11 04:39,SOLUSDT,buy,137.9811,WIN,0.78,0.04,6.02
2026-05-11 04:40,SOLUSDT,buy,138.1372,WIN,0.9,0.15,5.9
2026-05-11 05:02,SOLUSDT,buy,139.2641,WIN,0.55,0.62,5.04
2026-05-11 05:07,SOLUSDT,buy,139.6081,WIN,0.59,0.86,5.22
2026-05-11 05:31,SOLUSDT,buy,139.6013,WIN,0.64,0.0,5.23
2026-05-11 05:32,SOLUSDT,buy,139.9555,WIN,0.9,0.17,5.32
2026-05-11 05:34,SOLUSDT,buy,140.1771,WIN,1.06,0.03,5.15
2026-05-11 05:36,SOLUSDT,buy,140.3865,WIN,0.75,0.18,5.09
2026-05-11 05:37,SOLUSDT,buy,140.7156,WIN,0.8,0.41,5.01
2026-05-11 06:02,SOLUSDT,buy,141.1608,WIN,0.73,0.28,5.13
2026-05-11 06:05,SOLUSDT,buy,141.4525,WIN,0.8,0.49,6.24
2026-05-11 06:36,SOLUSDT,buy,142.1282,WIN,0.62,0.41,5.74
2026-05-11 06:46,SOLUSDT,buy,142.2375,WIN,0.28,0.0,5.66
2026-05-11 06:47,SOLUSDT,buy,142.5194,WIN,0.48,0.0,5.45
2026-05-11 06:48,SOLUSDT,buy,142.8378,WIN,0.71,0.0,5.21
2026-05-11 06:49,SOLUSDT,buy,143.2285,WIN,0.98,0.19,5.07
2026-05-11 06:53,SOLUSDT,buy,143.3545,WIN,0.48,0.23,5.09
2026-05-11 06:56,SOLUSDT,buy,146.1976,WIN,2.27,1.98,5.3
2026-05-11 07:24,SOLUSDT,buy,144.814,WIN,0.7,0.4,5.3
2026-05-11 07:25,SOLUSDT,buy,145.0643,WIN,0.64,0.57,5.12
2026-05-11 07:47,SOLUSDT,buy,145.4369,WIN,0.62,0.43,5.09
2026-05-11 07:48,SOLUSDT,buy,145.6527,WIN,0.75,0.58,5.11
2026-05-11 07:54,SOLUSDT,buy,146.1719,WIN,0.7,0.93,5.32
2026-05-11 08:04,SOLUSDT,buy,146.5314,WIN,0.32,1.18,5.06
2026-05-11 08:40,SOLUSDT,sell,145.814,LOSS,0.39,5.13,0.69
2026-05-11 08:42,SOLUSDT,sell,145.6436,LOSS,0.51,5.12,0.57
2026-05-11 08:48,SOLUSDT,sell,145.2996,LOSS,0.67,5.19,0.34
2026-05-11 08:50,SOLUSDT,sell,144.97,LOSS,0.76,5.19,0.0
2026-05-11 09:09,SOLUSDT,buy,146.3932,WIN,0.53,0.3,5.16
2026-05-11 09:12,SOLUSDT,buy,146.7691,WIN,0.6,0.13,5.87
2026-05-11 09:13,SOLUSDT,buy,147.1034,WIN,0.79,0.36,5.63
2026-05-11 09:39,SOLUSDT,buy,147.8521,WIN,0.42,0.77,5.1
2026-05-11 09:40,SOLUSDT,buy,147.9982,WIN,0.51,0.86,5.03
2026-05-11 09:41,SOLUSDT,buy,148.0513,WIN,0.55,0.9,5.08
2026-05-11 09:42,SOLUSDT,buy,148.3408,WIN,0.58,1.09,5.04
2026-05-11 09:49,SOLUSDT,sell,147.1846,LOSS,0.55,5.57,0.32
2026-05-11 10:05,SOLUSDT,sell,146.8816,LOSS,0.95,5.79,0.11
2026-05-11 10:16,SOLUSDT,buy,150.1791,WIN,2.36,1.76,5.07
2026-05-11 10:18,SOLUSDT,buy,150.406,WIN,2.51,1.91,5.06
2026-05-11 10:39,SOLUSDT,sell,149.4632,LOSS,0.46,5.38,1.29
2026-05-11 10:40,SOLUSDT,sell,149.2118,LOSS,0.58,5.05,1.13
2026-05-11 10:46,SOLUSDT,sell,148.799,LOSS,0.33,5.02,0.85
2026-05-11 10:56,SOLUSDT,sell,148.4225,LOSS,1.15,5.12,0.6
2026-05-11 11:04,SOLUSDT,sell,148.0289,LOSS,0.65,5.01,0.34
2026-05-11 11:06,SOLUSDT,sell,147.9134,LOSS,0.51,5.05,0.26
2026-05-11 11:39,SOLUSDT,buy,149.2065,WIN,0.84,1.12,5.05
2026-05-11 11:58,SOLUSDT,sell,148.1735,LOSS,0.43,5.05,0.43
2026-05-11 12:00,SOLUSDT,sell,148.0465,LOSS,0.52,5.09,0.35
2026-05-11 12:03,SOLUSDT,sell,147.7184,LOSS,0.61,5.19,0.0
2026-05-11 12:12,SOLUSDT,buy,149.3297,WIN,0.84,0.38,5.01
2026-05-11 12:14,SOLUSDT,buy,149.6527,WIN,0.96,0.59,5.24
2026-05-11 12:15,SOLUSDT,buy,149.7321,WIN,0.72,0.65,5.19
2026-05-11 12:37,SOLUSDT,buy,150.0125,WIN,0.77,0.43,5.11
2026-05-11 12:47,SOLUSDT,buy,150.3934,WIN,0.68,0.16,5.07
2026-05-11 12:48,SOLUSDT,buy,150.6112,WIN,0.83,0.3,5.0
2026-05-11 12:54,SOLUSDT,buy,150.8911,WIN,0.49,0.06,5.08
2026-05-11 12:55,SOLUSDT,buy,151.0828,WIN,0.62,0.06,5.17
2026-05-11 12:56,SOLUSDT,buy,151.2615,WIN,0.72,0.0,5.05
2026-05-11 12:57,SOLUSDT,buy,151.7905,WIN,1.01,0.32,6.71
2026-05-11 13:01,SOLUSDT,buy,151.8383,WIN,0.56,0.35,6.68
2026-05-11 13:06,SOLUSDT,buy,152.3734,WIN,0.7,0.63,6.3
2026-05-11 13:10,SOLUSDT,buy,152.8,WIN,0.83,0.91,6.01
2026-05-11 13:12,SOLUSDT,buy,152.9847,WIN,0.61,1.03,5.88
2026-05-11 13:13,SOLUSDT,buy,153.2359,WIN,0.77,1.19,5.71
2026-05-11 13:14,SOLUSDT,buy,153.6787,WIN,0.92,1.48,5.4
2026-05-11 13:26,SOLUSDT,sell,151.938,LOSS,0.68,6.61,0.35
2026-05-11 13:29,SOLUSDT,sell,151.5845,LOSS,0.85,5.11,0.12
2026-05-11 13:36,SOLUSDT,buy,155.3469,WIN,2.6,0.91,5.11
2026-05-11 14:09,SOLUSDT,buy,155.5536,WIN,0.56,0.4,5.11
2026-05-11 14:16,SOLUSDT,buy,155.933,WIN,0.57,0.64,5.23
2026-05-11 14:17,SOLUSDT,buy,156.1725,WIN,0.72,0.79,5.07
2026-05-11 14:19,SOLUSDT,buy,156.3842,WIN,0.76,0.93,5.01
2026-05-11 14:48,SOLUSDT,sell,155.2211,LOSS,0.76,5.08,0.18
2026-05-11 14:51,SOLUSDT,sell,155.0478,LOSS,0.63,5.2,0.07
2026-05-11 15:00,SOLUSDT,buy,156.5055,WIN,0.56,0.51,5.02
2026-05-11 15:01,SOLUSDT,buy,156.7315,WIN,0.71,0.65,5.03
2026-05-11 15:03,SOLUSDT,buy,157.3747,WIN,1.12,1.06,5.03
2026-05-11 15:04,SOLUSDT,buy,157.6718,WIN,1.0,1.25,5.15
2026-05-11 15:05,SOLUSDT,buy,157.6838,WIN,1.0,1.25,5.15
2026-05-11 15:06,SOLUSDT,buy,157.8337,WIN,0.79,1.35,5.05
2026-05-11 15:29,SOLUSDT,sell,156.5027,LOSS,0.95,5.02,0.51
2026-05-11 15:48,SOLUSDT,sell,155.9664,LOSS,0.62,5.21,0.17
2026-05-11 15:54,SOLUSDT,buy,157.094,WIN,0.76,0.88,5.02
2026-05-11 16:17,SOLUSDT,buy,157.1873,WIN,0.77,0.02,5.15
2026-05-11 16:18,SOLUSDT,buy,157.3983,WIN,0.88,0.0,5.01
2026-05-11 16:19,SOLUSDT,buy,157.6479,WIN,1.04,0.08,5.17
2026-05-11 16:20,SOLUSDT,buy,157.8875,WIN,1.19,0.23,5.01
2026-05-11 16:23,SOLUSDT,buy,158.3015,WIN,0.73,0.49,5.13
2026-05-11 16:25,SOLUSDT,buy,158.7155,WIN,0.6,0.75,5.24
2026-05-11 16:26,SOLUSDT,buy,159.2847,WIN,0.95,1.11,5.07
2026-05-11 16:53,SOLUSDT,sell,157.6693,LOSS,0.4,5.16,0.07
2026-05-11 16:56,SOLUSDT,buy,161.9346,WIN,2.8,0.45,5.01
2026-05-11 17:02,SOLUSDT,buy,162.5392,WIN,0.58,0.82,5.36
2026-05-11 17:20,SOLUSDT,sell,161.644,LOSS,0.32,5.11,0.28
2026-05-11 17:32,SOLUSDT,buy,162.8709,WIN,0.94,0.24,5.15
2026-05-11 17:34,SOLUSDT,buy,163.1929,WIN,0.84,0.23,5.02
2026-05-11 17:37,SOLUSDT,buy,163.2982,WIN,0.51,0.3,5.16
2026-05-11 17:41,SOLUSDT,buy,163.5778,WIN,0.47,0.0,5.09
2026-05-11 17:42,SOLUSDT,buy,164.1062,WIN,0.79,0.1,5.03
2026-05-11 17:45,SOLUSDT,buy,164.3224,WIN,0.8,0.22,5.03
2026-05-11 17:49,SOLUSDT,buy,164.8226,WIN,0.53,0.49,5.09
2026-05-11 17:56,SOLUSDT,buy,165.0468,WIN,0.48,0.12,5.23
2026-05-11 17:58,SOLUSDT,buy,165.6515,WIN,0.68,0.48,5.09
2026-05-11 18:10,SOLUSDT,buy,166.8601,WIN,0.84,1.2,5.04
2026-05-11 18:15,SOLUSDT,buy,167.2858,WIN,0.53,1.45,5.08
2026-05-11 18:19,SOLUSDT,buy,167.5666,WIN,0.52,1.62,5.13
2026-05-11 18:26,SOLUSDT,buy,167.9739,WIN,0.62,1.85,5.23
2026-05-11 18:30,SOLUSDT,buy,168.5027,WIN,0.64,2.16,5.04
2026-05-11 18:37,SOLUSDT,sell,166.6741,LOSS,1.18,5.03,1.09
2026-05-11 18:42,SOLUSDT,sell,166.0646,LOSS,0.54,5.01,0.73
2026-05-11 18:50,SOLUSDT,sell,165.7447,LOSS,0.49,5.03,0.53
2026-05-11 19:04,SOLUSDT,buy,166.9905,WIN,0.65,1.28,5.18
2026-05-11 19:05,SOLUSDT,buy,167.3008,WIN,0.84,1.46,5.07
2026-05-11 19:21,SOLUSDT,sell,165.6465,LOSS,0.42,5.1,0.47
2026-05-11 19:22,SOLUSDT,sell,165.2874,LOSS,0.63,5.08,0.0
2026-05-11 19:35,SOLUSDT,buy,166.7393,WIN,0.44,0.79,5.05
2026-05-11 19:54,SOLUSDT,buy,167.798,WIN,0.69,1.42,5.34
2026-05-11 19:55,SOLUSDT,buy,167.9408,WIN,0.53,1.5,5.26
2026-05-11 20:14,SOLUSDT,sell,165.8592,LOSS,0.49,5.07,0.26
2026-05-11 20:26,SOLUSDT,buy,168.1898,WIN,0.74,1.65,5.1
2026-05-11 20:30,SOLUSDT,buy,168.7569,WIN,0.7,1.98,5.11
2026-05-11 20:32,SOLUSDT,buy,169.3051,WIN,0.98,2.29,5.13
2026-05-11 21:20,SOLUSDT,sell,168.8111,LOSS,0.7,5.08,2.01
2026-05-11 21:24,SOLUSDT,sell,168.7334,LOSS,0.36,5.13,1.96
2026-05-11 21:25,SOLUSDT,sell,168.4366,LOSS,0.53,5.08,1.79
2026-05-11 21:26,SOLUSDT,sell,167.8377,LOSS,0.89,5.32,1.44
2026-05-11 22:04,SOLUSDT,sell,167.0825,LOSS,0.55,5.12,0.99
2026-05-11 22:31,SOLUSDT,buy,168.4529,WIN,0.46,1.8,5.07
2026-05-11 22:48,SOLUSDT,sell,167.4418,LOSS,0.63,5.2,1.21
2026-05-11 22:53,SOLUSDT,sell,167.2137,LOSS,0.51,5.04,1.07
2026-05-11 22:54,SOLUSDT,sell,167.1407,LOSS,0.55,5.08,1.03
2026-05-11 23:04,SOLUSDT,sell,166.6528,LOSS,0.34,5.04,0.74
2026-05-11 23:05,SOLUSDT,sell,166.2769,LOSS,0.56,5.07,0.51
2026-05-11 23:10,SOLUSDT,sell,165.8888,LOSS,0.52,5.05,0.28
2026-05-11 23:11,SOLUSDT,sell,165.5978,LOSS,0.7,5.13,0.0
2026-05-11 23:24,SOLUSDT,buy,167.1017,WIN,0.47,0.39,5.11
2026-05-11 23:27,SOLUSDT,buy,167.6349,WIN,0.54,0.71,5.08
2026-05-11 23:36,SOLUSDT,buy,171.2379,WIN,2.88,0.2,5.08
2026-05-11 23:41,SOLUSDT,buy,171.3521,WIN,0.26,0.16,5.01
2026-05-11 23:42,SOLUSDT,buy,171.5839,WIN,0.4,0.3,5.16
2026-05-11 23:44,SOLUSDT,buy,172.1048,WIN,0.63,0.6,5.07
2026-05-12 00:19,SOLUSDT,buy,172.615,WIN,0.5,0.11,5.35
2026-05-12 00:23,SOLUSDT,buy,173.3351,WIN,0.74,0.45,5.77
2026-05-12 00:31,SOLUSDT,buy,173.9147,WIN,0.54,0.55,5.42
2026-05-12 00:44,SOLUSDT,buy,174.5887,WIN,0.42,0.65,5.01
2026-05-12 00:45,SOLUSDT,buy,174.7232,WIN,0.5,0.73,5.33
2026-05-12 01:32,SOLUSDT,sell,174.2581,LOSS,0.64,5.21,0.46
2026-05-12 01:44,SOLUSDT,buy,175.5456,WIN,0.57,1.19,5.16
2026-05-12 01:48,SOLUSDT,buy,175.9235,WIN,0.5,1.4,5.05
2026-05-12 02:10,SOLUSDT,sell,173.9794,LOSS,0.83,5.38,0.3
2026-05-12 02:27,SOLUSDT,sell,173.7869,LOSS,0.56,5.49,0.19
2026-05-12 02:28,SOLUSDT,sell,173.6394,LOSS,0.61,5.58,0.06
2026-05-12 02:42,SOLUSDT,buy,174.8441,WIN,0.2,0.24,5.26
2026-05-12 02:46,SOLUSDT,buy,175.2375,WIN,0.47,0.33,5.02
2026-05-12 02:49,SOLUSDT,buy,175.3346,WIN,0.52,0.38,5.29
2026-05-12 02:56,SOLUSDT,buy,176.5801,WIN,1.1,0.22,5.2
2026-05-12 02:57,SOLUSDT,buy,176.9648,WIN,1.32,0.44,5.05
2026-05-12 02:58,SOLUSDT,buy,177.0111,WIN,1.33,0.46,5.02
2026-05-12 03:27,SOLUSDT,buy,177.6462,WIN,0.45,0.75,5.19
2026-05-12 03:46,SOLUSDT,buy,178.2214,WIN,0.82,0.38,5.02
2026-05-12 03:53,SOLUSDT,buy,178.5381,WIN,0.56,0.42,5.01
2026-05-12 04:04,SOLUSDT,buy,179.2057,WIN,0.53,0.75,5.07
2026-05-12 04:05,SOLUSDT,buy,179.5795,WIN,0.74,0.95,5.12
2026-05-12 04:07,SOLUSDT,buy,179.8112,WIN,0.67,1.08,5.06
2026-05-12 04:12,SOLUSDT,buy,180.1868,WIN,0.58,1.29,5.09
2026-05-12 04:33,SOLUSDT,buy,180.99,WIN,0.38,1.72,5.04
2026-05-12 04:51,SOLUSDT,buy,181.4113,WIN,0.67,1.95,5.27
2026-05-12 05:07,SOLUSDT,sell,179.8698,LOSS,0.62,5.03,1.11
2026-05-12 05:08,SOLUSDT,sell,179.765,LOSS,0.58,5.01,1.06
2026-05-12 05:09,SOLUSDT,sell,179.3475,LOSS,0.81,5.05,0.82
2026-05-12 05:16,SOLUSDT,sell,178.6291,LOSS,0.38,5.06,0.43
2026-05-12 05:21,SOLUSDT,sell,178.0852,LOSS,0.71,5.1,0.04
2026-05-12 05:52,SOLUSDT,buy,179.3766,WIN,0.45,0.48,5.03
2026-05-12 06:02,SOLUSDT,buy,180.0505,WIN,0.62,0.5,5.01
2026-05-12 06:03,SOLUSDT,buy,180.141,WIN,0.67,0.55,5.12
2026-05-12 06:04,SOLUSDT,buy,180.3601,WIN,0.79,0.67,5.01
2026-05-12 06:11,SOLUSDT,buy,180.5513,WIN,0.78,0.06,5.29
2026-05-12 06:12,SOLUSDT,buy,180.9048,WIN,0.98,0.09,5.09
2026-05-12 06:13,SOLUSDT,buy,181.4798,WIN,1.3,0.41,5.23
2026-05-12 06:16,SOLUSDT,buy,183.095,WIN,1.47,0.0,5.0
2026-05-12 06:19,SOLUSDT,buy,183.8177,WIN,1.71,0.32,5.08
2026-05-12 06:27,SOLUSDT,buy,184.5601,WIN,0.71,0.35,5.38
2026-05-12 06:30,SOLUSDT,buy,184.6338,WIN,0.75,0.39,5.33
2026-05-12 06:31,SOLUSDT,buy,184.7779,WIN,0.6,0.47,5.25
2026-05-12 06:35,SOLUSDT,buy,185.1893,WIN,0.69,0.68,5.02
2026-05-12 07:11,SOLUSDT,buy,186.3414,WIN,0.6,1.29,5.29
2026-05-12 07:13,SOLUSDT,buy,186.6633,WIN,0.5,1.46,5.11
2026-05-12 07:21,SOLUSDT,buy,186.9948,WIN,0.7,1.64,5.07
2026-05-12 07:35,SOLUSDT,sell,185.5221,LOSS,0.56,5.76,0.86
2026-05-12 08:02,SOLUSDT,buy,187.1791,WIN,0.61,1.73,5.18
2026-05-12 08:21,SOLUSDT,sell,185.9565,LOSS,0.48,5.51,1.09
2026-05-12 08:22,SOLUSDT,sell,185.6134,LOSS,0.66,5.71,0.91
2026-05-12 08:23,SOLUSDT,sell,185.3888,LOSS,0.78,5.0,0.79
2026-05-12 08:37,SOLUSDT,buy,187.0392,WIN,0.61,1.66,5.04
2026-05-12 09:15,SOLUSDT,sell,184.7143,LOSS,0.75,5.29,0.42
2026-05-12 09:17,SOLUSDT,sell,184.4397,LOSS,0.9,5.0,0.28
2026-05-12 09:18,SOLUSDT,sell,184.3248,LOSS,0.67,5.07,0.21
2026-05-12 09:25,SOLUSDT,buy,186.2886,WIN,0.88,0.59,5.32
2026-05-12 09:26,SOLUSDT,buy,186.6791,WIN,0.82,0.8,5.1
2026-05-12 09:36,SOLUSDT,buy,188.2682,WIN,1.66,1.15,5.87
2026-05-12 09:42,SOLUSDT,buy,188.5037,WIN,0.35,1.27,5.74
2026-05-12 10:02,SOLUSDT,sell,187.5351,LOSS,0.63,5.09,0.76
2026-05-12 10:04,SOLUSDT,sell,187.2696,LOSS,0.72,5.13,0.62
2026-05-12 10:12,SOLUSDT,sell,186.6806,LOSS,0.67,5.1,0.31
2026-05-12 10:27,SOLUSDT,buy,188.0671,WIN,0.7,0.47,5.02
2026-05-12 11:09,SOLUSDT,buy,188.8059,WIN,0.53,0.0,5.57
2026-05-12 11:10,SOLUSDT,buy,189.0159,WIN,0.65,0.05,5.45
2026-05-12 11:13,SOLUSDT,buy,189.8275,WIN,0.66,0.48,5.02
2026-05-12 11:15,SOLUSDT,buy,190.7423,WIN,0.95,0.95,5.08
2026-05-12 11:38,SOLUSDT,buy,191.1456,WIN,0.81,0.19,5.03
2026-05-12 11:41,SOLUSDT,buy,191.7371,WIN,0.98,0.28,5.21
2026-05-12 11:46,SOLUSDT,buy,192.1635,WIN,0.5,0.02,5.21
2026-05-12 11:49,SOLUSDT,buy,192.8811,WIN,0.87,0.34,5.06
2026-05-12 11:50,SOLUSDT,buy,192.999,WIN,0.8,0.4,5.13
2026-05-12 11:54,SOLUSDT,buy,193.4425,WIN,0.56,0.63,5.05
2026-05-12 11:56,SOLUSDT,buy,194.1381,WIN,0.92,0.99,5.25
2026-05-12 12:25,SOLUSDT,buy,194.4653,WIN,0.34,1.16,5.07
2026-05-12 12:26,SOLUSDT,buy,194.5059,WIN,0.36,1.18,5.05
2026-05-12 12:27,SOLUSDT,buy,194.6172,WIN,0.42,1.23,5.02
2026-05-12 12:33,SOLUSDT,sell,193.4521,LOSS,0.5,5.04,0.64
2026-05-12 12:35,SOLUSDT,sell,193.1248,LOSS,0.67,5.06,0.47
2026-05-12 12:39,SOLUSDT,sell,192.9875,LOSS,0.61,5.14,0.4
2026-05-12 12:49,SOLUSDT,sell,192.5479,LOSS,0.65,5.15,0.17
2026-05-12 12:56,SOLUSDT,buy,196.1826,WIN,2.06,1.42,5.01
2026-05-12 13:26,SOLUSDT,sell,194.1681,LOSS,0.72,5.23,0.4
2026-05-12 13:35,SOLUSDT,buy,195.7391,WIN,0.74,1.19,5.12
2026-05-12 13:52,SOLUSDT,sell,194.184,LOSS,0.51,5.22,0.4
2026-05-12 13:56,SOLUSDT,sell,193.6964,LOSS,0.59,5.04,0.07
2026-05-12 14:17,SOLUSDT,buy,195.575,WIN,0.48,0.51,5.05
2026-05-12 14:32,SOLUSDT,buy,195.9363,WIN,0.59,0.7,5.02
2026-05-12 14:33,SOLUSDT,buy,196.7063,WIN,0.77,1.09,5.09
2026-05-12 14:43,SOLUSDT,buy,197.1337,WIN,0.65,1.3,5.05
2026-05-12 15:03,SOLUSDT,sell,195.8516,LOSS,0.68,5.06,0.65
2026-05-12 15:05,SOLUSDT,sell,195.5524,LOSS,0.81,5.07,0.5
2026-05-12 15:17,SOLUSDT,sell,195.2159,LOSS,0.63,5.08,0.33
2026-05-12 15:18,SOLUSDT,sell,194.8602,LOSS,0.64,5.01,0.15
2026-05-12 15:30,SOLUSDT,buy,196.7002,WIN,0.47,0.83,5.09
2026-05-12 15:33,SOLUSDT,buy,196.7648,WIN,0.5,0.87,5.05
2026-05-12 15:34,SOLUSDT,buy,196.9012,WIN,0.57,0.93,5.03
2026-05-12 16:00,SOLUSDT,sell,195.8738,LOSS,0.6,5.05,0.41
2026-05-12 16:16,SOLUSDT,buy,199.2329,WIN,2.14,1.24,5.13
2026-05-12 16:20,SOLUSDT,buy,199.5273,WIN,1.96,1.38,5.26
2026-05-12 16:24,SOLUSDT,buy,199.8321,WIN,0.42,1.53,5.1
2026-05-12 16:27,SOLUSDT,buy,200.3063,WIN,0.57,1.77,5.14
2026-05-12 16:36,SOLUSDT,sell,198.3304,LOSS,0.46,5.11,0.79
2026-05-12 16:52,SOLUSDT,buy,200.3909,WIN,0.44,1.81,5.09
2026-05-12 17:09,SOLUSDT,buy,200.777,WIN,0.51,2.0,5.04
2026-05-12 17:10,SOLUSDT,buy,201.0184,WIN,0.63,2.12,5.19
2026-05-12 17:12,SOLUSDT,buy,201.3115,WIN,0.78,2.26,5.04
2026-05-12 17:15,SOLUSDT,buy,201.5501,WIN,0.43,2.37,5.17
2026-05-12 17:28,SOLUSDT,sell,199.917,LOSS,0.73,5.05,1.58
2026-05-12 17:37,SOLUSDT,sell,199.8001,LOSS,0.49,5.12,1.52
2026-05-12 17:52,SOLUSDT,buy,201.2288,WIN,0.52,2.22,5.08
2026-05-12 17:53,SOLUSDT,buy,201.642,WIN,0.48,2.42,5.12
2026-05-12 18:13,SOLUSDT,buy,202.51,WIN,0.6,2.84,5.23
2026-05-12 18:40,SOLUSDT,sell,200.6884,LOSS,0.81,5.01,1.95
2026-05-12 18:44,SOLUSDT,sell,200.3787,LOSS,0.45,5.1,1.8
2026-05-12 18:50,SOLUSDT,sell,199.61,LOSS,0.56,5.22,1.42
2026-05-12 19:01,SOLUSDT,sell,198.272,LOSS,0.79,5.03,0.76
2026-05-12 19:20,SOLUSDT,sell,197.8629,LOSS,0.55,5.08,0.55
2026-05-12 19:21,SOLUSDT,sell,197.6967,LOSS,0.63,5.07,0.47
2026-05-12 19:22,SOLUSDT,sell,197.2621,LOSS,0.85,5.03,0.25
2026-05-12 19:36,SOLUSDT,buy,202.1659,WIN,2.65,2.41,5.41
2026-05-12 19:56,SOLUSDT,buy,202.6251,WIN,0.56,2.63,5.17
2026-05-12 20:06,SOLUSDT,buy,203.582,WIN,0.56,3.09,5.07
2026-05-12 20:07,SOLUSDT,buy,204.1368,WIN,0.83,3.35,6.42
2026-05-12 20:33,SOLUSDT,sell,202.9597,LOSS,0.56,5.2,2.79
2026-05-12 20:39,SOLUSDT,sell,202.5298,LOSS,0.46,5.22,2.58
2026-05-12 20:40,SOLUSDT,sell,202.259,LOSS,0.56,5.36,2.45
2026-05-12 20:43,SOLUSDT,sell,201.7372,LOSS,0.75,5.07,2.2
2026-05-12 20:44,SOLUSDT,sell,201.2287,LOSS,0.7,5.08,1.95
2026-05-12 20:52,SOLUSDT,sell,200.5382,LOSS,0.53,5.02,1.62
2026-05-12 20:56,SOLUSDT,sell,199.7411,LOSS,0.62,5.15,1.22
2026-05-12 21:14,SOLUSDT,buy,202.0588,WIN,0.72,2.36,5.04
2026-05-12 21:16,SOLUSDT,buy,202.4303,WIN,0.91,2.54,5.27
2026-05-12 21:34,SOLUSDT,sell,201.0653,LOSS,0.7,5.16,1.87
2026-05-12 22:03,SOLUSDT,sell,200.141,LOSS,0.57,5.08,1.42
2026-05-12 22:04,SOLUSDT,sell,199.5739,LOSS,0.78,5.24,1.14
2026-05-12 22:05,SOLUSDT,sell,199.1802,LOSS,0.95,5.15,0.95
2026-05-12 22:07,SOLUSDT,sell,198.6252,LOSS,0.97,5.05,0.67
2026-05-12 22:08,SOLUSDT,sell,198.3091,LOSS,0.98,5.01,0.51
2026-05-12 22:09,SOLUSDT,sell,197.6858,LOSS,1.01,5.08,0.2
2026-05-12 22:19,SOLUSDT,sell,197.4525,LOSS,0.65,5.08,0.05
2026-05-12 22:56,SOLUSDT,buy,201.8553,WIN,1.81,0.87,5.01
2026-05-12 22:57,SOLUSDT,buy,202.2695,WIN,2.02,1.07,5.36
2026-05-12 23:03,SOLUSDT,buy,202.7017,WIN,0.62,1.28,5.13
2026-05-12 23:13,SOLUSDT,buy,203.0618,WIN,0.66,1.45,5.14
2026-05-12 23:14,SOLUSDT,buy,203.1621,WIN,0.39,1.5,5.09
2026-05-12 23:30,SOLUSDT,sell,201.9737,LOSS,0.59,5.08,0.92
2026-05-12 23:31,SOLUSDT,sell,201.6838,LOSS,0.62,5.1,0.78
2026-05-12 23:32,SOLUSDT,sell,201.3855,LOSS,0.76,5.26,0.63
2026-05-12 23:40,SOLUSDT,sell,201.1421,LOSS,0.42,5.12,0.51
2026-05-12 23:45,SOLUSDT,sell,200.5581,LOSS,0.48,5.01,0.22
2026-05-12 23:59,SOLUSDT,buy,201.7033,WIN,0.39,0.28,5.09
2026-05-13 00:02,SOLUSDT,buy,201.951,WIN,0.44,0.08,5.1
2026-05-13 00:03,SOLUSDT,buy,202.3006,WIN,0.58,0.25,5.34
2026-05-13 00:05,SOLUSDT,buy,202.4337,WIN,0.64,0.31,5.27
2026-05-13 00:11,SOLUSDT,buy,203.3922,WIN,0.54,0.78,5.17
2026-05-13 00:38,SOLUSDT,buy,203.1762,WIN,0.53,0.68,5.09
2026-05-13 00:39,SOLUSDT,buy,203.4244,WIN,0.66,0.8,5.16
2026-05-13 00:56,SOLUSDT,buy,204.1132,WIN,0.68,0.62,6.44
2026-05-13 01:01,SOLUSDT,buy,205.0431,WIN,0.54,1.07,5.95
2026-05-13 01:27,SOLUSDT,buy,204.3885,WIN,0.56,0.0,6.29
2026-05-13 01:28,SOLUSDT,buy,204.7985,WIN,0.76,0.14,6.08
2026-05-13 01:30,SOLUSDT,buy,204.9837,WIN,0.77,0.0,5.98
2026-05-13 01:31,SOLUSDT,buy,205.3714,WIN,0.95,0.05,5.78
2026-05-13 01:32,SOLUSDT,buy,205.5938,WIN,0.71,0.16,5.67
2026-05-13 01:37,SOLUSDT,buy,206.3026,WIN,0.5,0.43,5.31
2026-05-13 01:38,SOLUSDT,buy,206.6921,WIN,0.69,0.62,5.11
2026-05-13 01:39,SOLUSDT,buy,206.7963,WIN,0.74,0.67,5.05
2026-05-13 01:56,SOLUSDT,buy,207.4718,WIN,0.57,0.99,5.09
2026-05-13 01:57,SOLUSDT,buy,207.7109,WIN,0.68,1.11,5.07
2026-05-13 02:11,SOLUSDT,sell,205.7383,LOSS,0.51,5.6,0.16
2026-05-13 02:18,SOLUSDT,buy,207.9945,WIN,1.23,1.24,5.06
2026-05-13 02:19,SOLUSDT,buy,208.3284,WIN,1.39,1.4,5.01
2026-05-13 02:22,SOLUSDT,buy,208.8129,WIN,0.73,1.63,5.17
2026-05-13 02:24,SOLUSDT,buy,209.1569,WIN,0.48,1.79,5.15
2026-05-13 02:26,SOLUSDT,buy,209.8506,WIN,0.81,2.12,5.14
2026-05-13 02:36,SOLUSDT,buy,210.0623,WIN,0.5,2.21,5.03
2026-05-13 02:44,SOLUSDT,sell,208.1903,LOSS,0.49,5.08,1.34
2026-05-13 02:55,SOLUSDT,sell,207.7886,LOSS,0.77,5.03,1.14
2026-05-13 02:59,SOLUSDT,sell,207.5034,LOSS,0.55,5.08,1.01
2026-05-13 03:09,SOLUSDT,sell,207.0,LOSS,0.36,5.03,0.77
2026-05-13 03:25,SOLUSDT,buy,208.0705,WIN,0.72,1.28,5.02
2026-05-13 03:42,SOLUSDT,sell,206.5334,LOSS,0.74,5.19,0.54
2026-05-13 03:43,SOLUSDT,sell,206.3974,LOSS,0.81,5.26,0.48
2026-05-13 03:47,SOLUSDT,sell,205.9055,LOSS,0.46,5.51,0.24
2026-05-13 03:50,SOLUSDT,sell,205.5597,LOSS,0.52,5.69,0.0
2026-05-13 04:09,SOLUSDT,buy,207.9843,WIN,0.65,0.93,5.07
2026-05-13 04:11,SOLUSDT,buy,208.477,WIN,0.63,1.16,5.1
2026-05-13 04:12,SOLUSDT,buy,209.2141,WIN,0.99,1.51,5.12
2026-05-13 04:14,SOLUSDT,buy,209.3329,WIN,0.67,1.57,5.06
2026-05-13 04:15,SOLUSDT,buy,209.501,WIN,0.7,1.65,5.31
2026-05-13 04:43,SOLUSDT,buy,209.7855,WIN,0.53,1.78,5.17
2026-05-13 04:44,SOLUSDT,buy,210.3982,WIN,0.82,2.07,5.11
2026-05-13 04:57,SOLUSDT,sell,208.4844,LOSS,0.98,5.1,1.17
2026-05-13 04:59,SOLUSDT,sell,208.1062,LOSS,0.55,5.0,0.99
2026-05-13 05:01,SOLUSDT,sell,207.5972,LOSS,0.7,5.03,0.74
2026-05-13 05:30,SOLUSDT,sell,207.0605,LOSS,0.8,5.3,0.49
2026-05-13 05:31,SOLUSDT,sell,206.8605,LOSS,0.87,5.02,0.39
2026-05-13 05:33,SOLUSDT,sell,206.5024,LOSS,0.96,5.2,0.22
2026-05-13 05:34,SOLUSDT,sell,206.401,LOSS,0.69,5.26,0.17
2026-05-13 05:35,SOLUSDT,sell,206.1581,LOSS,0.47,5.38,0.0
2026-05-13 06:02,SOLUSDT,buy,209.0543,WIN,0.52,0.76,5.04
2026-05-13 06:06,SOLUSDT,sell,207.8434,LOSS,0.66,5.01,0.19
2026-05-13 06:23,SOLUSDT,buy,209.5866,WIN,0.49,0.0,5.27
2026-05-13 06:25,SOLUSDT,buy,210.2214,WIN,0.55,0.0,5.2
2026-05-13 06:26,SOLUSDT,buy,210.8548,WIN,0.85,0.19,5.25
2026-05-13 06:27,SOLUSDT,buy,211.3479,WIN,1.08,0.42,5.12
2026-05-13 06:34,SOLUSDT,buy,211.6414,WIN,0.56,0.47,5.04
2026-05-13 06:39,SOLUSDT,buy,212.0454,WIN,0.46,0.66,5.3
2026-05-13 06:40,SOLUSDT,buy,212.4299,WIN,0.65,0.84,5.11
2026-05-13 07:07,SOLUSDT,sell,211.2925,LOSS,0.34,5.03,0.31
2026-05-13 07:38,SOLUSDT,buy,213.1564,WIN,0.55,1.18,5.87
2026-05-13 07:39,SOLUSDT,buy,213.7777,WIN,0.85,1.47,5.56
2026-05-13 07:58,SOLUSDT,sell,210.9762,LOSS,0.65,5.18,0.16
2026-05-13 07:59,SOLUSDT,sell,210.6769,LOSS,0.7,5.33,0.02
2026-05-13 08:11,SOLUSDT,buy,212.7751,WIN,0.46,0.66,6.06
2026-05-13 08:23,SOLUSDT,buy,213.4607,WIN,0.67,0.98,5.72
2026-05-13 08:40,SOLUSDT,sell,211.5443,LOSS,0.58,5.02,0.09
2026-05-13 08:53,SOLUSDT,buy,213.6522,WIN,0.43,0.28,5.62
2026-05-13 08:56,SOLUSDT,buy,217.0842,WIN,2.01,1.34,5.01
2026-05-13 08:57,SOLUSDT,buy,217.3253,WIN,2.12,1.45,5.06
2026-05-13 08:58,SOLUSDT,buy,217.7088,WIN,2.18,1.62,5.1
2026-05-13 09:05,SOLUSDT,buy,218.4807,WIN,0.77,1.97,5.0
2026-05-13 09:08,SOLUSDT,buy,219.0716,WIN,0.75,2.23,5.03
2026-05-13 09:22,SOLUSDT,sell,217.3474,LOSS,0.47,5.05,1.46
2026-05-13 09:34,SOLUSDT,buy,218.7121,WIN,0.46,2.07,5.21
2026-05-13 09:37,SOLUSDT,buy,219.4744,WIN,0.57,2.41,5.09
2026-05-13 09:39,SOLUSDT,buy,219.9016,WIN,0.69,2.6,5.14
2026-05-13 09:40,SOLUSDT,buy,220.0649,WIN,0.77,2.68,5.06
2026-05-13 09:43,SOLUSDT,buy,220.6756,WIN,0.6,2.94,5.23
2026-05-13 09:46,SOLUSDT,buy,221.4926,WIN,0.62,3.3,5.06
2026-05-13 10:00,SOLUSDT,sell,218.8896,LOSS,0.58,5.12,2.15
2026-05-13 10:46,SOLUSDT,buy,220.5886,WIN,0.56,2.91,5.04
2026-05-13 10:47,SOLUSDT,buy,220.8205,WIN,0.63,3.01,5.16
2026-05-13 11:12,SOLUSDT,buy,220.9365,WIN,0.57,3.06,5.11
2026-05-13 11:15,SOLUSDT,sell,219.1165,LOSS,0.87,5.01,2.25
2026-05-13 11:20,SOLUSDT,buy,221.2336,WIN,1.01,3.19,5.18
2026-05-13 11:29,SOLUSDT,sell,219.0115,LOSS,0.74,5.06,2.21
2026-05-13 11:30,SOLUSDT,sell,218.7897,LOSS,0.75,5.17,2.11
2026-05-13 11:31,SOLUSDT,sell,218.4561,LOSS,0.7,5.01,1.96
2026-05-13 11:33,SOLUSDT,sell,217.8882,LOSS,0.9,5.02,1.7
2026-05-13 11:36,SOLUSDT,sell,217.5712,LOSS,0.62,5.17,1.56
2026-05-13 11:37,SOLUSDT,sell,217.3077,LOSS,0.74,5.07,1.44
2026-05-13 12:00,SOLUSDT,sell,216.2399,LOSS,0.62,5.25,0.95
2026-05-13 12:03,SOLUSDT,sell,215.7131,LOSS,0.67,5.1,0.71
2026-05-13 12:10,SOLUSDT,sell,215.4644,LOSS,0.34,5.0,0.6
2026-05-13 12:11,SOLUSDT,sell,215.1633,LOSS,0.48,5.15,0.46
2026-05-13 12:15,SOLUSDT,sell,214.5377,LOSS,0.56,5.19,0.0
2026-05-13 12:16,SOLUSDT,buy,218.6909,WIN,2.11,0.68,5.22
2026-05-13 12:17,SOLUSDT,buy,218.8214,WIN,2.17,0.74,5.15
2026-05-13 12:18,SOLUSDT,buy,218.9978,WIN,2.25,0.82,5.07
2026-05-13 12:23,SOLUSDT,buy,219.8679,WIN,0.43,1.22,5.15
2026-05-13 12:26,SOLUSDT,buy,220.1627,WIN,0.36,1.35,5.01
2026-05-13 12:27,SOLUSDT,buy,220.6403,WIN,0.55,1.56,5.01
2026-05-13 12:41,SOLUSDT,sell,218.0941,LOSS,0.45,5.19,0.41
2026-05-13 12:42,SOLUSDT,sell,217.8895,LOSS,0.53,5.01,0.32
2026-05-13 13:04,SOLUSDT,sell,217.468,LOSS,0.55,5.22,0.0
2026-05-13 13:13,SOLUSDT,buy,219.3877,WIN,0.75,0.68,5.13
2026-05-13 13:28,SOLUSDT,buy,219.626,WIN,0.64,0.79,5.02
2026-05-13 13:30,SOLUSDT,buy,220.1849,WIN,0.89,1.04,5.0
2026-05-13 13:55,SOLUSDT,buy,220.7637,WIN,0.56,1.3,5.19
2026-05-13 13:58,SOLUSDT,buy,221.1616,WIN,0.49,1.48,5.0
2026-05-13 14:00,SOLUSDT,buy,222.0113,WIN,0.8,1.86,6.1
2026-05-13 14:02,SOLUSDT,buy,222.3001,WIN,0.94,1.98,5.96
2026-05-13 14:04,SOLUSDT,buy,222.6462,WIN,0.82,2.14,5.8
2026-05-13 14:22,SOLUSDT,sell,220.9454,LOSS,0.41,5.11,1.38
2026-05-13 14:23,SOLUSDT,sell,220.9114,LOSS,0.43,5.12,1.37
2026-05-13 14:24,SOLUSDT,sell,220.7559,LOSS,0.5,5.2,1.3
2026-05-13 14:40,SOLUSDT,sell,220.3808,LOSS,0.51,5.01,1.13
2026-05-13 15:03,SOLUSDT,sell,219.6321,LOSS,0.94,5.01,0.79
2026-05-13 15:04,SOLUSDT,sell,219.183,LOSS,1.14,5.09,0.59
2026-05-13 15:06,SOLUSDT,sell,218.7607,LOSS,0.72,5.18,0.4
2026-05-13 15:08,SOLUSDT,sell,218.5624,LOSS,0.53,5.28,0.31
2026-05-13 15:29,SOLUSDT,buy,219.8042,WIN,0.29,0.67,5.18
2026-05-13 15:31,SOLUSDT,buy,220.2957,WIN,0.52,0.89,5.06
2026-05-13 15:36,SOLUSDT,buy,225.0829,WIN,2.53,3.0,5.05
2026-05-13 15:41,SOLUSDT,buy,225.8088,WIN,0.46,3.31,5.29
2026-05-13 15:42,SOLUSDT,buy,225.8316,WIN,0.47,3.32,5.28
2026-05-13 15:45,SOLUSDT,buy,226.606,WIN,0.62,3.65,5.08
2026-05-13 15:46,SOLUSDT,buy,227.3006,WIN,0.83,3.95,6.31
2026-05-13 15:47,SOLUSDT,buy,227.6473,WIN,0.99,4.09,6.15
2026-05-13 16:01,SOLUSDT,sell,224.5851,LOSS,0.78,5.01,2.79
2026-05-13 16:12,SOLUSDT,sell,224.2037,LOSS,0.44,5.06,2.62
2026-05-13 16:27,SOLUSDT,sell,223.7911,LOSS,0.58,5.26,2.44
2026-05-13 16:51,SOLUSDT,sell,222.8138,LOSS,0.45,5.72,2.01
2026-05-13 16:53,SOLUSDT,sell,222.2164,LOSS,0.72,6.0,1.75
2026-05-13 17:22,SOLUSDT,buy,224.0819,WIN,0.4,2.57,5.12
2026-05-13 17:24,SOLUSDT,buy,224.7674,WIN,0.71,2.86,5.15
2026-05-13 17:32,SOLUSDT,buy,225.7255,WIN,0.72,3.28,5.33
2026-05-13 17:36,SOLUSDT,buy,226.0877,WIN,0.63,3.43,5.16
2026-05-13 18:04,SOLUSDT,sell,224.8129,LOSS,0.86,5.12,2.88
2026-05-13 18:06,SOLUSDT,sell,223.7879,LOSS,1.15,5.26,2.44
2026-05-13 18:07,SOLUSDT,sell,223.6931,LOSS,0.95,5.3,2.4
2026-05-13 18:08,SOLUSDT,sell,223.3202,LOSS,1.09,5.48,2.23
2026-05-13 18:09,SOLUSDT,sell,223.0146,LOSS,0.86,5.62,2.1
2026-05-13 18:13,SOLUSDT,sell,222.2755,LOSS,0.53,5.98,1.77
2026-05-13 18:14,SOLUSDT,sell,221.8109,LOSS,0.73,5.0,1.57
2026-05-13 18:18,SOLUSDT,sell,221.4593,LOSS,0.49,5.07,1.41
2026-05-13 18:38,SOLUSDT,sell,220.5524,LOSS,0.7,5.05,1.01
2026-05-13 18:43,SOLUSDT,sell,219.8057,LOSS,0.43,5.18,0.67
2026-05-13 18:44,SOLUSDT,sell,219.5617,LOSS,0.54,5.05,0.56
2026-05-13 18:45,SOLUSDT,sell,219.2795,LOSS,0.67,5.04,0.43
2026-05-13 18:48,SOLUSDT,sell,218.9358,LOSS,0.49,5.1,0.28
2026-05-13 18:51,SOLUSDT,sell,218.6614,LOSS,0.51,5.23,0.0
2026-05-13 18:56,SOLUSDT,buy,223.7976,WIN,2.5,0.78,5.25
2026-05-13 19:02,SOLUSDT,buy,223.9485,WIN,0.36,0.84,5.18
2026-05-13 19:04,SOLUSDT,buy,224.172,WIN,0.42,0.94,5.08
2026-05-13 19:06,SOLUSDT,buy,224.7718,WIN,0.62,1.21,5.14
2026-05-13 19:07,SOLUSDT,buy,224.9882,WIN,0.71,1.3,5.04
2026-05-13 19:13,SOLUSDT,buy,225.1077,WIN,0.83,1.35,5.04
2026-05-13 19:14,SOLUSDT,buy,225.4759,WIN,0.99,1.52,5.02
2026-05-13 19:24,SOLUSDT,buy,225.9425,WIN,0.57,1.72,5.23
2026-05-13 19:39,SOLUSDT,sell,224.2907,LOSS,0.5,5.02,1.0
2026-05-13 19:50,SOLUSDT,sell,223.9869,LOSS,0.57,5.17,0.86
2026-05-13 19:58,SOLUSDT,sell,223.5397,LOSS,0.51,5.38,0.66
2026-05-13 19:59,SOLUSDT,sell,222.7598,LOSS,0.86,5.74,0.31
2026-05-13 20:03,SOLUSDT,sell,222.414,LOSS,0.63,5.91,0.1
2026-05-13 20:13,SOLUSDT,buy,224.7444,WIN,0.79,1.02,5.16
2026-05-13 20:20,SOLUSDT,buy,225.3188,WIN,0.45,1.27,5.09
2026-05-13 20:22,SOLUSDT,buy,225.377,WIN,0.33,1.3,5.06
2026-05-13 20:23,SOLUSDT,buy,225.8097,WIN,0.53,1.49,5.29
2026-05-13 20:42,SOLUSDT,sell,224.4837,LOSS,0.45,5.06,0.91
2026-05-13 20:50,SOLUSDT,sell,223.6556,LOSS,0.43,5.32,0.54
2026-05-13 20:51,SOLUSDT,sell,223.2131,LOSS,0.63,5.53,0.34
2026-05-13 21:06,SOLUSDT,buy,225.5521,WIN,0.85,1.38,5.0
2026-05-13 21:25,SOLUSDT,sell,224.0352,LOSS,0.84,5.14,0.71
2026-05-13 21:30,SOLUSDT,sell,223.3554,LOSS,0.58,5.46,0.41
2026-05-13 21:32,SOLUSDT,sell,223.1165,LOSS,0.69,5.58,0.3
2026-05-13 21:44,SOLUSDT,buy,225.0504,WIN,0.38,1.01,5.01
2026-05-13 21:57,SOLUSDT,buy,225.6884,WIN,0.74,1.29,5.35
2026-05-13 21:58,SOLUSDT,buy,225.7937,WIN,0.78,1.34,5.3
2026-05-13 22:05,SOLUSDT,sell,223.97,LOSS,0.74,5.17,0.53
2026-05-13 22:06,SOLUSDT,sell,223.7457,LOSS,0.55,5.28,0.43
2026-05-13 22:07,SOLUSDT,sell,223.6734,LOSS,0.57,5.31,0.4
2026-05-13 22:11,SOLUSDT,sell,223.155,LOSS,0.67,5.56,0.17
2026-05-13 22:12,SOLUSDT,sell,223.0492,LOSS,0.72,5.61,0.1
2026-05-13 22:16,SOLUSDT,buy,227.0374,WIN,1.91,0.47,5.03
2026-05-13 22:18,SOLUSDT,buy,227.4861,WIN,2.09,0.67,6.23
2026-05-13 22:34,SOLUSDT,buy,228.2728,WIN,0.49,1.01,5.86
2026-05-13 22:56,SOLUSDT,buy,229.2189,WIN,0.52,1.42,5.42
2026-05-13 22:57,SOLUSDT,buy,229.5387,WIN,0.66,1.56,5.28
2026-05-13 23:01,SOLUSDT,buy,230.6379,WIN,0.72,2.03,6.28
2026-05-13 23:02,SOLUSDT,buy,230.907,WIN,0.84,2.14,6.16
2026-05-13 23:07,SOLUSDT,buy,231.3507,WIN,0.34,2.33,5.95
2026-05-13 23:09,SOLUSDT,buy,231.5126,WIN,0.41,2.4,5.88
2026-05-13 23:10,SOLUSDT,buy,232.0442,WIN,0.51,2.62,5.64
2026-05-13 23:16,SOLUSDT,buy,232.55,WIN,0.32,2.83,5.41
2026-05-13 23:36,SOLUSDT,sell,230.7069,LOSS,0.8,6.25,2.05
2026-05-13 23:43,SOLUSDT,sell,230.5084,LOSS,0.63,5.05,1.97
2026-05-13 23:44,SOLUSDT,sell,230.1599,LOSS,0.78,5.05,1.82
2026-05-13 23:46,SOLUSDT,sell,229.6782,LOSS,0.75,5.21,1.62
2026-05-13 23:48,SOLUSDT,sell,229.2571,LOSS,0.61,5.41,1.44
2026-05-13 23:49,SOLUSDT,sell,228.77,LOSS,0.66,5.63,1.23
2026-05-13 23:52,SOLUSDT,sell,228.6318,LOSS,0.54,5.69,1.17
2026-05-13 23:57,SOLUSDT,sell,227.9678,LOSS,0.63,6.0,0.88
2026-05-14 00:13,SOLUSDT,sell,227.3781,LOSS,0.54,6.28,0.62
2026-05-14 00:19,SOLUSDT,sell,226.8009,LOSS,0.41,5.06,0.37
2026-05-14 00:20,SOLUSDT,sell,226.4128,LOSS,0.58,5.01,0.2
2026-05-14 00:38,SOLUSDT,buy,227.7713,WIN,0.47,0.55,6.09
2026-05-14 00:57,SOLUSDT,buy,228.1152,WIN,0.64,0.36,5.93
2026-05-14 00:58,SOLUSDT,buy,228.4463,WIN,0.78,0.5,5.78
2026-05-14 01:02,SOLUSDT,buy,228.8951,WIN,0.47,0.7,5.57
2026-05-14 01:15,SOLUSDT,buy,229.0971,WIN,0.79,0.55,5.48
2026-05-14 01:28,SOLUSDT,buy,229.6437,WIN,0.79,0.0,5.23
2026-05-14 01:29,SOLUSDT,buy,229.7855,WIN,0.85,0.0,5.16
2026-05-14 01:30,SOLUSDT,buy,229.9907,WIN,0.93,0.08,5.07
2026-05-14 01:31,SOLUSDT,buy,230.3789,WIN,0.97,0.24,5.11
2026-05-14 01:36,SOLUSDT,buy,235.4129,WIN,2.43,3.78,5.13
2026-05-14 02:13,SOLUSDT,buy,235.8173,WIN,0.54,3.95,5.01
2026-05-14 02:28,SOLUSDT,buy,237.5646,WIN,0.78,4.66,5.0
2026-05-14 02:29,SOLUSDT,buy,237.8375,WIN,0.85,4.77,5.02
2026-05-14 02:32,SOLUSDT,buy,238.2057,WIN,0.69,4.91,5.03
2026-05-14 02:34,SOLUSDT,buy,238.444,LOSS,0.36,5.01,1.56
2026-05-14 02:46,SOLUSDT,sell,235.6521,LOSS,0.65,5.03,3.88
2026-05-14 02:47,SOLUSDT,sell,235.3776,LOSS,0.72,5.15,3.77
2026-05-14 02:50,SOLUSDT,sell,234.7466,LOSS,0.68,5.01,3.51
2026-05-14 03:31,SOLUSDT,sell,234.1199,LOSS,0.64,5.23,3.25
2026-05-14 03:32,SOLUSDT,sell,233.9085,LOSS,0.73,5.06,3.17
2026-05-14 03:34,SOLUSDT,sell,233.6874,LOSS,0.82,5.16,3.07
2026-05-14 03:35,SOLUSDT,sell,233.2103,LOSS,0.75,5.11,2.88
2026-05-14 03:36,SOLUSDT,sell,232.7515,LOSS,0.7,5.32,2.68
2026-05-14 03:37,SOLUSDT,sell,232.3777,LOSS,0.68,5.49,2.53
2026-05-14 03:51,SOLUSDT,buy,234.7478,WIN,0.82,3.51,5.01
2026-05-14 03:55,SOLUSDT,buy,235.1077,WIN,0.44,3.66,5.1
2026-05-14 04:05,SOLUSDT,buy,235.6199,WIN,0.67,3.87,5.04
2026-05-14 04:06,SOLUSDT,buy,236.1174,WIN,0.8,4.07,5.07
2026-05-14 04:07,SOLUSDT,buy,236.4726,WIN,0.95,4.22,5.24
2026-05-14 04:09,SOLUSDT,buy,236.7704,WIN,0.77,4.34,5.11
2026-05-14 04:10,SOLUSDT,buy,237.0435,WIN,0.67,4.45,5.1
2026-05-14 04:12,SOLUSDT,buy,237.3234,WIN,0.43,4.56,5.03
2026-05-14 04:13,SOLUSDT,buy,237.9175,WIN,0.69,4.8,5.03
2026-05-14 04:14,SOLUSDT,buy,238.5649,LOSS,0.78,5.06,1.5
2026-05-14 04:26,SOLUSDT,sell,235.8731,LOSS,0.41,5.18,3.97
2026-05-14 04:31,SOLUSDT,sell,235.6167,LOSS,0.33,5.04,3.87
2026-05-14 04:32,SOLUSDT,sell,235.2029,LOSS,0.51,5.06,3.7
2026-05-14 04:39,SOLUSDT,sell,235.0452,LOSS,0.67,5.13,3.63
2026-05-14 04:43,SOLUSDT,sell,234.8328,LOSS,0.67,5.22,3.55
2026-05-14 04:45,SOLUSDT,sell,234.6714,LOSS,0.74,5.03,3.48
2026-05-14 04:47,SOLUSDT,sell,234.5843,LOSS,0.41,5.03,3.44
2026-05-14 04:49,SOLUSDT,sell,234.189,LOSS,0.47,5.2,3.28
2026-05-14 04:56,SOLUSDT,buy,241.3614,LOSS,3.06,5.06,0.33
2026-05-14 05:01,SOLUSDT,buy,242.1322,LOSS,0.81,5.1,0.0
2026-05-14 05:25,SOLUSDT,sell,238.3917,LOSS,0.73,5.18,4.99
2026-05-14 05:34,SOLUSDT,sell,238.0963,LOSS,0.41,5.08,4.87
2026-05-14 05:36,SOLUSDT,sell,237.349,LOSS,0.66,5.02,4.57
2026-05-14 05:41,SOLUSDT,sell,237.0757,LOSS,0.55,5.08,4.46
2026-05-14 05:46,SOLUSDT,sell,235.6282,LOSS,0.98,5.04,3.87
2026-05-14 05:50,SOLUSDT,sell,234.3032,LOSS,0.92,5.15,3.33
2026-05-14 05:52,SOLUSDT,sell,233.8313,LOSS,0.89,5.09,3.13
2026-05-14 05:55,SOLUSDT,sell,233.7809,LOSS,0.32,5.12,3.11
2026-05-14 05:56,SOLUSDT,sell,233.1946,LOSS,0.57,5.12,2.87
2026-05-14 06:15,SOLUSDT,sell,232.0322,LOSS,0.49,5.64,2.38
2026-05-14 06:30,SOLUSDT,sell,231.6415,LOSS,0.65,5.82,2.22
2026-05-14 06:31,SOLUSDT,sell,231.426,LOSS,0.58,5.92,2.13
2026-05-14 06:32,SOLUSDT,sell,230.9955,LOSS,0.73,6.12,1.94
2026-05-14 06:33,SOLUSDT,sell,230.8383,LOSS,0.8,6.19,1.88
2026-05-14 06:34,SOLUSDT,sell,230.4898,LOSS,0.95,6.35,1.73
2026-05-14 06:36,SOLUSDT,sell,229.866,LOSS,0.67,6.64,1.46
2026-05-14 06:37,SOLUSDT,sell,229.4931,LOSS,0.79,6.81,1.3
2026-05-14 06:54,SOLUSDT,buy,230.9536,WIN,0.64,1.93,6.14
2026-05-14 07:05,SOLUSDT,sell,229.3021,LOSS,0.57,6.9,1.22
2026-05-14 07:08,SOLUSDT,sell,228.8603,LOSS,0.64,7.11,1.03
2026-05-14 07:23,SOLUSDT,buy,230.409,WIN,0.72,1.69,6.39
2026-05-14 07:37,SOLUSDT,sell,227.419,LOSS,0.33,5.13,0.4
2026-05-14 08:07,SOLUSDT,sell,227.1547,LOSS,0.27,5.25,0.29
2026-05-14 08:08,SOLUSDT,sell,226.9507,LOSS,0.36,5.07,0.0
2026-05-14 08:16,SOLUSDT,buy,233.9521,WIN,3.05,0.51,5.04
2026-05-14 08:22,SOLUSDT,buy,234.337,WIN,0.54,0.67,5.14
2026-05-14 08:23,SOLUSDT,buy,234.6643,WIN,0.58,0.81,5.03
2026-05-14 08:25,SOLUSDT,buy,234.8052,WIN,0.64,0.87,5.24
2026-05-14 08:26,SOLUSDT,buy,235.3544,WIN,0.61,1.1,5.0
2026-05-14 08:56,SOLUSDT,buy,235.5186,WIN,0.48,1.17,5.09
2026-05-14 09:22,SOLUSDT,sell,233.7951,LOSS,0.71,5.11,0.44
2026-05-14 09:25,SOLUSDT,sell,233.6393,LOSS,0.51,5.01,0.38
2026-05-14 09:26,SOLUSDT,sell,233.549,LOSS,0.55,5.05,0.34
2026-05-14 09:27,SOLUSDT,sell,233.2059,LOSS,0.47,5.11,0.19
2026-05-14 09:37,SOLUSDT,buy,235.7045,WIN,0.76,1.25,5.0
2026-05-14 09:39,SOLUSDT,buy,236.1164,WIN,0.94,1.42,5.07
2026-05-14 10:07,SOLUSDT,sell,233.9152,LOSS,0.54,5.06,0.5
2026-05-14 10:09,SOLUSDT,sell,233.4574,LOSS,0.58,5.09,0.3
2026-05-14 10:29,SOLUSDT,buy,235.0675,WIN,0.5,0.98,5.12
2026-05-14 10:43,SOLUSDT,buy,235.7538,WIN,0.46,1.27,5.03
2026-05-14 10:49,SOLUSDT,buy,236.6822,WIN,0.59,1.66,5.15
2026-05-14 10:52,SOLUSDT,buy,236.9922,WIN,0.54,1.79,5.01
2026-05-14 10:59,SOLUSDT,buy,237.5488,WIN,0.34,2.02,5.01
2026-05-14 11:17,SOLUSDT,sell,236.1519,LOSS,0.7,5.05,1.44
2026-05-14 11:20,SOLUSDT,sell,235.955,LOSS,0.63,5.14,1.36
2026-05-14 11:21,SOLUSDT,sell,235.0432,LOSS,0.68,5.13,0.97
2026-05-14 11:33,SOLUSDT,sell,233.9578,LOSS,0.74,5.04,0.51
2026-05-14 11:34,SOLUSDT,sell,233.5996,LOSS,0.89,5.03,0.36
2026-05-14 11:35,SOLUSDT,sell,232.9872,LOSS,1.05,5.21,0.1
2026-05-14 11:55,SOLUSDT,buy,236.9948,WIN,0.53,1.79,5.01
2026-05-14 11:56,SOLUSDT,buy,237.3947,WIN,0.7,1.95,5.08
2026-05-14 11:57,SOLUSDT,buy,237.5836,WIN,0.78,2.03,5.09
2026-05-14 11:59,SOLUSDT,buy,238.0326,WIN,0.77,2.22,5.11
2026-05-14 12:01,SOLUSDT,buy,238.8171,WIN,0.78,2.54,5.08
2026-05-14 12:02,SOLUSDT,buy,239.227,WIN,0.82,2.71,5.11
2026-05-14 12:17,SOLUSDT,sell,237.274,LOSS,0.45,5.05,1.9
2026-05-14 12:20,SOLUSDT,sell,236.7294,LOSS,0.68,5.12,1.68
2026-05-14 12:21,SOLUSDT,sell,236.3463,LOSS,0.67,5.29,1.52
2026-05-14 12:25,SOLUSDT,sell,235.8014,LOSS,0.44,5.01,1.29
2026-05-14 12:31,SOLUSDT,sell,235.4348,LOSS,0.56,5.12,1.14
2026-05-14 12:33,SOLUSDT,sell,234.6829,LOSS,0.75,5.02,0.82
2026-05-14 12:36,SOLUSDT,sell,234.0257,LOSS,0.82,5.01,0.54
2026-05-14 12:37,SOLUSDT,sell,233.2755,LOSS,1.14,5.08,0.22
2026-05-14 12:38,SOLUSDT,sell,232.9804,LOSS,0.86,5.21,0.06
2026-05-14 13:30,SOLUSDT,buy,235.3694,WIN,0.41,0.4,5.15
2026-05-14 13:31,SOLUSDT,buy,235.548,WIN,0.41,0.48,5.07
2026-05-14 13:32,SOLUSDT,buy,236.0505,WIN,0.63,0.69,5.1
2026-05-14 13:47,SOLUSDT,sell,234.5106,LOSS,0.85,5.06,0.02
2026-05-14 14:01,SOLUSDT,buy,236.5209,WIN,0.49,0.57,5.22
2026-05-14 14:42,SOLUSDT,buy,237.738,WIN,0.55,0.25,5.02
2026-05-14 14:43,SOLUSDT,buy,237.8382,WIN,0.59,0.3,5.02
2026-05-14 14:46,SOLUSDT,buy,238.5931,WIN,0.66,0.61,5.09
2026-05-14 14:56,SOLUSDT,buy,244.3604,WIN,3.05,2.75,5.55
2026-05-14 15:03,SOLUSDT,buy,245.4516,WIN,0.44,3.18,5.08
2026-05-14 15:23,SOLUSDT,buy,245.8987,WIN,0.65,3.36,5.17
2026-05-14 15:47,SOLUSDT,buy,246.8512,WIN,0.44,3.73,5.0
2026-05-14 15:53,SOLUSDT,buy,247.2633,WIN,0.22,3.89,5.09
2026-05-14 16:02,SOLUSDT,sell,245.2393,LOSS,0.63,5.17,3.1
2026-05-14 16:03,SOLUSDT,sell,244.532,LOSS,0.79,5.48,2.82
2026-05-14 16:05,SOLUSDT,sell,243.9821,LOSS,0.65,5.02,2.6
2026-05-14 16:08,SOLUSDT,sell,243.3494,LOSS,0.51,5.15,2.34
2026-05-14 16:10,SOLUSDT,sell,242.3602,LOSS,0.71,5.07,1.95
2026-05-14 16:11,SOLUSDT,sell,241.8817,LOSS,0.91,5.12,1.75
2026-05-14 16:14,SOLUSDT,sell,241.6231,LOSS,0.84,5.01,1.65
2026-05-14 16:35,SOLUSDT,buy,243.8212,WIN,0.47,2.53,5.01
2026-05-14 16:44,SOLUSDT,sell,241.8369,LOSS,0.78,5.14,1.73
2026-05-14 16:45,SOLUSDT,sell,241.1981,LOSS,0.88,5.19,1.47
2026-05-14 16:46,SOLUSDT,sell,240.9392,LOSS,0.97,5.11,1.37
2026-05-14 16:59,SOLUSDT,sell,239.8943,LOSS,0.8,5.11,0.94
2026-05-14 17:03,SOLUSDT,sell,239.5143,LOSS,0.44,5.02,0.78
2026-05-14 17:11,SOLUSDT,sell,239.4426,LOSS,0.44,5.02,0.75
2026-05-14 17:12,SOLUSDT,sell,238.9334,LOSS,0.65,5.03,0.54
2026-05-14 17:22,SOLUSDT,buy,240.7021,WIN,0.8,1.27,5.21
2026-05-14 17:23,SOLUSDT,buy,241.0822,WIN,0.89,1.43,5.05
2026-05-14 17:42,SOLUSDT,sell,238.6136,LOSS,0.67,5.08,0.41
2026-05-14 17:43,SOLUSDT,sell,237.9244,LOSS,0.78,5.02,0.12
2026-05-14 18:10,SOLUSDT,buy,240.1058,WIN,0.59,0.57,5.01
2026-05-14 18:16,SOLUSDT,buy,245.4523,WIN,2.82,0.14,5.08
2026-05-14 18:20,SOLUSDT,buy,245.9095,WIN,3.01,0.1,5.17
2026-05-14 18:22,SOLUSDT,buy,246.5522,WIN,0.59,0.17,5.02
2026-05-14 18:26,SOLUSDT,buy,247.3609,WIN,0.69,0.5,5.05
2026-05-14 18:27,SOLUSDT,buy,248.0774,WIN,0.71,0.79,5.01
2026-05-14 18:29,SOLUSDT,buy,248.4247,WIN,0.8,0.93,5.05
2026-05-14 18:36,SOLUSDT,buy,249.2955,WIN,0.45,1.27,5.96
2026-05-14 18:39,SOLUSDT,buy,249.5044,WIN,0.39,1.35,5.87
2026-05-14 18:45,SOLUSDT,buy,249.8255,WIN,0.44,1.48,5.73
2026-05-14 19:19,SOLUSDT,sell,247.9496,LOSS,0.9,5.06,0.74
2026-05-14 19:22,SOLUSDT,sell,247.3092,LOSS,0.83,5.07,0.48
2026-05-14 19:36,SOLUSDT,sell,246.8985,LOSS,0.59,5.05,0.31
2026-05-14 19:37,SOLUSDT,sell,246.6005,LOSS,0.61,5.01,0.19
2026-05-14 19:38,SOLUSDT,sell,246.1436,LOSS,0.79,5.07,0.0
2026-05-14 20:10,SOLUSDT,buy,249.4053,WIN,0.7,0.25,5.91
2026-05-14 20:11,SOLUSDT,buy,249.9323,WIN,0.71,0.46,5.69
2026-05-14 20:12,SOLUSDT,buy,250.4035,WIN,0.85,0.64,5.49
2026-05-14 20:14,SOLUSDT,buy,250.8655,WIN,0.89,0.83,5.29
2026-05-14 20:47,SOLUSDT,buy,251.5011,WIN,0.56,0.2,5.03
2026-05-14 20:49,SOLUSDT,buy,251.9037,WIN,0.72,0.19,5.53
2026-05-14 20:50,SOLUSDT,buy,252.7855,WIN,0.9,0.54,5.16
2026-05-14 21:08,SOLUSDT,buy,254.3531,WIN,0.48,1.15,5.02
2026-05-14 21:16,SOLUSDT,buy,255.3036,WIN,0.5,1.52,5.01
2026-05-14 21:19,SOLUSDT,buy,256.0274,WIN,0.78,1.8,5.0
2026-05-14 21:35,SOLUSDT,sell,253.9076,LOSS,0.64,5.2,0.98
2026-05-14 21:36,SOLUSDT,buy,257.9114,WIN,1.79,2.51,6.4
2026-05-14 21:37,SOLUSDT,buy,258.038,WIN,1.84,2.56,6.35
2026-05-14 21:38,SOLUSDT,buy,258.3693,WIN,1.97,2.69,6.21
2026-05-14 22:12,SOLUSDT,buy,258.4957,WIN,0.48,2.74,6.16
2026-05-14 22:22,SOLUSDT,sell,256.9828,LOSS,0.36,5.15,2.16
2026-05-14 22:45,SOLUSDT,buy,258.9206,WIN,0.37,2.89,5.98
2026-05-14 22:49,SOLUSDT,buy,259.0489,WIN,0.33,2.94,5.93
2026-05-14 23:12,SOLUSDT,sell,256.3443,LOSS,0.6,5.05,1.92
2026-05-14 23:18,SOLUSDT,sell,255.8822,LOSS,0.51,5.06,1.74
2026-05-14 23:29,SOLUSDT,sell,254.7081,LOSS,0.88,5.03,1.29
2026-05-14 23:32,SOLUSDT,sell,254.4987,LOSS,0.66,5.12,1.21
2026-05-14 23:35,SOLUSDT,sell,253.5654,LOSS,0.65,5.02,0.84
2026-05-15 00:13,SOLUSDT,sell,253.285,LOSS,0.67,5.1,0.73
2026-05-15 00:30,SOLUSDT,buy,255.0032,WIN,0.59,1.4,5.01
2026-05-15 00:40,SOLUSDT,sell,253.4985,LOSS,0.59,5.01,0.82
2026-05-15 00:41,SOLUSDT,sell,253.1338,LOSS,0.55,5.02,0.68
2026-05-15 00:44,SOLUSDT,sell,252.6683,LOSS,0.66,5.21,0.49
2026-05-15 00:53,SOLUSDT,sell,252.205,LOSS,0.38,5.4,0.31
2026-05-15 00:56,SOLUSDT,buy,259.141,WIN,3.07,1.74,5.89
2026-05-15 01:20,SOLUSDT,buy,259.2061,WIN,0.4,1.76,5.87
2026-05-15 01:35,SOLUSDT,sell,256.0228,LOSS,0.55,5.01,0.54
2026-05-15 01:38,SOLUSDT,sell,255.7224,LOSS,0.67,5.13,0.43
2026-05-15 01:54,SOLUSDT,sell,254.8619,LOSS,0.62,5.03,0.0
2026-05-15 01:58,SOLUSDT,buy,257.174,WIN,1.0,0.5,5.08
2026-05-15 02:05,SOLUSDT,buy,257.6407,WIN,0.38,0.68,6.51
2026-05-15 02:07,SOLUSDT,buy,258.6119,WIN,0.6,1.06,6.11
2026-05-15 02:08,SOLUSDT,buy,259.122,WIN,0.76,1.25,5.9
2026-05-15 02:11,SOLUSDT,buy,259.9269,WIN,0.93,1.56,5.57
2026-05-15 02:32,SOLUSDT,buy,260.0934,WIN,0.56,1.62,5.51
2026-05-15 02:41,SOLUSDT,sell,258.1338,LOSS,0.74,6.31,0.87
2026-05-15 02:45,SOLUSDT,sell,257.1556,LOSS,0.78,5.08,0.49
2026-05-15 03:01,SOLUSDT,buy,260.3494,WIN,0.59,1.72,5.4
2026-05-15 03:02,SOLUSDT,buy,260.7946,WIN,0.71,1.88,5.22
2026-05-15 03:39,SOLUSDT,sell,257.1333,LOSS,0.49,5.09,0.49
2026-05-15 03:42,SOLUSDT,sell,256.9681,LOSS,0.49,5.16,0.42
2026-05-15 03:56,SOLUSDT,sell,256.4596,LOSS,0.65,5.09,0.22
2026-05-15 03:57,SOLUSDT,sell,256.0125,LOSS,0.83,5.01,0.0
2026-05-15 04:16,SOLUSDT,buy,264.059,WIN,2.94,2.06,5.09
2026-05-15 04:19,SOLUSDT,buy,265.4982,WIN,3.51,2.59,5.05
2026-05-15 04:20,SOLUSDT,buy,265.959,WIN,3.66,2.76,5.04
2026-05-15 04:24,SOLUSDT,buy,266.38,WIN,0.42,2.91,5.02
2026-05-15 04:25,SOLUSDT,buy,266.9064,WIN,0.62,3.11,5.0
2026-05-15 04:26,SOLUSDT,buy,267.1966,WIN,0.73,3.21,5.15
2026-05-15 04:43,SOLUSDT,sell,265.9536,LOSS,0.66,5.04,2.76
2026-05-15 04:55,SOLUSDT,buy,267.8841,WIN,0.75,3.46,5.09
2026-05-15 05:00,SOLUSDT,buy,268.4023,WIN,0.39,3.65,5.07
2026-05-15 05:17,SOLUSDT,sell,266.4037,LOSS,0.5,5.01,2.92
2026-05-15 05:36,SOLUSDT,sell,266.0733,LOSS,0.78,5.14,2.8
2026-05-15 05:37,SOLUSDT,sell,265.8762,LOSS,0.83,5.07,2.73
2026-05-15 05:41,SOLUSDT,sell,264.5734,LOSS,0.6,5.09,2.25
2026-05-15 05:45,SOLUSDT,sell,263.9816,LOSS,0.52,5.12,2.03
2026-05-15 05:54,SOLUSDT,sell,262.6126,LOSS,0.7,5.19,1.52
2026-05-15 05:55,SOLUSDT,sell,261.8266,LOSS,1.0,5.0,1.23
2026-05-15 05:56,SOLUSDT,sell,261.4761,LOSS,0.98,5.15,1.09
2026-05-15 05:58,SOLUSDT,sell,261.0334,LOSS,0.89,5.13,0.93
2026-05-15 06:14,SOLUSDT,buy,262.8443,WIN,0.49,1.61,5.1
2026-05-15 06:26,SOLUSDT,sell,260.9876,LOSS,0.76,5.14,0.91
2026-05-15 06:27,SOLUSDT,sell,260.7119,LOSS,0.87,5.26,0.8
2026-05-15 06:29,SOLUSDT,sell,259.6128,LOSS,1.02,5.7,0.38
2026-05-15 06:30,SOLUSDT,sell,259.0886,LOSS,0.97,5.91,0.0
2026-05-15 06:44,SOLUSDT,buy,262.8198,WIN,0.5,1.09,5.11
2026-05-15 07:04,SOLUSDT,buy,263.7021,WIN,0.68,1.26,5.01
2026-05-15 07:05,SOLUSDT,buy,263.8606,WIN,0.71,1.32,5.04
2026-05-15 07:06,SOLUSDT,buy,263.9278,WIN,0.46,1.35,5.01
2026-05-15 07:31,SOLUSDT,sell,261.084,LOSS,0.49,5.11,0.27
2026-05-15 07:36,SOLUSDT,buy,268.6821,WIN,3.19,2.67,5.15
2026-05-15 08:15,SOLUSDT,buy,269.7182,WIN,0.69,3.04,5.07
2026-05-15 08:17,SOLUSDT,buy,270.2372,WIN,0.88,3.23,5.19
2026-05-15 08:40,SOLUSDT,sell,268.5816,LOSS,0.66,5.02,2.63
2026-05-15 08:41,SOLUSDT,sell,268.4497,LOSS,0.71,5.05,2.58
2026-05-15 08:48,SOLUSDT,sell,267.8594,LOSS,0.44,5.1,2.37
2026-05-15 08:49,SOLUSDT,sell,267.3414,LOSS,0.62,5.1,2.18
2026-05-15 08:50,SOLUSDT,sell,266.6922,LOSS,0.86,5.03,1.94
2026-05-15 08:52,SOLUSDT,sell,266.0827,LOSS,1.04,5.14,1.72
2026-05-15 08:53,SOLUSDT,sell,265.7308,LOSS,0.8,5.13,1.58
2026-05-15 08:54,SOLUSDT,sell,265.2597,LOSS,0.8,5.14,1.41
2026-05-15 08:56,SOLUSDT,sell,264.5478,LOSS,1.0,5.1,1.14
2026-05-15 08:57,SOLUSDT,sell,264.2394,LOSS,0.75,5.02,1.03
2026-05-15 09:31,SOLUSDT,sell,264.7154,LOSS,0.84,5.04,1.21
2026-05-15 09:32,SOLUSDT,sell,264.6137,LOSS,0.58,5.08,1.17
2026-05-15 09:33,SOLUSDT,sell,264.4357,LOSS,0.61,5.02,1.1
2026-05-15 09:34,SOLUSDT,sell,264.2246,LOSS,0.69,5.02,1.02
2026-05-15 09:51,SOLUSDT,sell,263.7165,LOSS,0.89,5.1,0.83
2026-05-15 09:52,SOLUSDT,sell,262.6989,LOSS,1.28,5.16,0.45
2026-05-15 10:12,SOLUSDT,sell,261.9222,LOSS,0.43,5.02,0.15
2026-05-15 10:25,SOLUSDT,buy,264.0106,WIN,0.54,0.25,5.11
2026-05-15 10:32,SOLUSDT,buy,264.7796,WIN,0.55,0.16,5.01
2026-05-15 10:34,SOLUSDT,buy,264.9901,WIN,0.52,0.24,5.03
2026-05-15 10:36,SOLUSDT,buy,265.4807,WIN,0.59,0.42,5.06
2026-05-15 10:37,SOLUSDT,buy,266.0277,WIN,0.6,0.63,5.01
2026-05-15 10:38,SOLUSDT,buy,266.7327,WIN,0.87,0.89,5.01
2026-05-15 10:40,SOLUSDT,buy,267.2262,WIN,1.05,1.07,5.14
2026-05-15 10:43,SOLUSDT,buy,267.8668,WIN,0.55,1.31,5.1
2026-05-15 10:44,SOLUSDT,buy,268.2766,WIN,0.63,1.46,5.02
2026-05-15 10:46,SOLUSDT,buy,268.6315,WIN,0.61,1.59,5.17
2026-05-15 11:53,SOLUSDT,sell,270.8309,LOSS,0.37,5.02,2.39
2026-05-15 11:58,SOLUSDT,sell,270.2623,LOSS,0.42,5.18,2.19
2026-05-15 12:01,SOLUSDT,sell,269.7923,LOSS,0.59,5.04,2.02
2026-05-15 12:07,SOLUSDT,sell,269.221,LOSS,0.6,5.01,1.81
2026-05-15 12:13,SOLUSDT,sell,268.9298,LOSS,0.41,5.05,1.7
2026-05-15 12:30,SOLUSDT,sell,268.4465,LOSS,0.62,5.05,1.52
2026-05-15 12:39,SOLUSDT,sell,267.9833,LOSS,0.55,5.05,1.35
2026-05-15 12:54,SOLUSDT,buy,270.0202,WIN,0.96,2.1,5.27
2026-05-15 12:56,SOLUSDT,buy,270.4517,WIN,0.82,2.25,5.1
2026-05-15 12:58,SOLUSDT,buy,270.9301,WIN,0.64,2.43,5.19
2026-05-15 13:15,SOLUSDT,sell,268.5396,LOSS,0.39,5.01,1.56
2026-05-15 13:16,SOLUSDT,sell,268.3064,LOSS,0.48,5.0,1.47
2026-05-15 13:18,SOLUSDT,sell,267.9883,LOSS,0.59,5.05,1.36
2026-05-15 13:23,SOLUSDT,sell,267.3518,LOSS,0.38,5.09,1.12
2026-05-15 14:02,SOLUSDT,sell,266.4123,LOSS,0.69,5.01,0.77
2026-05-15 14:05,SOLUSDT,sell,265.6141,LOSS,0.79,5.0,0.47
2026-05-15 14:08,SOLUSDT,sell,265.0858,LOSS,0.51,5.21,0.28
2026-05-15 14:15,SOLUSDT,sell,264.5859,LOSS,0.45,5.09,0.0
2026-05-15 14:16,SOLUSDT,buy,268.7049,WIN,1.65,0.34,5.14
2026-05-15 14:23,SOLUSDT,buy,269.5867,WIN,0.54,0.67,5.12
2026-05-15 14:38,SOLUSDT,sell,267.9774,LOSS,0.76,5.05,0.0
2026-05-15 14:46,SOLUSDT,buy,270.2213,WIN,0.6,0.7,5.19
2026-05-15 14:57,SOLUSDT,buy,271.1032,WIN,0.81,0.8,5.13
2026-05-15 15:27,SOLUSDT,buy,271.2407,WIN,0.34,0.85,5.07
2026-05-15 15:38,SOLUSDT,buy,271.8156,WIN,0.43,1.06,5.07
2026-05-15 15:47,SOLUSDT,buy,272.6409,WIN,0.42,1.36,5.07
2026-05-15 15:48,SOLUSDT,buy,273.0036,WIN,0.56,1.49,5.09
2026-05-15 15:49,SOLUSDT,buy,273.2237,WIN,0.63,1.57,5.01
2026-05-15 15:59,SOLUSDT,sell,270.6098,LOSS,0.4,5.04,0.62
2026-05-15 16:02,SOLUSDT,sell,270.0655,LOSS,0.56,5.26,0.42
2026-05-15 16:06,SOLUSDT,sell,269.4664,LOSS,0.62,5.17,0.2
2026-05-15 16:21,SOLUSDT,buy,271.4686,WIN,0.42,0.92,5.2
2026-05-15 16:23,SOLUSDT,buy,271.6004,WIN,0.46,0.97,5.15
2026-05-15 16:24,SOLUSDT,buy,272.4082,WIN,0.76,1.26,5.02
2026-05-15 16:26,SOLUSDT,buy,272.5019,WIN,0.57,1.29,5.12
2026-05-15 16:39,SOLUSDT,buy,273.495,WIN,0.62,1.65,5.12
2026-05-15 16:40,SOLUSDT,buy,273.6814,WIN,0.69,1.72,5.05
2026-05-15 16:43,SOLUSDT,buy,273.7892,WIN,0.5,1.76,5.01
2026-05-15 17:05,SOLUSDT,sell,271.6639,LOSS,0.58,5.12,0.99
2026-05-15 17:07,SOLUSDT,sell,271.3696,LOSS,0.53,5.02,0.88
2026-05-15 17:09,SOLUSDT,sell,270.7471,LOSS,0.65,5.05,0.65
2026-05-15 17:17,SOLUSDT,sell,269.787,LOSS,0.48,5.04,0.3
2026-05-15 17:18,SOLUSDT,sell,269.4218,LOSS,0.62,5.18,0.17
2026-05-08 23:10,XRPUSDT,sell,99.5359,LOSS,0.56,5.0,1.02
2026-05-08 23:42,XRPUSDT,sell,99.4125,LOSS,0.86,5.13,0.89
2026-05-09 00:06,XRPUSDT,sell,98.8753,LOSS,0.7,5.0,0.36
2026-05-09 00:07,XRPUSDT,sell,98.6931,LOSS,0.81,5.2,0.0
2026-05-09 00:15,XRPUSDT,buy,99.9097,WIN,0.89,0.62,5.09
2026-05-09 00:28,XRPUSDT,buy,99.948,WIN,0.59,0.54,5.05
2026-05-09 00:29,XRPUSDT,buy,100.0858,WIN,0.73,0.67,5.1
2026-05-09 00:30,XRPUSDT,buy,100.2653,WIN,0.91,0.85,5.1
2026-05-09 00:51,XRPUSDT,sell,99.7021,LOSS,0.32,5.11,0.29
2026-05-09 00:56,XRPUSDT,sell,99.6213,LOSS,0.37,5.19,0.21
2026-05-09 00:57,XRPUSDT,sell,99.4523,LOSS,0.54,5.09,0.04
2026-05-09 00:58,XRPUSDT,sell,99.4473,LOSS,0.55,5.1,0.03
2026-05-09 01:05,XRPUSDT,buy,100.093,WIN,0.52,0.68,5.09
2026-05-09 01:08,XRPUSDT,buy,100.6194,WIN,0.78,1.2,5.25
2026-05-09 01:27,XRPUSDT,buy,100.997,WIN,0.84,1.57,5.09
2026-05-09 01:31,XRPUSDT,buy,101.2506,WIN,0.57,1.81,5.03
2026-05-09 01:33,XRPUSDT,buy,101.296,WIN,0.48,1.86,5.13
2026-05-09 01:36,XRPUSDT,buy,103.3273,WIN,2.18,3.79,6.4
2026-05-09 01:37,XRPUSDT,buy,103.4449,WIN,2.29,3.9,6.28
2026-05-09 01:38,XRPUSDT,buy,103.717,WIN,2.56,4.15,6.0
2026-05-09 02:08,XRPUSDT,buy,104.0304,WIN,0.82,4.44,5.68
2026-05-09 02:53,XRPUSDT,sell,102.9734,LOSS,0.78,6.77,3.46
2026-05-09 03:10,XRPUSDT,sell,102.682,LOSS,0.31,7.07,3.18
2026-05-09 03:24,XRPUSDT,buy,103.3472,WIN,0.57,3.81,6.38
2026-05-09 03:33,XRPUSDT,buy,103.5205,WIN,0.72,3.97,6.2
2026-05-09 03:56,XRPUSDT,sell,102.6226,LOSS,0.49,7.13,3.13
2026-05-09 03:58,XRPUSDT,sell,102.3269,LOSS,0.65,5.15,2.85
2026-05-09 04:00,XRPUSDT,sell,102.1773,LOSS,0.68,5.3,2.71
2026-05-09 04:01,XRPUSDT,sell,101.9367,LOSS,0.85,5.1,2.48
2026-05-09 04:04,XRPUSDT,sell,101.606,LOSS,0.81,5.27,2.16
2026-05-09 04:05,XRPUSDT,sell,101.4404,LOSS,0.75,5.08,2.0
2026-05-09 04:07,XRPUSDT,sell,101.2654,LOSS,0.91,5.01,1.83
2026-05-09 04:09,XRPUSDT,sell,101.1379,LOSS,0.5,5.15,1.71
2026-05-09 04:10,XRPUSDT,sell,100.968,LOSS,0.55,5.12,1.54
2026-05-09 04:11,XRPUSDT,sell,100.6943,LOSS,0.76,5.17,1.27
2026-05-09 04:14,XRPUSDT,sell,100.5895,LOSS,0.57,5.01,1.17
2026-05-09 04:19,XRPUSDT,sell,100.3888,LOSS,0.47,5.2,0.97
2026-05-09 04:20,XRPUSDT,sell,100.2927,LOSS,0.56,5.07,0.88
2026-05-09 04:35,XRPUSDT,sell,100.0523,LOSS,0.4,5.14,0.64
2026-05-09 04:36,XRPUSDT,sell,99.9126,LOSS,0.54,5.08,0.5
2026-05-09 04:48,XRPUSDT,buy,100.6859,WIN,0.64,1.26,5.18
2026-05-09 04:54,XRPUSDT,sell,99.7609,LOSS,0.79,5.05,0.35
2026-05-09 04:55,XRPUSDT,sell,99.618,LOSS,0.68,5.2,0.0
2026-05-09 04:56,XRPUSDT,buy,101.3925,WIN,1.99,1.65,5.03
2026-05-09 05:22,XRPUSDT,buy,101.287,WIN,0.88,1.55,5.14
2026-05-09 05:23,XRPUSDT,buy,101.435,WIN,0.92,1.69,5.09
2026-05-09 05:25,XRPUSDT,buy,101.449,WIN,0.59,1.7,5.08
2026-05-09 05:42,XRPUSDT,sell,100.8739,LOSS,0.55,5.22,1.14
2026-05-09 05:48,XRPUSDT,buy,101.7951,WIN,0.89,2.04,5.08
2026-05-09 05:53,XRPUSDT,buy,102.1479,WIN,0.66,2.38,5.03
2026-05-09 05:55,XRPUSDT,buy,102.4756,WIN,0.96,2.69,7.29
2026-05-09 05:56,XRPUSDT,buy,102.6626,WIN,1.0,2.86,7.09
2026-05-09 05:57,XRPUSDT,buy,102.8239,WIN,1.16,3.02,6.92
2026-05-09 06:04,XRPUSDT,buy,103.2843,WIN,0.61,3.45,6.45
2026-05-09 06:05,XRPUSDT,buy,103.3504,WIN,0.64,3.51,6.38
2026-05-09 06:16,XRPUSDT,sell,101.7141,LOSS,0.85,5.16,1.96
2026-05-09 06:17,XRPUSDT,sell,101.4928,LOSS,1.07,5.03,1.74
2026-05-09 06:41,XRPUSDT,buy,102.4042,WIN,0.43,2.62,5.07
2026-05-09 07:13,XRPUSDT,sell,101.3371,LOSS,0.79,5.09,1.59
2026-05-09 07:14,XRPUSDT,sell,101.0714,LOSS,0.95,5.01,1.34
2026-05-09 07:41,XRPUSDT,sell,101.1504,LOSS,0.72,5.13,1.41
2026-05-09 07:42,XRPUSDT,sell,101.0296,LOSS,0.84,5.06,1.29
2026-05-09 07:44,XRPUSDT,sell,100.8227,LOSS,0.6,5.04,1.09
2026-05-09 07:45,XRPUSDT,sell,100.745,LOSS,0.67,5.12,1.02
2026-05-09 07:46,XRPUSDT,sell,100.7101,LOSS,0.49,5.15,0.98
2026-05-09 07:47,XRPUSDT,sell,100.5663,LOSS,0.57,5.02,0.84
2026-05-09 07:48,XRPUSDT,sell,100.4961,LOSS,0.64,5.09,0.77
2026-05-09 08:16,XRPUSDT,buy,102.2563,WIN,1.6,2.48,5.22
2026-05-09 08:23,XRPUSDT,buy,102.7411,WIN,0.75,2.94,7.01
2026-05-09 08:39,XRPUSDT,sell,101.9404,LOSS,0.61,5.1,2.18
2026-05-09 08:40,XRPUSDT,sell,101.8762,LOSS,0.34,5.16,2.11
2026-05-09 08:43,XRPUSDT,sell,101.768,LOSS,0.33,5.1,2.01
2026-05-09 08:50,XRPUSDT,sell,101.4398,LOSS,0.43,5.08,1.69
2026-05-09 08:53,XRPUSDT,sell,101.3263,LOSS,0.38,5.1,1.58
2026-05-09 08:55,XRPUSDT,sell,101.2332,LOSS,0.42,5.05,1.49
2026-05-09 08:57,XRPUSDT,sell,101.0304,LOSS,0.62,5.06,1.3
2026-05-09 08:58,XRPUSDT,sell,100.9072,LOSS,0.58,5.18,1.17
2026-05-09 09:01,XRPUSDT,sell,100.7538,LOSS,0.45,5.11,1.02
2026-05-09 09:02,XRPUSDT,sell,100.3983,LOSS,0.78,5.19,0.67
2026-05-09 09:03,XRPUSDT,sell,100.2171,LOSS,0.96,5.03,0.49
2026-05-09 09:23,XRPUSDT,buy,101.1068,WIN,0.68,1.37,5.02
2026-05-09 09:38,XRPUSDT,buy,101.3935,WIN,0.47,1.65,5.03
2026-05-09 09:42,XRPUSDT,buy,101.5305,WIN,0.4,1.78,5.03
2026-05-09 09:47,XRPUSDT,buy,101.7413,WIN,0.46,1.98,5.13
2026-05-09 09:48,XRPUSDT,buy,101.9504,WIN,0.66,2.19,5.09
2026-05-09 09:52,XRPUSDT,buy,102.1986,WIN,0.57,2.42,5.28
2026-05-09 09:54,XRPUSDT,buy,102.3001,WIN,0.65,2.52,5.18
2026-05-09 10:22,XRPUSDT,sell,101.7197,LOSS,0.56,5.15,1.96
2026-05-09 10:25,XRPUSDT,sell,101.545,LOSS,0.6,5.01,1.8
2026-05-09 10:26,XRPUSDT,sell,101.3514,LOSS,0.73,5.08,1.61
2026-05-09 10:38,XRPUSDT,sell,101.1548,LOSS,0.51,5.13,1.42
2026-05-09 10:40,XRPUSDT,sell,100.8343,LOSS,0.79,5.03,1.1
2026-05-09 10:43,XRPUSDT,sell,100.584,LOSS,0.65,5.02,0.86
2026-05-09 10:59,XRPUSDT,buy,101.5417,WIN,0.64,1.79,5.02
2026-05-09 11:02,XRPUSDT,buy,101.7636,WIN,0.7,2.01,5.11
2026-05-09 11:07,XRPUSDT,buy,102.0445,WIN,0.64,2.28,5.13
2026-05-09 11:27,XRPUSDT,sell,100.856,LOSS,0.65,5.0,1.12
2026-05-09 11:28,XRPUSDT,sell,100.6256,LOSS,0.66,5.24,0.9
2026-05-09 11:29,XRPUSDT,sell,100.4334,LOSS,0.85,5.15,0.71
2026-05-09 11:31,XRPUSDT,sell,100.3519,LOSS,0.75,5.01,0.63
2026-05-09 11:32,XRPUSDT,sell,99.972,LOSS,1.01,5.02,0.25
2026-05-09 11:37,XRPUSDT,buy,101.679,WIN,1.96,0.52,5.2
2026-05-09 11:41,XRPUSDT,buy,101.9247,WIN,0.49,0.76,5.11
2026-05-09 11:45,XRPUSDT,buy,102.0906,WIN,0.51,0.92,5.09
2026-05-09 11:46,XRPUSDT,buy,102.2143,WIN,0.63,1.04,5.27
2026-05-09 12:03,XRPUSDT,buy,102.441,WIN,0.35,1.26,5.03
2026-05-09 12:04,XRPUSDT,buy,102.6134,WIN,0.52,1.43,7.14
2026-05-09 12:05,XRPUSDT,buy,102.9,WIN,0.8,1.7,6.84
2026-05-09 12:11,XRPUSDT,buy,103.056,WIN,0.46,1.85,6.68
2026-05-09 12:12,XRPUSDT,buy,103.1492,WIN,0.55,1.94,6.59
2026-05-09 12:16,XRPUSDT,buy,103.3373,WIN,0.39,2.12,6.39
2026-05-09 12:31,XRPUSDT,sell,102.4708,LOSS,0.59,5.0,1.29
2026-05-09 12:33,XRPUSDT,sell,102.4053,LOSS,0.49,5.07,1.23
2026-05-09 12:37,XRPUSDT,sell,102.1833,LOSS,0.47,5.3,1.01
2026-05-09 12:38,XRPUSDT,sell,102.1077,LOSS,0.54,5.07,0.94
2026-05-09 12:39,XRPUSDT,sell,102.0229,LOSS,0.63,5.01,0.86
2026-05-09 12:54,XRPUSDT,sell,101.7744,LOSS,0.63,5.1,0.62
2026-05-09 13:21,XRPUSDT,sell,101.4551,LOSS,0.51,5.07,0.3
2026-05-09 13:47,XRPUSDT,sell,101.2499,LOSS,0.56,5.03,0.05
2026-05-09 13:56,XRPUSDT,buy,101.8962,WIN,0.44,0.68,5.14
2026-05-09 13:57,XRPUSDT,buy,101.914,WIN,0.3,0.7,5.12
2026-05-09 14:01,XRPUSDT,buy,101.9908,WIN,0.36,0.77,5.05
2026-05-09 14:08,XRPUSDT,sell,101.2206,LOSS,0.76,5.06,0.0
2026-05-09 14:18,XRPUSDT,buy,102.0379,WIN,0.68,0.58,5.14
2026-05-09 14:20,XRPUSDT,buy,102.2613,WIN,0.9,0.79,5.22
2026-05-09 14:25,XRPUSDT,buy,102.3878,WIN,0.37,0.92,5.09
2026-05-09 14:27,XRPUSDT,buy,102.4725,WIN,0.46,1.0,5.0
2026-05-09 14:44,XRPUSDT,sell,101.9861,LOSS,0.62,5.05,0.53
2026-05-09 14:47,XRPUSDT,sell,101.6695,LOSS,0.65,5.21,0.22
2026-05-09 14:56,XRPUSDT,buy,104.4499,WIN,2.96,1.09,5.26
2026-05-09 14:59,XRPUSDT,buy,104.516,WIN,3.02,1.15,5.19
2026-05-09 15:00,XRPUSDT,buy,104.7542,WIN,3.08,1.38,5.41
2026-05-09 15:01,XRPUSDT,buy,104.9864,WIN,0.67,1.59,5.18
2026-05-09 15:16,XRPUSDT,sell,103.8568,LOSS,0.44,5.86,0.52
2026-05-09 15:25,XRPUSDT,sell,103.5964,LOSS,0.26,6.13,0.27
2026-05-09 16:01,XRPUSDT,buy,104.1618,WIN,0.82,0.01,5.55
2026-05-09 16:02,XRPUSDT,buy,104.4394,WIN,0.85,0.28,5.27
2026-05-09 16:18,XRPUSDT,buy,104.7764,WIN,0.6,0.21,5.39
2026-05-09 16:24,XRPUSDT,buy,105.1642,WIN,0.58,0.44,5.0
2026-05-09 16:25,XRPUSDT,buy,105.3665,WIN,0.78,0.63,5.07
2026-05-09 16:46,XRPUSDT,buy,105.5688,WIN,0.62,0.06,5.16
2026-05-09 16:48,XRPUSDT,buy,105.8803,WIN,0.86,0.33,5.13
2026-05-09 16:49,XRPUSDT,buy,105.9731,WIN,0.87,0.42,5.03
2026-05-09 17:02,XRPUSDT,buy,106.2727,WIN,0.71,2.58,5.09
2026-05-09 17:03,XRPUSDT,buy,106.4807,WIN,0.9,2.77,6.62
2026-05-09 17:04,XRPUSDT,buy,106.5125,WIN,0.93,2.8,6.59
2026-05-09 17:21,XRPUSDT,buy,106.8637,WIN,0.85,3.12,6.24
2026-05-09 17:26,XRPUSDT,buy,107.0397,WIN,0.41,3.28,6.06
2026-05-09 17:47,XRPUSDT,buy,107.0396,WIN,0.46,3.28,6.06
2026-05-09 17:48,XRPUSDT,buy,107.1305,WIN,0.5,3.36,5.97
2026-05-09 17:54,XRPUSDT,buy,107.3502,WIN,0.57,3.56,5.75
2026-05-09 18:05,XRPUSDT,sell,106.68,LOSS,0.68,6.42,2.96
2026-05-09 18:06,XRPUSDT,sell,106.5694,LOSS,0.78,6.53,2.86
2026-05-09 18:07,XRPUSDT,sell,106.3948,LOSS,0.88,5.02,2.7
2026-05-09 18:16,XRPUSDT,buy,109.8412,LOSS,2.89,5.03,1.53
2026-05-09 18:17,XRPUSDT,buy,110.2029,LOSS,3.18,5.34,1.19
2026-05-09 18:42,XRPUSDT,buy,110.4722,LOSS,0.58,5.21,0.95
2026-05-09 18:43,XRPUSDT,buy,110.6617,LOSS,0.63,5.37,0.77
2026-05-09 18:52,XRPUSDT,buy,110.9586,LOSS,1.3,5.14,0.5
2026-05-09 18:53,XRPUSDT,buy,111.0381,LOSS,1.37,5.21,0.43
2026-05-09 18:54,XRPUSDT,buy,111.2215,LOSS,1.21,5.37,0.27
2026-05-09 18:55,XRPUSDT,buy,111.3303,LOSS,0.89,5.07,0.16
2026-05-09 19:09,XRPUSDT,sell,109.699,WIN,0.87,1.13,5.01
2026-05-09 19:33,XRPUSDT,sell,109.8361,WIN,0.53,0.5,5.02
2026-05-09 19:40,XRPUSDT,sell,109.4438,WIN,0.85,0.54,5.05
2026-05-09 19:41,XRPUSDT,sell,109.353,WIN,0.93,0.63,5.1
2026-05-09 19:42,XRPUSDT,sell,109.3436,WIN,0.8,0.63,5.09
2026-05-09 19:46,XRPUSDT,sell,109.1792,WIN,0.4,0.79,5.04
2026-05-09 19:47,XRPUSDT,sell,109.0183,WIN,0.54,0.93,5.04
2026-05-09 19:49,XRPUSDT,sell,108.8401,LOSS,0.69,5.18,4.88
2026-05-09 19:50,XRPUSDT,sell,108.7338,LOSS,0.74,5.1,4.79
2026-05-09 20:10,XRPUSDT,sell,108.5907,LOSS,0.48,5.11,4.66
2026-05-09 20:20,XRPUSDT,sell,108.2432,LOSS,0.73,5.0,4.36
2026-05-09 20:35,XRPUSDT,sell,108.1126,LOSS,1.11,5.01,4.24
2026-05-09 20:50,XRPUSDT,sell,107.3196,LOSS,1.05,5.78,3.53
2026-05-09 21:27,XRPUSDT,sell,106.885,LOSS,0.55,6.21,3.14
2026-05-09 21:30,XRPUSDT,sell,106.6701,LOSS,0.75,6.43,2.95
2026-05-09 21:31,XRPUSDT,sell,106.5229,LOSS,0.66,6.58,2.81
2026-05-09 21:36,XRPUSDT,buy,109.8256,LOSS,3.17,5.01,0.19
2026-05-09 21:57,XRPUSDT,sell,109.2502,WIN,0.66,0.72,5.01
2026-05-09 22:20,XRPUSDT,sell,109.0464,WIN,0.77,0.52,5.01
2026-05-09 22:21,XRPUSDT,sell,108.9404,LOSS,0.86,5.08,4.97
2026-05-09 22:22,XRPUSDT,sell,108.7013,LOSS,1.08,5.0,4.76
2026-05-09 22:34,XRPUSDT,sell,108.558,LOSS,0.56,5.14,4.63
2026-05-09 22:41,XRPUSDT,buy,109.4629,LOSS,0.91,5.07,0.14
2026-05-09 23:14,XRPUSDT,sell,108.4396,LOSS,0.61,5.08,4.53
2026-05-09 23:16,XRPUSDT,sell,108.2501,LOSS,0.66,5.17,4.36
2026-05-09 23:22,XRPUSDT,sell,108.1844,LOSS,0.46,5.06,4.31
2026-05-09 23:27,XRPUSDT,sell,107.884,LOSS,0.38,5.23,4.04
2026-05-09 23:38,XRPUSDT,sell,107.3779,LOSS,0.6,5.73,3.59
2026-05-09 23:49,XRPUSDT,sell,107.174,LOSS,0.56,5.93,3.4
2026-05-09 23:53,XRPUSDT,sell,106.7084,LOSS,0.84,6.39,2.98
2026-05-09 23:55,XRPUSDT,sell,106.5422,LOSS,0.94,6.56,2.83
2026-05-09 23:56,XRPUSDT,sell,106.2816,LOSS,1.18,5.08,2.59
2026-05-10 00:05,XRPUSDT,sell,106.2501,LOSS,0.51,5.11,2.56
2026-05-10 00:08,XRPUSDT,sell,105.9129,LOSS,0.64,5.04,2.25
2026-05-10 00:09,XRPUSDT,sell,105.7701,LOSS,0.78,5.18,2.12
2026-05-10 00:10,XRPUSDT,sell,105.4404,LOSS,0.91,5.07,1.82
2026-05-10 00:12,XRPUSDT,sell,105.2111,LOSS,0.87,5.02,1.6
2026-05-10 00:16,XRPUSDT,sell,104.7293,LOSS,0.9,5.11,1.15
2026-05-10 00:18,XRPUSDT,sell,104.4738,LOSS,0.94,5.09,0.91
2026-05-10 00:34,XRPUSDT,sell,104.0619,LOSS,0.57,5.51,0.51
2026-05-10 00:43,XRPUSDT,sell,103.8457,LOSS,0.96,5.72,0.31
2026-05-10 00:55,XRPUSDT,sell,103.6264,LOSS,0.69,5.95,0.1
2026-05-10 00:56,XRPUSDT,buy,106.0484,WIN,2.38,2.38,5.19
2026-05-10 00:57,XRPUSDT,buy,106.2618,WIN,2.59,2.57,5.1
2026-05-10 02:03,XRPUSDT,buy,106.2583,WIN,0.48,2.57,5.1
2026-05-10 02:05,XRPUSDT,buy,106.3497,WIN,0.57,2.65,5.01
2026-05-10 02:07,XRPUSDT,buy,106.4865,WIN,0.56,2.78,6.61
2026-05-10 02:21,XRPUSDT,sell,105.7325,LOSS,0.55,5.22,2.09
2026-05-10 02:33,XRPUSDT,buy,106.3872,WIN,0.4,2.69,5.03
2026-05-10 02:35,XRPUSDT,buy,106.6459,WIN,0.59,2.92,6.45
2026-05-10 03:01,XRPUSDT,buy,107.1009,WIN,0.44,3.34,6.0
2026-05-10 03:02,XRPUSDT,buy,107.3526,WIN,0.64,3.56,5.75
2026-05-10 03:04,XRPUSDT,buy,107.4396,WIN,0.72,3.64,5.67
2026-05-10 03:06,XRPUSDT,buy,107.6452,WIN,0.67,3.83,5.46
2026-05-10 03:19,XRPUSDT,sell,106.6596,LOSS,0.63,6.44,2.94
2026-05-10 03:21,XRPUSDT,sell,106.5742,LOSS,0.57,6.52,2.86
2026-05-10 03:32,XRPUSDT,sell,105.8975,LOSS,0.64,5.06,2.24
2026-05-10 03:36,XRPUSDT,sell,105.6673,LOSS,0.65,5.28,2.03
2026-05-10 03:46,XRPUSDT,sell,105.4098,LOSS,0.34,5.01,1.79
2026-05-10 03:57,XRPUSDT,sell,104.9002,LOSS,0.91,5.11,1.31
2026-05-10 03:58,XRPUSDT,sell,104.8462,LOSS,0.89,5.17,1.26
2026-05-10 04:00,XRPUSDT,sell,104.3673,LOSS,1.07,5.2,0.81
2026-05-10 04:02,XRPUSDT,sell,104.2655,LOSS,0.73,5.3,0.71
2026-05-10 04:07,XRPUSDT,sell,104.1508,LOSS,0.45,5.41,0.6
2026-05-10 04:10,XRPUSDT,sell,103.7522,LOSS,0.83,5.82,0.22
2026-05-10 04:15,XRPUSDT,sell,103.59,LOSS,0.31,5.99,0.0
2026-05-10 04:18,XRPUSDT,buy,105.1143,WIN,1.53,0.52,5.08
2026-05-10 04:19,XRPUSDT,buy,105.4041,WIN,1.81,0.79,5.01
2026-05-10 04:21,XRPUSDT,buy,105.6518,WIN,0.71,1.02,5.3
2026-05-10 04:22,XRPUSDT,buy,105.8483,WIN,0.84,1.21,5.1
2026-05-10 04:56,XRPUSDT,buy,105.6386,WIN,0.5,1.01,5.31
2026-05-10 05:53,XRPUSDT,sell,104.983,LOSS,0.65,5.03,0.39
2026-05-10 05:55,XRPUSDT,sell,104.8663,LOSS,0.56,5.14,0.28
2026-05-10 06:14,XRPUSDT,buy,105.4927,WIN,0.55,0.87,5.02
2026-05-10 06:26,XRPUSDT,buy,105.6115,WIN,0.37,0.99,5.34
2026-05-10 06:27,XRPUSDT,buy,105.6296,WIN,0.32,1.0,5.32
2026-05-10 06:29,XRPUSDT,buy,105.718,WIN,0.4,1.09,5.23
2026-05-10 06:31,XRPUSDT,buy,105.822,WIN,0.4,1.18,5.13
2026-05-10 06:48,XRPUSDT,sell,104.7563,LOSS,0.53,5.09,0.08
2026-05-10 07:20,XRPUSDT,buy,105.7533,WIN,0.75,0.04,5.2
2026-05-10 07:23,XRPUSDT,buy,105.9781,WIN,0.57,0.0,5.26
2026-05-10 07:24,XRPUSDT,buy,106.0754,WIN,0.47,0.06,5.17
2026-05-10 07:25,XRPUSDT,buy,106.1794,WIN,0.55,0.0,5.06
2026-05-10 07:26,XRPUSDT,buy,106.4025,WIN,0.66,0.1,5.01
2026-05-10 07:28,XRPUSDT,buy,106.609,WIN,0.85,0.1,6.49
2026-05-10 07:30,XRPUSDT,buy,106.9101,WIN,0.85,0.34,6.19
2026-05-10 07:36,XRPUSDT,buy,109.7801,WIN,3.03,2.49,5.16
2026-05-10 07:37,XRPUSDT,buy,109.7998,WIN,3.05,2.5,5.14
2026-05-10 07:38,XRPUSDT,buy,109.9509,WIN,3.19,2.64,5.05
2026-05-10 07:53,XRPUSDT,buy,110.3867,WIN,0.54,3.02,5.17
2026-05-10 07:59,XRPUSDT,sell,109.5872,LOSS,0.7,5.14,2.31
2026-05-10 08:01,XRPUSDT,sell,109.3761,LOSS,0.86,5.16,2.13
2026-05-10 08:07,XRPUSDT,sell,109.084,LOSS,0.54,5.07,1.86
2026-05-10 08:17,XRPUSDT,sell,108.9327,LOSS,0.63,5.09,1.73
2026-05-10 08:22,XRPUSDT,sell,108.8801,LOSS,0.37,5.14,1.68
2026-05-10 08:24,XRPUSDT,sell,108.5051,LOSS,0.72,5.02,1.34
2026-05-10 08:30,XRPUSDT,sell,108.286,LOSS,0.62,5.13,1.14
2026-05-10 08:34,XRPUSDT,sell,108.1014,LOSS,0.46,5.02,0.97
2026-05-10 08:35,XRPUSDT,sell,107.9556,LOSS,0.59,5.16,0.84
2026-05-10 08:39,XRPUSDT,sell,107.7239,LOSS,0.41,5.39,0.62
2026-05-10 08:40,XRPUSDT,sell,107.7136,LOSS,0.31,5.4,0.61
2026-05-10 09:03,XRPUSDT,buy,108.4985,WIN,0.56,1.33,5.03
2026-05-10 09:13,XRPUSDT,sell,107.7706,LOSS,0.56,5.34,0.67
2026-05-10 09:28,XRPUSDT,sell,107.5526,LOSS,0.73,5.56,0.47
2026-05-10 09:30,XRPUSDT,sell,107.376,LOSS,0.78,5.73,0.3
2026-05-10 09:31,XRPUSDT,sell,107.2401,LOSS,0.58,5.86,0.18
2026-05-10 09:32,XRPUSDT,sell,107.1356,LOSS,0.68,5.97,0.08
2026-05-10 09:46,XRPUSDT,buy,108.268,WIN,0.73,1.1,5.15
2026-05-10 09:47,XRPUSDT,buy,108.3506,WIN,0.59,1.17,5.07
2026-05-10 10:03,XRPUSDT,sell,107.6429,LOSS,0.7,5.47,0.52
2026-05-10 10:38,XRPUSDT,sell,107.298,LOSS,0.42,5.81,0.21
2026-05-10 10:49,XRPUSDT,buy,108.1047,WIN,0.36,0.95,5.02
2026-05-10 10:52,XRPUSDT,sell,107.1597,LOSS,1.06,5.94,0.0
2026-05-10 10:56,XRPUSDT,buy,109.8678,WIN,2.61,0.47,5.08
2026-05-10 10:57,XRPUSDT,buy,110.0487,WIN,2.77,0.64,5.01
2026-05-10 10:58,XRPUSDT,buy,110.1861,WIN,2.81,0.76,5.09
2026-05-10 11:06,XRPUSDT,buy,110.6084,WIN,0.47,1.14,5.17
2026-05-10 11:12,XRPUSDT,buy,110.9559,WIN,0.61,1.45,5.08
2026-05-10 12:00,XRPUSDT,buy,111.6139,WIN,0.45,2.03,5.36
2026-05-10 12:20,XRPUSDT,sell,110.4491,LOSS,0.74,5.11,1.0
2026-05-10 12:21,XRPUSDT,sell,110.3863,LOSS,0.79,5.17,0.94
2026-05-10 12:31,XRPUSDT,sell,110.0875,LOSS,0.49,5.03,0.67
2026-05-10 13:08,XRPUSDT,buy,110.6849,WIN,0.55,1.21,5.1
2026-05-10 13:19,XRPUSDT,sell,109.8329,LOSS,0.63,5.11,0.44
2026-05-10 13:29,XRPUSDT,buy,110.9561,WIN,0.7,1.45,5.08
2026-05-10 13:45,XRPUSDT,sell,109.8491,LOSS,0.63,5.1,0.46
2026-05-10 13:46,XRPUSDT,sell,109.701,LOSS,0.52,5.03,0.32
2026-05-10 13:47,XRPUSDT,sell,109.5221,LOSS,0.67,5.02,0.16
2026-05-10 14:10,XRPUSDT,buy,110.2665,WIN,0.84,0.09,5.01
2026-05-10 14:11,XRPUSDT,buy,110.4425,WIN,0.62,0.25,5.11
2026-05-10 14:16,XRPUSDT,buy,113.4172,WIN,2.95,0.37,5.24
2026-05-10 14:37,XRPUSDT,sell,113.0951,LOSS,0.55,5.15,0.0
2026-05-10 14:46,XRPUSDT,buy,113.7672,WIN,0.32,0.25,5.04
2026-05-10 14:54,XRPUSDT,buy,114.0542,WIN,0.5,0.2,6.71
2026-05-10 14:55,XRPUSDT,buy,114.2683,WIN,0.69,0.39,6.51
2026-05-10 14:56,XRPUSDT,buy,114.3645,WIN,0.78,0.47,6.42
2026-05-10 15:22,XRPUSDT,buy,114.6847,WIN,0.43,0.21,6.12
2026-05-10 15:29,XRPUSDT,buy,114.9796,WIN,0.47,0.09,5.85
2026-05-10 15:36,XRPUSDT,buy,115.5914,WIN,0.35,0.03,5.29
2026-05-10 15:37,XRPUSDT,buy,115.7675,WIN,0.49,0.18,5.13
2026-05-10 15:39,XRPUSDT,buy,116.0318,WIN,0.57,0.27,5.28
2026-05-10 15:41,XRPUSDT,buy,116.13,WIN,0.49,0.0,5.19
2026-05-10 15:43,XRPUSDT,buy,116.3642,WIN,0.69,0.12,5.06
2026-05-10 15:49,XRPUSDT,buy,116.9138,WIN,0.59,0.0,5.01
2026-05-10 15:50,XRPUSDT,buy,116.997,WIN,0.6,0.04,5.24
2026-05-10 15:51,XRPUSDT,buy,117.3168,WIN,0.87,0.31,5.02
2026-05-10 15:58,XRPUSDT,buy,117.6618,WIN,0.5,0.6,5.06
2026-05-10 16:11,XRPUSDT,buy,117.9949,WIN,0.65,0.88,5.28
2026-05-10 16:12,XRPUSDT,buy,118.1916,WIN,0.82,1.04,5.1
2026-05-10 16:22,XRPUSDT,buy,118.4264,WIN,0.62,1.24,5.03
2026-05-10 16:26,XRPUSDT,buy,118.8314,WIN,0.84,1.58,5.16
2026-05-10 16:28,XRPUSDT,buy,118.9414,WIN,0.44,1.67,5.06
2026-05-10 16:33,XRPUSDT,buy,118.967,WIN,0.18,1.69,5.04
2026-05-10 16:34,XRPUSDT,buy,119.2485,WIN,0.42,1.92,5.13
2026-05-10 16:43,XRPUSDT,sell,118.358,LOSS,0.96,5.02,1.18
2026-05-10 16:55,XRPUSDT,sell,117.5741,LOSS,0.78,5.01,0.53
2026-05-10 17:00,XRPUSDT,sell,117.3913,LOSS,0.27,5.01,0.37
2026-05-10 17:01,XRPUSDT,sell,117.2365,LOSS,0.39,5.02,0.24
2026-05-10 17:02,XRPUSDT,sell,117.059,LOSS,0.5,5.18,0.0
2026-05-10 17:16,XRPUSDT,buy,118.0414,WIN,0.6,0.21,5.23
2026-05-10 17:21,XRPUSDT,buy,118.3219,WIN,0.45,0.04,5.05
2026-05-10 17:22,XRPUSDT,buy,118.5997,WIN,0.69,0.27,5.36
2026-05-10 17:31,XRPUSDT,buy,118.9164,WIN,0.49,0.39,5.08
2026-05-10 17:36,XRPUSDT,buy,121.6239,WIN,2.67,0.15,6.61
2026-05-10 17:41,XRPUSDT,buy,122.1324,WIN,0.57,0.0,6.17
2026-05-10 17:42,XRPUSDT,buy,122.2341,WIN,0.65,0.0,6.08
2026-05-10 17:43,XRPUSDT,buy,122.5994,WIN,0.96,0.29,5.77
2026-05-10 17:45,XRPUSDT,buy,122.7096,WIN,0.85,0.38,5.67
2026-05-10 17:46,XRPUSDT,buy,122.9251,WIN,0.67,0.55,5.49
2026-05-10 18:06,XRPUSDT,buy,123.3503,WIN,0.33,0.83,5.12
2026-05-10 18:07,XRPUSDT,buy,123.4346,WIN,0.38,0.9,5.05
2026-05-10 18:09,XRPUSDT,buy,123.5661,WIN,0.49,1.0,5.02
2026-05-10 18:10,XRPUSDT,buy,123.7952,WIN,0.68,1.19,5.05
2026-05-10 18:11,XRPUSDT,buy,124.2132,WIN,0.86,1.52,5.17
2026-05-10 18:17,XRPUSDT,buy,124.5142,WIN,0.44,1.76,5.07
2026-05-10 18:30,XRPUSDT,sell,123.4203,LOSS,0.58,5.06,0.89
2026-05-10 18:31,XRPUSDT,sell,123.2412,LOSS,0.7,5.22,0.74
2026-05-10 18:36,XRPUSDT,sell,122.865,LOSS,0.62,5.54,0.44
2026-05-10 18:53,XRPUSDT,buy,123.7286,WIN,0.79,1.13,5.1
2026-05-10 18:57,XRPUSDT,buy,123.8609,WIN,0.37,1.24,5.01
2026-05-10 19:05,XRPUSDT,sell,122.5256,LOSS,1.03,5.83,0.0
2026-05-10 19:19,XRPUSDT,buy,123.8952,WIN,0.4,0.27,5.22
2026-05-10 19:22,XRPUSDT,buy,124.0796,WIN,0.47,0.26,5.07
2026-05-10 19:23,XRPUSDT,buy,124.4365,WIN,0.71,0.55,5.13
2026-05-10 19:28,XRPUSDT,buy,124.583,WIN,0.32,0.66,5.01
2026-05-10 19:46,XRPUSDT,sell,124.1362,LOSS,0.67,5.02,0.31
2026-05-10 19:48,XRPUSDT,sell,123.9356,LOSS,0.52,5.19,0.15
2026-05-10 19:49,XRPUSDT,sell,123.8722,LOSS,0.41,5.24,0.03
2026-05-10 20:03,XRPUSDT,buy,125.28,WIN,0.48,0.54,6.68
2026-05-10 20:11,XRPUSDT,buy,125.3748,WIN,0.51,0.62,6.6
2026-05-10 20:21,XRPUSDT,buy,125.5388,WIN,0.75,0.14,6.46
2026-05-10 20:24,XRPUSDT,buy,126.006,WIN,1.13,0.08,6.07
2026-05-10 20:26,XRPUSDT,buy,126.2243,WIN,0.69,0.02,5.88
2026-05-10 20:27,XRPUSDT,buy,126.3606,WIN,0.8,0.02,5.77
2026-05-10 20:28,XRPUSDT,buy,126.4773,WIN,0.8,0.11,5.67
2026-05-10 20:29,XRPUSDT,buy,126.6342,WIN,0.57,0.24,5.54
2026-05-10 20:30,XRPUSDT,buy,126.8796,WIN,0.77,0.43,5.34
2026-05-10 20:45,XRPUSDT,buy,127.3226,WIN,0.5,0.78,5.25
2026-05-10 20:56,XRPUSDT,buy,129.6621,WIN,2.63,1.44,5.09
2026-05-10 21:40,XRPUSDT,buy,129.7616,WIN,0.73,1.51,5.01
2026-05-10 21:43,XRPUSDT,buy,130.0856,WIN,0.98,1.76,5.02
2026-05-10 22:28,XRPUSDT,buy,129.2835,WIN,0.59,1.15,5.0
2026-05-10 22:41,XRPUSDT,sell,128.2037,LOSS,0.57,5.16,0.31
2026-05-10 22:42,XRPUSDT,sell,128.096,LOSS,0.66,5.25,0.23
2026-05-10 22:43,XRPUSDT,sell,128.0074,LOSS,0.72,5.04,0.04
2026-05-10 22:55,XRPUSDT,buy,129.074,WIN,0.68,0.69,5.17
2026-05-10 23:14,XRPUSDT,buy,129.423,WIN,0.77,0.96,5.12
2026-05-10 23:28,XRPUSDT,buy,129.5829,WIN,0.75,0.2,5.06
2026-05-10 23:30,XRPUSDT,buy,129.7428,WIN,0.81,0.0,5.03
2026-05-10 23:32,XRPUSDT,buy,130.2505,WIN,0.95,0.22,5.09
2026-05-10 23:35,XRPUSDT,buy,130.4561,WIN,0.59,0.37,5.25
2026-05-11 00:01,XRPUSDT,sell,130.0609,LOSS,0.55,5.04,0.0
2026-05-11 00:04,XRPUSDT,buy,130.823,WIN,0.66,0.25,5.14
2026-05-11 00:06,XRPUSDT,buy,131.3772,WIN,1.08,0.67,5.01
2026-05-11 00:16,XRPUSDT,buy,133.4758,WIN,2.28,0.06,5.03
2026-05-11 00:20,XRPUSDT,buy,133.8542,WIN,2.57,0.23,5.04
2026-05-11 00:21,XRPUSDT,buy,134.1647,WIN,0.61,0.46,5.06
2026-05-11 00:26,XRPUSDT,buy,134.4207,WIN,0.31,0.65,5.02
2026-05-11 00:39,XRPUSDT,buy,135.1917,WIN,0.82,0.0,5.08
2026-05-11 00:40,XRPUSDT,buy,135.6184,WIN,1.09,0.04,6.15
2026-05-11 00:41,XRPUSDT,buy,135.9758,WIN,1.15,0.3,5.87
2026-05-11 00:43,XRPUSDT,buy,136.2517,WIN,1.1,0.5,5.66
2026-05-11 00:44,XRPUSDT,buy,136.2883,WIN,1.04,0.53,5.63
2026-05-11 00:45,XRPUSDT,buy,136.59,WIN,0.74,0.75,5.39
2026-05-11 01:00,XRPUSDT,buy,136.747,WIN,0.71,0.48,5.27
2026-05-11 01:01,XRPUSDT,buy,137.2828,WIN,1.1,0.87,5.05
2026-05-11 01:02,XRPUSDT,buy,137.3763,WIN,1.17,0.94,5.04
2026-05-11 01:22,XRPUSDT,sell,137.0711,LOSS,0.51,5.02,0.72
2026-05-11 01:33,XRPUSDT,sell,136.7112,LOSS,0.61,5.3,0.46
2026-05-11 01:45,XRPUSDT,sell,136.4009,LOSS,0.49,5.54,0.23
2026-05-11 01:53,XRPUSDT,buy,137.2629,WIN,0.86,0.16,5.06
2026-05-11 01:54,XRPUSDT,buy,137.3675,WIN,0.92,0.23,5.05
2026-05-11 01:55,XRPUSDT,buy,137.4813,WIN,0.93,0.31,5.25
2026-05-11 02:17,XRPUSDT,buy,138.0431,WIN,0.33,0.07,5.19
2026-05-11 02:20,XRPUSDT,buy,138.1941,WIN,0.32,0.04,5.08
2026-05-11 02:24,XRPUSDT,buy,138.8936,WIN,0.68,0.0,5.01
2026-05-11 02:25,XRPUSDT,buy,139.203,WIN,0.77,0.14,6.26
2026-05-11 02:28,XRPUSDT,buy,139.2959,WIN,0.68,0.0,6.19
2026-05-11 02:29,XRPUSDT,buy,139.5635,WIN,0.5,0.01,5.99
2026-05-11 02:30,XRPUSDT,buy,139.9497,WIN,0.68,0.28,5.7
2026-05-11 02:44,XRPUSDT,buy,140.5857,WIN,0.51,0.21,5.22
2026-05-11 02:45,XRPUSDT,buy,140.9457,WIN,0.77,0.47,5.09
2026-05-11 02:46,XRPUSDT,buy,141.0388,WIN,0.83,0.53,5.02
2026-05-11 02:47,XRPUSDT,buy,141.2721,WIN,0.85,0.7,5.4
2026-05-11 02:54,XRPUSDT,buy,141.4329,WIN,0.5,0.81,5.28
2026-05-11 02:55,XRPUSDT,buy,141.768,WIN,0.74,1.04,5.03
2026-05-11 03:10,XRPUSDT,sell,140.562,LOSS,0.71,5.24,0.17
2026-05-11 03:26,XRPUSDT,buy,141.7751,WIN,0.99,0.52,5.03
2026-05-11 03:27,XRPUSDT,buy,141.9914,WIN,0.85,0.67,5.29
2026-05-11 03:36,XRPUSDT,buy,143.6689,WIN,1.86,1.23,5.44
2026-05-11 04:02,XRPUSDT,sell,142.4719,LOSS,0.67,5.04,0.4
2026-05-11 04:21,XRPUSDT,sell,142.0701,LOSS,0.7,5.23,0.12
2026-05-11 04:40,XRPUSDT,buy,143.0354,WIN,0.78,0.79,5.12
2026-05-11 04:42,XRPUSDT,buy,143.3509,WIN,0.95,1.01,5.13
2026-05-11 04:43,XRPUSDT,buy,143.4419,WIN,1.01,1.08,5.06
2026-05-11 04:44,XRPUSDT,buy,143.719,WIN,1.0,1.27,5.4
2026-05-11 04:45,XRPUSDT,buy,143.8208,WIN,0.69,1.34,5.33
2026-05-11 04:46,XRPUSDT,buy,144.0834,WIN,0.73,1.52,5.14
2026-05-11 04:51,XRPUSDT,buy,144.4062,WIN,0.5,1.74,5.61
2026-05-11 05:07,XRPUSDT,sell,143.4788,LOSS,0.83,5.03,1.1
2026-05-11 05:10,XRPUSDT,sell,143.2074,LOSS,0.56,5.06,0.91
2026-05-11 05:11,XRPUSDT,sell,142.7118,LOSS,0.9,5.05,0.57
2026-05-11 05:12,XRPUSDT,sell,142.2313,LOSS,0.93,5.11,0.23
2026-05-11 05:15,XRPUSDT,sell,142.1136,LOSS,0.79,5.2,0.13
2026-05-11 05:25,XRPUSDT,buy,144.085,WIN,0.86,1.5,5.14
2026-05-11 05:27,XRPUSDT,buy,144.6593,WIN,0.91,1.89,5.42
2026-05-11 05:28,XRPUSDT,buy,144.715,WIN,0.95,1.93,5.38
2026-05-11 05:38,XRPUSDT,sell,142.2628,LOSS,1.14,5.09,0.24
2026-05-11 05:56,XRPUSDT,buy,143.8136,WIN,0.92,0.18,5.33
2026-05-11 05:59,XRPUSDT,buy,143.9645,WIN,0.5,0.18,5.22
2026-05-11 06:00,XRPUSDT,buy,144.269,WIN,0.72,0.39,5.0
2026-05-11 06:04,XRPUSDT,buy,144.5211,WIN,0.53,0.57,5.52
2026-05-11 06:07,XRPUSDT,buy,144.7832,WIN,0.71,0.75,5.33
2026-05-11 06:08,XRPUSDT,buy,145.0135,WIN,0.57,0.91,5.17
2026-05-11 06:36,XRPUSDT,sell,143.9407,LOSS,0.59,5.24,0.0
2026-05-11 06:51,XRPUSDT,buy,145.6853,WIN,0.79,0.29,5.0
2026-05-11 06:56,XRPUSDT,buy,147.823,WIN,1.77,0.77,5.27
2026-05-11 06:57,XRPUSDT,buy,148.0554,WIN,1.93,0.92,5.1
2026-05-11 07:03,XRPUSDT,buy,148.6422,WIN,0.79,1.31,7.28
2026-05-11 07:06,XRPUSDT,buy,148.9467,WIN,0.69,1.52,7.07
2026-05-11 07:20,XRPUSDT,sell,147.4263,LOSS,0.38,5.55,0.5
2026-05-11 07:21,XRPUSDT,sell,147.1988,LOSS,0.53,5.72,0.35
2026-05-11 07:36,XRPUSDT,buy,148.0983,WIN,0.84,0.34,5.07
2026-05-11 07:41,XRPUSDT,buy,148.8272,WIN,0.55,0.83,7.15
2026-05-11 07:51,XRPUSDT,buy,149.1956,WIN,0.53,1.07,6.89
2026-05-11 08:10,XRPUSDT,sell,148.3732,LOSS,0.84,5.17,0.53
2026-05-11 08:25,XRPUSDT,buy,149.747,WIN,0.61,1.44,6.49
2026-05-11 08:27,XRPUSDT,buy,150.2708,WIN,0.81,1.78,6.12
2026-05-11 08:45,XRPUSDT,sell,149.1891,LOSS,0.54,6.89,1.07
2026-05-11 08:47,XRPUSDT,sell,148.769,LOSS,0.59,7.19,0.79
2026-05-11 09:01,XRPUSDT,buy,149.7301,WIN,0.54,1.43,6.5
2026-05-11 09:02,XRPUSDT,buy,149.8403,WIN,0.61,1.5,6.43
2026-05-11 09:13,XRPUSDT,sell,148.7472,LOSS,0.66,7.21,0.78
2026-05-11 09:17,XRPUSDT,sell,148.1209,LOSS,0.62,5.06,0.36
2026-05-11 09:30,XRPUSDT,buy,149.8642,WIN,0.78,1.51,6.41
2026-05-11 09:44,XRPUSDT,buy,150.1992,WIN,0.64,1.73,6.17
2026-05-11 09:45,XRPUSDT,buy,150.4326,WIN,0.79,1.89,6.01
2026-05-11 09:59,XRPUSDT,sell,148.9121,LOSS,0.55,7.09,0.89
2026-05-11 10:00,XRPUSDT,sell,148.4763,LOSS,0.84,5.09,0.59
2026-05-11 10:03,XRPUSDT,sell,148.0257,LOSS,0.93,5.13,0.29
2026-05-11 10:16,XRPUSDT,buy,151.2498,WIN,2.13,2.42,5.43
2026-05-11 10:58,XRPUSDT,sell,149.4209,LOSS,0.39,6.73,1.22
2026-05-11 11:09,XRPUSDT,buy,150.7292,WIN,0.85,2.08,5.8
2026-05-11 11:24,XRPUSDT,sell,149.27,LOSS,0.53,6.83,1.12
2026-05-11 11:38,XRPUSDT,sell,148.7993,LOSS,0.46,7.17,0.81
2026-05-11 11:46,XRPUSDT,sell,148.2929,LOSS,0.72,5.02,0.47
2026-05-11 12:17,XRPUSDT,sell,147.6883,LOSS,0.52,5.37,0.06
2026-05-11 12:29,XRPUSDT,buy,149.128,WIN,1.04,0.82,6.94
2026-05-11 12:59,XRPUSDT,buy,149.8279,WIN,0.87,1.13,6.44
2026-05-11 13:19,XRPUSDT,buy,150.2232,WIN,0.79,1.39,6.16
2026-05-11 13:20,XRPUSDT,buy,150.5177,WIN,0.99,1.58,5.95
2026-05-11 13:21,XRPUSDT,buy,150.736,WIN,1.14,1.72,5.79
2026-05-11 13:36,XRPUSDT,buy,152.3764,WIN,1.93,2.78,5.03
2026-05-11 13:53,XRPUSDT,buy,152.6908,WIN,0.34,2.98,5.09
2026-05-11 14:02,XRPUSDT,sell,151.6856,LOSS,0.57,5.13,2.34
2026-05-11 14:13,XRPUSDT,sell,151.3499,LOSS,0.56,5.37,2.12
2026-05-11 14:14,XRPUSDT,sell,151.1949,LOSS,0.66,5.47,2.02
2026-05-11 14:27,XRPUSDT,buy,152.2182,WIN,0.61,2.68,5.01
2026-05-11 14:34,XRPUSDT,buy,152.5891,WIN,0.52,2.92,5.01
2026-05-11 14:42,XRPUSDT,buy,152.8773,WIN,0.52,3.1,5.37
2026-05-11 14:50,XRPUSDT,sell,151.5003,LOSS,0.76,5.26,2.22
2026-05-11 14:53,XRPUSDT,sell,151.363,LOSS,0.47,5.36,2.13
2026-05-11 14:55,XRPUSDT,sell,150.9995,LOSS,0.58,5.61,1.89
2026-05-11 14:56,XRPUSDT,sell,150.723,LOSS,0.76,5.8,1.71
2026-05-11 14:57,XRPUSDT,sell,150.2708,LOSS,1.06,6.12,1.42
2026-05-11 15:51,XRPUSDT,buy,151.9976,WIN,0.67,2.54,5.16
2026-05-11 15:53,XRPUSDT,buy,152.3635,WIN,0.91,2.77,5.04
2026-05-11 16:30,XRPUSDT,sell,151.1844,LOSS,0.43,5.48,2.01
2026-05-11 16:56,XRPUSDT,buy,155.4634,WIN,2.88,4.71,5.49
2026-05-11 16:57,XRPUSDT,buy,155.6502,WIN,2.86,4.83,5.37
2026-05-11 16:58,XRPUSDT,buy,156.0296,LOSS,3.11,5.06,0.0
2026-05-11 17:37,XRPUSDT,sell,154.2762,LOSS,1.01,5.08,3.98
2026-05-11 17:38,XRPUSDT,sell,154.1427,LOSS,0.8,5.04,3.89
2026-05-11 17:41,XRPUSDT,sell,153.7406,LOSS,0.49,5.03,3.64
2026-05-11 17:45,XRPUSDT,sell,153.4589,LOSS,0.43,5.22,3.47
2026-05-11 17:46,XRPUSDT,sell,153.0606,LOSS,0.61,5.25,3.21
2026-05-11 18:02,XRPUSDT,buy,154.9393,WIN,0.4,4.39,5.12
2026-05-11 18:16,XRPUSDT,sell,153.0169,LOSS,0.43,5.28,3.19
2026-05-11 18:17,XRPUSDT,sell,152.8808,LOSS,0.52,5.37,3.1
2026-05-11 18:20,XRPUSDT,sell,152.4974,LOSS,0.59,5.01,2.86
2026-05-11 18:21,XRPUSDT,sell,152.3172,LOSS,0.54,5.07,2.74
2026-05-11 18:23,XRPUSDT,sell,152.0924,LOSS,0.65,5.1,2.6
2026-05-11 18:24,XRPUSDT,sell,151.7508,LOSS,0.79,5.09,2.38
2026-05-11 18:42,XRPUSDT,buy,153.2379,WIN,0.4,3.33,5.12
2026-05-11 18:49,XRPUSDT,buy,153.5403,WIN,0.61,3.52,5.17
2026-05-11 18:50,XRPUSDT,buy,153.789,WIN,0.58,3.67,5.01
2026-05-11 18:52,XRPUSDT,buy,154.1414,WIN,0.79,3.89,5.04
2026-05-11 18:53,XRPUSDT,buy,154.2731,WIN,0.65,3.98,5.08
2026-05-11 18:56,XRPUSDT,buy,154.7268,WIN,0.61,4.26,5.07
2026-05-11 19:11,XRPUSDT,sell,153.637,LOSS,0.65,5.1,3.58
2026-05-11 19:13,XRPUSDT,sell,153.4403,LOSS,0.73,5.23,3.45
2026-05-11 19:18,XRPUSDT,sell,152.6176,LOSS,0.57,5.15,2.93
2026-05-11 19:20,XRPUSDT,sell,152.3853,LOSS,0.66,5.03,2.79
2026-05-11 19:21,XRPUSDT,sell,152.2571,LOSS,0.66,5.03,2.7
2026-05-11 19:22,XRPUSDT,sell,151.9862,LOSS,0.73,5.17,2.53
2026-05-11 19:28,XRPUSDT,sell,151.4285,LOSS,0.53,5.31,2.17
2026-05-11 19:30,XRPUSDT,sell,151.2462,LOSS,0.49,5.44,2.05
2026-05-11 20:07,XRPUSDT,buy,152.2712,WIN,0.76,2.71,5.02
2026-05-11 20:09,XRPUSDT,buy,152.5519,WIN,0.81,2.89,5.01
2026-05-11 20:12,XRPUSDT,buy,152.8212,WIN,0.58,3.06,5.01
2026-05-11 20:16,XRPUSDT,buy,153.8062,WIN,1.21,3.68,5.12
2026-05-11 20:17,XRPUSDT,buy,153.9261,WIN,1.29,3.76,5.04
2026-05-11 20:18,XRPUSDT,buy,154.0125,WIN,1.35,3.81,5.13
2026-05-11 20:37,XRPUSDT,sell,152.0444,LOSS,0.6,5.13,2.57
2026-05-11 20:38,XRPUSDT,sell,151.9061,LOSS,0.64,5.0,2.48
2026-05-11 20:47,XRPUSDT,sell,151.0403,LOSS,0.55,5.58,1.92
2026-05-11 20:48,XRPUSDT,sell,150.7341,LOSS,0.75,5.8,1.72
2026-05-11 20:49,XRPUSDT,sell,150.5852,LOSS,0.57,5.9,1.62
2026-05-11 20:50,XRPUSDT,sell,150.2914,LOSS,0.77,6.11,1.43
2026-05-11 21:05,XRPUSDT,buy,151.5828,WIN,0.74,2.27,5.2
2026-05-11 21:07,XRPUSDT,buy,151.7579,WIN,0.58,2.38,5.08
2026-05-11 21:08,XRPUSDT,buy,151.7999,WIN,0.61,2.41,5.05
2026-05-11 21:09,XRPUSDT,buy,152.2752,WIN,0.72,2.72,5.02
2026-05-11 21:29,XRPUSDT,sell,151.3611,LOSS,0.36,5.36,2.13
2026-05-11 21:31,XRPUSDT,sell,150.9546,LOSS,0.47,5.64,1.86
2026-05-11 21:44,XRPUSDT,sell,150.3849,LOSS,0.42,6.04,1.49
2026-05-11 21:48,XRPUSDT,sell,149.7639,LOSS,0.65,6.48,1.08
2026-05-11 21:49,XRPUSDT,sell,149.3359,LOSS,0.79,6.79,0.8
2026-05-11 22:52,XRPUSDT,buy,150.0426,WIN,0.49,1.27,6.28
2026-05-11 23:04,XRPUSDT,sell,148.8493,LOSS,0.55,7.14,0.48
2026-05-11 23:20,XRPUSDT,buy,149.9062,WIN,0.48,1.18,6.38
2026-05-11 23:31,XRPUSDT,sell,148.5258,LOSS,0.84,7.37,0.26
2026-05-11 23:33,XRPUSDT,sell,148.3217,LOSS,0.97,7.52,0.0
2026-05-11 23:36,XRPUSDT,buy,152.9665,WIN,3.26,2.11,5.31
2026-05-11 23:59,XRPUSDT,sell,151.9837,LOSS,0.55,5.17,1.47
2026-05-12 00:39,XRPUSDT,buy,153.4792,WIN,0.55,2.43,5.21
2026-05-12 00:58,XRPUSDT,sell,152.414,LOSS,0.58,5.01,1.75
2026-05-12 01:04,XRPUSDT,sell,151.8968,LOSS,0.52,5.01,1.42
2026-05-12 01:05,XRPUSDT,sell,151.5795,LOSS,0.73,5.21,1.21
2026-05-12 01:11,XRPUSDT,sell,151.1923,LOSS,0.41,5.47,0.96
2026-05-12 01:21,XRPUSDT,sell,150.7455,LOSS,0.56,5.79,0.66
2026-05-12 01:22,XRPUSDT,sell,150.4954,LOSS,0.65,5.96,0.5
2026-05-12 01:23,XRPUSDT,sell,150.3479,LOSS,0.63,6.07,0.4
2026-05-12 01:25,XRPUSDT,sell,149.9673,LOSS,0.89,6.34,0.15
2026-05-12 01:42,XRPUSDT,buy,150.6817,WIN,0.43,0.33,5.83
2026-05-12 01:43,XRPUSDT,buy,150.8615,WIN,0.55,0.45,5.71
2026-05-12 01:54,XRPUSDT,buy,151.3573,WIN,0.65,0.77,5.36
2026-05-12 02:16,XRPUSDT,buy,151.3972,WIN,0.58,0.8,5.33
2026-05-12 02:22,XRPUSDT,sell,150.456,LOSS,0.7,5.99,0.1
2026-05-12 02:36,XRPUSDT,buy,151.7173,WIN,0.66,0.42,5.11
2026-05-12 02:38,XRPUSDT,buy,151.9212,WIN,0.8,0.55,5.21
2026-05-12 02:39,XRPUSDT,buy,152.1742,WIN,0.54,0.72,5.04
2026-05-12 02:56,XRPUSDT,buy,153.9231,WIN,1.74,1.41,5.04
2026-05-12 03:38,XRPUSDT,buy,153.5144,WIN,0.71,1.08,5.18
2026-05-12 03:39,XRPUSDT,buy,153.7173,WIN,0.85,1.21,5.05
2026-05-12 03:53,XRPUSDT,buy,153.8076,WIN,0.37,1.27,5.12
2026-05-12 04:05,XRPUSDT,buy,154.3705,WIN,0.66,1.63,5.01
2026-05-12 04:15,XRPUSDT,sell,152.8065,LOSS,0.79,5.02,0.62
2026-05-12 04:16,XRPUSDT,sell,152.6609,LOSS,0.88,5.12,0.53
2026-05-12 04:41,XRPUSDT,sell,152.0587,LOSS,0.41,5.12,0.07
2026-05-12 04:54,XRPUSDT,buy,153.0965,WIN,0.3,0.08,5.22
2026-05-12 04:55,XRPUSDT,buy,153.4141,WIN,0.51,0.29,5.0
2026-05-12 05:01,XRPUSDT,buy,154.1018,WIN,0.68,0.73,5.07
2026-05-12 05:44,XRPUSDT,sell,153.1136,LOSS,0.63,5.21,0.0
2026-05-12 05:49,XRPUSDT,buy,154.1327,WIN,0.7,0.07,5.05
2026-05-12 05:50,XRPUSDT,buy,154.5859,WIN,0.8,0.36,5.16
2026-05-12 05:53,XRPUSDT,buy,154.9282,WIN,0.75,0.58,5.01
2026-05-12 06:08,XRPUSDT,buy,155.3929,WIN,0.44,0.26,5.54
2026-05-12 06:12,XRPUSDT,buy,155.6819,WIN,0.45,0.45,5.34
2026-05-12 06:16,XRPUSDT,buy,159.299,WIN,2.78,0.67,5.28
2026-05-12 06:18,XRPUSDT,buy,159.7917,WIN,3.1,0.98,5.17
2026-05-12 06:26,XRPUSDT,buy,160.171,WIN,0.47,1.21,5.15
2026-05-12 06:37,XRPUSDT,buy,160.2942,WIN,0.47,1.29,5.07
2026-05-12 06:39,XRPUSDT,buy,160.9931,WIN,0.75,1.71,5.03
2026-05-12 06:41,XRPUSDT,buy,161.3787,WIN,0.83,1.95,5.04
2026-05-12 06:50,XRPUSDT,sell,159.4871,LOSS,0.87,5.15,0.79
2026-05-12 06:54,XRPUSDT,sell,159.2403,LOSS,0.59,5.32,0.63
2026-05-12 07:20,XRPUSDT,sell,158.9711,LOSS,0.64,5.04,0.46
2026-05-12 07:24,XRPUSDT,sell,158.8246,LOSS,0.4,5.04,0.37
2026-05-12 07:33,XRPUSDT,buy,160.7561,WIN,0.58,1.57,5.19
2026-05-12 07:45,XRPUSDT,buy,161.2262,WIN,0.89,1.86,5.04
2026-05-12 07:46,XRPUSDT,buy,161.6184,WIN,1.14,2.1,5.09
2026-05-12 07:47,XRPUSDT,buy,161.8686,WIN,1.23,2.25,5.01
2026-05-12 07:51,XRPUSDT,buy,161.9636,WIN,0.26,2.3,5.15
2026-05-12 08:08,XRPUSDT,buy,162.7484,WIN,0.54,2.77,6.85
2026-05-12 08:09,XRPUSDT,buy,163.0189,WIN,0.71,2.94,6.67
2026-05-12 08:32,XRPUSDT,sell,161.704,LOSS,0.56,5.03,2.15
2026-05-12 08:53,XRPUSDT,sell,161.3051,LOSS,0.74,5.04,1.9
2026-05-12 09:13,XRPUSDT,sell,161.0558,LOSS,0.81,5.09,1.75
2026-05-12 09:18,XRPUSDT,sell,160.7623,LOSS,0.52,5.18,1.57
2026-05-12 09:20,XRPUSDT,sell,160.1952,LOSS,0.87,5.13,1.23
2026-05-12 09:36,XRPUSDT,buy,163.7102,WIN,1.99,3.35,6.22
2026-05-12 09:40,XRPUSDT,buy,164.3432,WIN,2.39,3.72,5.81
2026-05-12 09:42,XRPUSDT,buy,164.6238,WIN,0.69,3.88,5.63
2026-05-12 09:44,XRPUSDT,buy,164.6966,WIN,0.54,3.92,5.58
2026-05-12 10:02,XRPUSDT,sell,163.616,LOSS,0.48,6.28,3.29
2026-05-12 10:11,XRPUSDT,buy,165.3799,WIN,0.6,4.32,5.15
2026-05-12 10:19,XRPUSDT,sell,163.4584,LOSS,0.52,6.38,3.2
2026-05-12 10:32,XRPUSDT,sell,163.1064,LOSS,0.5,6.61,2.99
2026-05-12 10:34,XRPUSDT,sell,162.7731,LOSS,0.49,6.83,2.79
2026-05-12 10:35,XRPUSDT,sell,162.6481,LOSS,0.56,6.91,2.71
2026-05-12 10:36,XRPUSDT,sell,162.4671,LOSS,0.67,7.03,2.61
2026-05-12 10:38,XRPUSDT,sell,162.1891,LOSS,0.54,5.01,2.44
2026-05-12 10:44,XRPUSDT,sell,161.9661,LOSS,0.46,5.15,2.31
2026-05-12 10:45,XRPUSDT,sell,161.4395,LOSS,0.78,5.07,1.99
2026-05-12 10:46,XRPUSDT,sell,161.0042,LOSS,1.05,5.02,1.72
2026-05-12 10:47,XRPUSDT,sell,160.7801,LOSS,1.17,5.17,1.58
2026-05-12 11:18,XRPUSDT,sell,160.6558,LOSS,0.61,5.06,1.51
2026-05-12 11:22,XRPUSDT,sell,160.0883,LOSS,0.68,5.01,1.16
2026-05-12 11:26,XRPUSDT,sell,159.9178,LOSS,0.47,5.08,1.05
2026-05-12 11:40,XRPUSDT,buy,161.2943,WIN,0.61,1.9,5.04
2026-05-12 12:11,XRPUSDT,sell,159.7596,LOSS,0.47,5.19,0.96
2026-05-12 12:12,XRPUSDT,sell,159.5557,LOSS,0.6,5.11,0.83
2026-05-12 12:40,XRPUSDT,sell,159.1063,LOSS,0.52,5.0,0.55
2026-05-12 12:42,XRPUSDT,sell,158.9609,LOSS,0.6,5.04,0.46
2026-05-12 12:56,XRPUSDT,buy,162.5221,WIN,2.21,2.64,7.0
2026-05-12 13:16,XRPUSDT,buy,162.8861,WIN,0.63,2.86,6.76
2026-05-12 13:32,XRPUSDT,sell,161.8318,LOSS,0.64,5.04,2.22
2026-05-12 13:48,XRPUSDT,sell,161.6309,LOSS,0.54,5.08,2.1
2026-05-12 13:52,XRPUSDT,sell,161.4424,LOSS,0.32,5.07,1.99
2026-05-12 13:56,XRPUSDT,sell,161.2493,LOSS,0.37,5.02,1.87
2026-05-12 13:57,XRPUSDT,sell,160.7768,LOSS,0.66,5.17,1.58
2026-05-12 13:58,XRPUSDT,sell,160.5475,LOSS,0.8,5.13,1.44
2026-05-12 14:09,XRPUSDT,sell,160.4692,LOSS,0.48,5.18,1.39
2026-05-12 14:16,XRPUSDT,sell,160.3158,LOSS,0.34,5.05,1.3
2026-05-12 14:22,XRPUSDT,sell,160.0893,LOSS,0.28,5.01,1.16
2026-05-12 14:32,XRPUSDT,buy,160.881,WIN,0.29,1.65,5.1
2026-05-12 14:33,XRPUSDT,buy,160.9377,WIN,0.29,1.68,5.07
2026-05-12 14:34,XRPUSDT,buy,161.2914,WIN,0.51,1.9,5.05
2026-05-12 14:35,XRPUSDT,buy,161.663,WIN,0.74,2.12,5.06
2026-05-12 14:59,XRPUSDT,sell,159.9884,LOSS,0.51,5.04,1.1
2026-05-12 15:04,XRPUSDT,sell,159.4594,LOSS,0.63,5.17,0.77
2026-05-12 15:21,XRPUSDT,sell,159.149,LOSS,0.46,5.38,0.58
2026-05-12 15:22,XRPUSDT,sell,159.1001,LOSS,0.49,5.01,0.55
2026-05-12 15:28,XRPUSDT,sell,158.9713,LOSS,0.37,5.04,0.46
2026-05-12 15:31,XRPUSDT,sell,158.683,LOSS,0.52,5.06,0.28
2026-05-12 15:32,XRPUSDT,sell,158.4961,LOSS,0.48,5.11,0.17
2026-05-12 15:50,XRPUSDT,buy,160.1769,WIN,0.68,0.17,5.14
2026-05-12 15:52,XRPUSDT,buy,160.4531,WIN,0.73,0.34,5.19
2026-05-12 15:56,XRPUSDT,buy,160.7982,WIN,0.56,0.49,5.16
2026-05-12 16:02,XRPUSDT,buy,160.9051,WIN,0.42,0.56,5.09
2026-05-12 16:03,XRPUSDT,buy,161.2578,WIN,0.64,0.78,5.02
2026-05-12 16:04,XRPUSDT,buy,161.5144,WIN,0.8,0.93,5.02
2026-05-12 16:15,XRPUSDT,sell,160.1853,LOSS,0.64,5.14,0.0
2026-05-12 16:16,XRPUSDT,buy,164.0241,WIN,2.51,0.29,6.02
2026-05-12 16:17,XRPUSDT,buy,164.3214,WIN,2.7,0.47,5.83
2026-05-12 16:25,XRPUSDT,buy,164.5921,WIN,0.63,0.19,5.65
2026-05-12 16:27,XRPUSDT,buy,164.7921,WIN,0.38,0.31,5.52
2026-05-12 16:28,XRPUSDT,buy,164.8864,WIN,0.39,0.37,5.46
2026-05-12 16:29,XRPUSDT,buy,165.1196,WIN,0.54,0.51,5.31
2026-05-12 16:40,XRPUSDT,buy,165.3204,WIN,0.22,0.63,5.19
2026-05-12 16:44,XRPUSDT,buy,165.584,WIN,0.31,0.79,5.02
2026-05-12 16:49,XRPUSDT,buy,165.706,WIN,0.53,0.86,5.03
2026-05-12 16:52,XRPUSDT,buy,166.0181,WIN,0.62,1.05,5.06
2026-05-12 17:06,XRPUSDT,buy,166.1989,WIN,0.64,1.15,5.07
2026-05-12 17:19,XRPUSDT,sell,164.9132,LOSS,1.01,5.45,0.38
2026-05-12 17:36,XRPUSDT,buy,166.1688,WIN,0.47,0.1,5.09
2026-05-12 17:40,XRPUSDT,buy,166.5357,WIN,0.61,0.29,5.14
2026-05-12 17:42,XRPUSDT,buy,166.9148,WIN,0.55,0.52,5.35
2026-05-12 17:58,XRPUSDT,buy,167.3977,WIN,0.69,0.81,5.04
2026-05-12 18:08,XRPUSDT,sell,166.0842,LOSS,0.65,5.01,0.0
2026-05-12 18:25,XRPUSDT,buy,167.4261,WIN,0.32,0.0,5.03
2026-05-12 18:27,XRPUSDT,buy,168.0148,WIN,0.66,0.24,5.32
2026-05-12 18:36,XRPUSDT,buy,168.7599,WIN,0.69,0.23,5.16
2026-05-12 18:37,XRPUSDT,buy,168.8199,WIN,0.68,0.27,5.12
2026-05-12 18:45,XRPUSDT,buy,169.2271,WIN,0.45,0.51,5.03
2026-05-12 18:46,XRPUSDT,buy,169.28,WIN,0.35,0.54,5.04
2026-05-12 18:47,XRPUSDT,buy,169.4154,WIN,0.39,0.62,5.11
2026-05-12 19:13,XRPUSDT,buy,169.7343,WIN,0.52,0.44,5.14
2026-05-12 19:18,XRPUSDT,buy,169.9014,WIN,0.54,0.41,5.04
2026-05-12 19:20,XRPUSDT,buy,170.1689,WIN,0.7,0.56,5.05
2026-05-12 19:36,XRPUSDT,buy,173.7641,WIN,2.68,0.06,5.14
2026-05-12 19:39,XRPUSDT,buy,174.2401,WIN,2.96,0.0,5.14
2026-05-12 19:40,XRPUSDT,buy,174.4225,WIN,2.89,0.0,5.03
2026-05-12 19:41,XRPUSDT,buy,174.7377,WIN,0.69,0.06,5.04
2026-05-12 19:42,XRPUSDT,buy,174.8816,WIN,0.7,0.11,5.01
2026-05-12 19:44,XRPUSDT,buy,175.2943,WIN,0.78,0.22,5.12
2026-05-12 19:58,XRPUSDT,buy,176.3244,WIN,0.57,0.0,5.07
2026-05-12 19:59,XRPUSDT,buy,176.733,WIN,0.77,0.0,5.05
2026-05-12 20:00,XRPUSDT,buy,176.9629,WIN,0.88,0.0,5.02
2026-05-12 20:01,XRPUSDT,buy,177.4013,WIN,1.09,0.17,5.21
2026-05-12 20:05,XRPUSDT,buy,178.0092,WIN,0.66,0.0,5.02
2026-05-12 20:06,XRPUSDT,buy,178.455,WIN,0.77,0.0,5.01
2026-05-12 20:07,XRPUSDT,buy,178.5419,WIN,0.82,0.01,5.05
2026-05-12 20:08,XRPUSDT,buy,178.8916,WIN,0.85,0.2,5.01
2026-05-12 20:10,XRPUSDT,buy,179.0949,WIN,0.67,0.32,5.02
2026-05-12 20:11,XRPUSDT,buy,179.4301,WIN,0.57,0.5,5.08
2026-05-12 20:29,XRPUSDT,buy,180.1737,WIN,0.76,0.82,5.04
2026-05-12 20:45,XRPUSDT,sell,178.7732,LOSS,0.63,5.08,0.04
2026-05-12 21:05,XRPUSDT,buy,180.0925,WIN,0.36,0.76,5.08
2026-05-12 21:06,XRPUSDT,buy,180.4939,WIN,0.58,0.98,5.09
2026-05-12 21:15,XRPUSDT,buy,181.0971,WIN,0.72,1.31,5.81
2026-05-12 21:17,XRPUSDT,buy,181.2831,WIN,0.54,1.41,5.7
2026-05-12 21:32,XRPUSDT,sell,179.8782,LOSS,0.87,5.1,0.64
2026-05-12 21:33,XRPUSDT,sell,179.6626,LOSS,0.99,5.07,0.52
2026-05-12 21:55,XRPUSDT,sell,180.0936,LOSS,0.41,5.08,0.76
2026-05-12 22:01,XRPUSDT,sell,179.6641,LOSS,0.38,5.07,0.52
2026-05-12 22:02,XRPUSDT,sell,179.4514,LOSS,0.44,5.07,0.41
2026-05-12 22:04,XRPUSDT,sell,179.0184,LOSS,0.63,5.06,0.0
2026-05-12 22:17,XRPUSDT,buy,180.9116,WIN,0.42,1.03,5.92
2026-05-12 22:18,XRPUSDT,buy,181.2464,WIN,0.61,1.21,5.73
2026-05-12 22:30,XRPUSDT,sell,179.9381,LOSS,0.8,5.07,0.49
2026-05-12 22:41,XRPUSDT,sell,179.7019,LOSS,0.48,5.04,0.36
2026-05-12 22:42,XRPUSDT,sell,179.4091,LOSS,0.64,5.09,0.2
2026-05-12 22:44,XRPUSDT,sell,179.0541,LOSS,0.8,5.04,0.0
2026-05-12 22:56,XRPUSDT,buy,182.584,WIN,1.9,0.08,5.19
2026-05-12 22:58,XRPUSDT,buy,183.1866,WIN,2.24,0.41,5.13
2026-05-12 23:01,XRPUSDT,buy,183.2952,WIN,0.58,0.46,5.07
2026-05-12 23:16,XRPUSDT,buy,183.7137,WIN,0.41,0.69,5.13
2026-05-12 23:17,XRPUSDT,buy,184.0804,WIN,0.61,0.89,5.15
2026-05-12 23:18,XRPUSDT,buy,184.3305,WIN,0.59,1.02,5.01
2026-05-12 23:23,XRPUSDT,buy,185.0079,WIN,0.6,1.39,5.03
2026-05-12 23:47,XRPUSDT,sell,184.4259,LOSS,0.46,5.06,1.07
2026-05-12 23:51,XRPUSDT,buy,185.7656,WIN,0.79,1.79,5.03
2026-05-12 23:52,XRPUSDT,buy,185.8094,WIN,0.81,1.81,5.0
2026-05-13 00:19,XRPUSDT,buy,186.5448,WIN,0.83,2.2,5.12
2026-05-13 00:36,XRPUSDT,sell,184.8606,LOSS,0.52,5.12,1.31
2026-05-13 00:37,XRPUSDT,sell,184.8222,LOSS,0.48,5.14,1.29
2026-05-13 00:38,XRPUSDT,sell,184.1034,LOSS,0.72,5.14,0.9
2026-05-13 00:40,XRPUSDT,sell,183.6166,LOSS,0.89,5.18,0.64
2026-05-13 00:41,XRPUSDT,sell,183.3147,LOSS,0.93,5.06,0.48
2026-05-13 00:43,XRPUSDT,sell,183.1777,LOSS,0.59,5.14,0.4
2026-05-13 00:44,XRPUSDT,sell,182.8828,LOSS,0.75,5.02,0.24
2026-05-13 00:46,XRPUSDT,sell,182.7331,LOSS,0.56,5.11,0.0
2026-05-13 01:04,XRPUSDT,buy,184.7367,WIN,0.21,0.28,5.19
2026-05-13 01:10,XRPUSDT,buy,185.0168,WIN,0.43,0.19,5.03
2026-05-13 01:12,XRPUSDT,buy,185.4711,WIN,0.68,0.25,5.14
2026-05-13 01:14,XRPUSDT,buy,185.8515,WIN,0.66,0.46,5.01
2026-05-13 01:15,XRPUSDT,buy,186.046,WIN,0.75,0.56,5.13
2026-05-13 01:21,XRPUSDT,buy,186.659,WIN,0.61,0.89,5.06
2026-05-13 01:51,XRPUSDT,buy,186.548,WIN,0.49,0.03,5.12
2026-05-13 01:52,XRPUSDT,buy,186.5977,WIN,0.52,0.06,5.09
2026-05-13 01:55,XRPUSDT,buy,187.0692,WIN,0.43,0.09,5.1
2026-05-13 01:58,XRPUSDT,buy,187.5125,WIN,0.55,0.21,5.06
2026-05-13 02:04,XRPUSDT,buy,187.92,WIN,0.43,0.0,5.03
2026-05-13 02:05,XRPUSDT,buy,188.3704,WIN,0.67,0.0,5.22
2026-05-13 02:09,XRPUSDT,buy,188.8452,WIN,0.65,0.09,7.47
2026-05-13 02:10,XRPUSDT,buy,189.1865,WIN,0.59,0.27,7.28
2026-05-13 02:12,XRPUSDT,buy,189.3551,WIN,0.45,0.2,7.18
2026-05-13 02:16,XRPUSDT,buy,191.5584,WIN,1.52,0.68,5.95
2026-05-13 02:25,XRPUSDT,buy,191.8293,WIN,0.67,0.82,5.8
2026-05-13 02:26,XRPUSDT,buy,192.0675,WIN,0.5,0.94,5.67
2026-05-13 02:27,XRPUSDT,buy,192.3147,WIN,0.62,1.07,5.53
2026-05-13 03:12,XRPUSDT,buy,192.3696,WIN,0.55,0.18,5.5
2026-05-13 03:13,XRPUSDT,buy,192.9798,WIN,0.87,0.5,5.17
2026-05-13 03:14,XRPUSDT,buy,193.1477,WIN,0.62,0.58,5.08
2026-05-13 03:15,XRPUSDT,buy,193.509,WIN,0.8,0.77,5.22
2026-05-13 03:58,XRPUSDT,buy,193.6516,WIN,0.48,0.14,5.14
2026-05-13 04:00,XRPUSDT,buy,194.0683,WIN,0.54,0.36,5.06
2026-05-13 04:12,XRPUSDT,buy,194.5665,WIN,0.47,0.35,5.1
2026-05-13 04:13,XRPUSDT,buy,194.7888,WIN,0.58,0.47,5.14
2026-05-13 04:42,XRPUSDT,buy,195.7807,WIN,0.53,0.45,5.19
2026-05-13 04:43,XRPUSDT,buy,196.0138,WIN,0.64,0.57,5.06
2026-05-13 04:44,XRPUSDT,buy,196.198,WIN,0.66,0.66,5.11
2026-05-13 04:58,XRPUSDT,buy,196.4823,WIN,0.48,0.05,5.02
2026-05-13 04:59,XRPUSDT,buy,196.649,WIN,0.51,0.13,5.17
2026-05-13 05:00,XRPUSDT,buy,196.7841,WIN,0.57,0.2,5.1
2026-05-13 05:01,XRPUSDT,buy,196.9275,WIN,0.65,0.27,5.02
2026-05-13 05:02,XRPUSDT,buy,197.2505,WIN,0.81,0.44,5.32
2026-05-13 05:12,XRPUSDT,buy,197.415,WIN,0.52,0.24,5.23
2026-05-13 05:23,XRPUSDT,buy,198.1141,WIN,0.59,0.46,5.14
2026-05-13 05:36,XRPUSDT,buy,202.9084,WIN,2.89,0.86,6.34
2026-05-13 05:38,XRPUSDT,buy,203.0883,WIN,2.98,0.95,6.25
2026-05-13 05:39,XRPUSDT,buy,203.2031,WIN,3.04,1.0,6.19
2026-05-13 05:49,XRPUSDT,buy,203.6184,WIN,0.44,1.2,5.97
2026-05-13 05:53,XRPUSDT,buy,204.0792,WIN,0.54,1.43,5.73
2026-05-13 06:00,XRPUSDT,buy,204.3709,WIN,0.46,1.57,5.58
2026-05-13 06:01,XRPUSDT,buy,204.7763,WIN,0.56,1.76,5.37
2026-05-13 06:02,XRPUSDT,buy,204.8812,WIN,0.61,1.81,5.32
2026-05-13 06:08,XRPUSDT,buy,205.5825,WIN,0.68,2.15,5.11
2026-05-13 06:28,XRPUSDT,sell,204.0165,LOSS,0.68,5.76,1.4
2026-05-13 06:44,XRPUSDT,buy,205.8864,WIN,0.65,2.29,5.14
2026-05-13 06:47,XRPUSDT,buy,206.6821,WIN,0.88,2.67,5.06
2026-05-13 06:48,XRPUSDT,buy,206.8676,WIN,0.88,2.76,5.01
2026-05-13 06:49,XRPUSDT,buy,207.4102,WIN,1.0,3.01,5.06
2026-05-13 06:53,XRPUSDT,buy,207.8086,WIN,0.6,3.2,5.2
2026-05-13 06:54,XRPUSDT,buy,208.0275,WIN,0.35,3.3,5.09
2026-05-13 07:17,XRPUSDT,sell,207.0137,LOSS,0.53,5.12,2.82
2026-05-13 07:19,XRPUSDT,sell,206.8417,LOSS,0.62,5.02,2.74
2026-05-13 07:48,XRPUSDT,sell,205.8414,LOSS,0.48,5.16,2.27
2026-05-13 08:23,XRPUSDT,sell,205.0186,LOSS,0.86,5.25,1.88
2026-05-13 08:29,XRPUSDT,sell,204.2836,LOSS,0.66,5.63,1.53
2026-05-13 08:30,XRPUSDT,sell,204.0823,LOSS,0.76,5.73,1.43
2026-05-13 08:31,XRPUSDT,sell,203.9248,LOSS,0.84,5.81,1.35
2026-05-13 08:56,XRPUSDT,buy,210.1668,WIN,3.37,4.28,5.1
2026-05-13 09:27,XRPUSDT,sell,208.9991,LOSS,0.5,5.02,3.75
2026-05-13 09:30,XRPUSDT,sell,208.6575,LOSS,0.6,5.1,3.59
2026-05-13 09:53,XRPUSDT,sell,208.2158,LOSS,0.63,5.18,3.38
2026-05-13 09:57,XRPUSDT,sell,207.3439,LOSS,0.69,5.09,2.98
2026-05-13 09:58,XRPUSDT,sell,206.9848,LOSS,0.62,5.13,2.81
2026-05-13 09:59,XRPUSDT,sell,206.4573,LOSS,0.88,5.17,2.56
2026-05-13 10:02,XRPUSDT,sell,205.896,LOSS,0.74,5.13,2.3
2026-05-13 10:09,XRPUSDT,sell,205.1502,LOSS,0.69,5.18,1.94
2026-05-13 10:12,XRPUSDT,sell,204.748,LOSS,0.88,5.39,1.75
2026-05-13 10:13,XRPUSDT,sell,204.4478,LOSS,0.95,5.54,1.6
2026-05-13 10:16,XRPUSDT,sell,204.0503,LOSS,0.55,5.75,1.41
2026-05-13 10:31,XRPUSDT,buy,205.8383,WIN,0.65,2.27,5.16
2026-05-13 10:32,XRPUSDT,buy,205.9678,WIN,0.72,2.33,5.1
2026-05-13 10:56,XRPUSDT,sell,203.9842,LOSS,0.96,5.78,1.38
2026-05-13 11:15,XRPUSDT,buy,205.1893,WIN,0.55,1.96,5.16
2026-05-13 11:16,XRPUSDT,buy,205.2995,WIN,0.6,2.01,5.1
2026-05-13 11:19,XRPUSDT,sell,203.8261,LOSS,0.77,5.86,1.3
2026-05-13 11:20,XRPUSDT,sell,203.4294,LOSS,0.96,6.07,1.11
2026-05-13 11:21,XRPUSDT,sell,203.0163,LOSS,1.16,6.29,0.91
2026-05-13 11:36,XRPUSDT,sell,202.7521,LOSS,0.64,6.42,0.78
2026-05-13 11:37,XRPUSDT,sell,201.9209,LOSS,1.05,6.86,0.37
2026-05-13 11:38,XRPUSDT,sell,201.6786,LOSS,0.91,6.99,0.25
2026-05-13 11:39,XRPUSDT,sell,201.5959,LOSS,0.93,5.02,0.21
2026-05-13 11:40,XRPUSDT,sell,201.4119,LOSS,0.9,5.0,0.0
2026-05-13 11:54,XRPUSDT,buy,203.8902,WIN,0.67,0.87,5.83
2026-05-13 12:07,XRPUSDT,sell,202.1548,LOSS,0.43,6.74,0.0
2026-05-13 12:16,XRPUSDT,buy,208.1283,WIN,2.74,1.0,5.04
2026-05-13 13:00,XRPUSDT,buy,208.6015,WIN,0.49,0.68,5.13
2026-05-13 13:02,XRPUSDT,buy,208.7828,WIN,0.42,0.76,5.04
2026-05-13 13:05,XRPUSDT,buy,208.9039,WIN,0.83,0.38,5.01
2026-05-13 13:09,XRPUSDT,buy,209.2148,WIN,0.62,0.49,5.1
2026-05-13 13:10,XRPUSDT,buy,209.5137,WIN,0.68,0.63,5.03
2026-05-13 13:11,XRPUSDT,buy,209.7883,WIN,0.81,0.76,5.13
2026-05-13 13:17,XRPUSDT,buy,210.7135,WIN,0.56,1.2,5.03
2026-05-13 13:50,XRPUSDT,sell,209.4314,LOSS,0.83,5.07,0.59
2026-05-13 13:53,XRPUSDT,sell,208.9849,LOSS,0.8,5.03,0.38
2026-05-13 13:55,XRPUSDT,sell,208.6695,LOSS,0.48,5.1,0.23
2026-05-13 14:16,XRPUSDT,buy,209.6184,WIN,0.68,0.57,5.08
2026-05-13 14:17,XRPUSDT,buy,210.2213,WIN,0.96,0.85,5.07
2026-05-13 14:19,XRPUSDT,buy,210.6714,WIN,0.74,1.07,5.05
2026-05-13 14:20,XRPUSDT,buy,210.7669,WIN,0.78,1.11,5.01
2026-05-13 14:31,XRPUSDT,buy,211.224,WIN,0.63,1.33,5.06
2026-05-13 14:56,XRPUSDT,buy,210.6642,WIN,0.65,1.06,5.06
2026-05-13 14:57,XRPUSDT,buy,210.8124,WIN,0.67,1.13,5.02
2026-05-13 14:58,XRPUSDT,buy,211.3679,WIN,0.67,1.39,5.09
2026-05-13 15:12,XRPUSDT,sell,209.1522,LOSS,0.6,5.13,0.35
2026-05-13 15:26,XRPUSDT,sell,208.6421,LOSS,0.78,5.11,0.1
2026-05-13 15:36,XRPUSDT,buy,215.5563,WIN,2.94,1.94,5.32
2026-05-13 15:39,XRPUSDT,buy,215.9393,WIN,2.96,2.12,5.14
2026-05-13 15:40,XRPUSDT,buy,216.3832,WIN,3.18,2.32,5.24
2026-05-13 15:42,XRPUSDT,buy,216.4886,WIN,0.58,2.37,5.19
2026-05-13 16:11,XRPUSDT,sell,214.9413,LOSS,0.58,5.08,1.66
2026-05-13 16:12,XRPUSDT,sell,214.2618,LOSS,0.9,5.04,1.35
2026-05-13 16:22,XRPUSDT,sell,213.6686,LOSS,0.5,5.06,1.08
2026-05-13 16:23,XRPUSDT,sell,213.3655,LOSS,0.65,5.02,0.94
2026-05-13 16:38,XRPUSDT,buy,214.8383,WIN,0.59,1.62,5.13
2026-05-13 16:40,XRPUSDT,buy,215.4789,WIN,0.79,1.91,5.36
2026-05-13 17:04,XRPUSDT,buy,215.9071,WIN,0.42,2.1,5.15
2026-05-13 17:24,XRPUSDT,sell,214.8635,LOSS,0.51,5.12,1.63
2026-05-13 17:25,XRPUSDT,sell,214.5544,LOSS,0.54,5.27,1.49
2026-05-13 17:35,XRPUSDT,sell,214.3257,LOSS,0.38,5.01,1.38
2026-05-13 17:37,XRPUSDT,sell,213.9777,LOSS,0.55,5.12,1.22
2026-05-13 17:38,XRPUSDT,sell,213.8159,LOSS,0.6,5.2,1.15
2026-05-13 17:45,XRPUSDT,sell,213.5404,LOSS,0.51,5.13,1.02
2026-05-13 17:55,XRPUSDT,buy,215.0577,WIN,0.51,1.72,5.02
2026-05-13 18:25,XRPUSDT,sell,212.86,LOSS,0.82,5.15,0.7
2026-05-13 18:26,XRPUSDT,sell,212.3178,LOSS,1.07,5.05,0.45
2026-05-13 18:30,XRPUSDT,sell,212.0616,LOSS,0.58,5.09,0.33
2026-05-13 18:46,XRPUSDT,buy,213.0976,WIN,0.65,0.44,5.03
2026-05-13 18:51,XRPUSDT,buy,213.4256,WIN,0.33,0.59,5.03
2026-05-13 18:56,XRPUSDT,buy,216.8651,WIN,1.83,2.16,5.01
2026-05-13 19:03,XRPUSDT,buy,217.4292,WIN,0.39,2.42,5.89
2026-05-13 19:29,XRPUSDT,sell,215.6911,LOSS,0.59,5.26,1.63
2026-05-13 19:44,XRPUSDT,sell,214.8757,LOSS,0.53,5.11,1.26
2026-05-13 19:46,XRPUSDT,sell,214.3988,LOSS,0.66,5.35,1.04
2026-05-13 19:59,XRPUSDT,sell,213.7665,LOSS,0.31,5.02,0.75
2026-05-13 20:00,XRPUSDT,sell,213.6112,LOSS,0.38,5.09,0.67
2026-05-13 20:01,XRPUSDT,sell,213.106,LOSS,0.59,5.03,0.44
2026-05-13 20:26,XRPUSDT,buy,214.3593,WIN,0.42,0.17,5.36
2026-05-13 20:28,XRPUSDT,buy,214.4611,WIN,0.3,0.22,5.31
2026-05-13 20:31,XRPUSDT,buy,214.7171,WIN,0.34,0.31,5.19
2026-05-13 20:41,XRPUSDT,buy,215.547,WIN,0.51,0.7,5.33
2026-05-13 20:42,XRPUSDT,buy,215.7507,WIN,0.6,0.79,5.23
2026-05-13 20:45,XRPUSDT,buy,215.9664,WIN,0.47,0.89,5.12
2026-05-13 21:04,XRPUSDT,buy,216.1936,WIN,0.34,0.99,5.01
2026-05-13 21:21,XRPUSDT,buy,216.3293,WIN,0.58,1.06,5.27
2026-05-13 21:22,XRPUSDT,buy,216.4181,WIN,0.35,1.1,5.22
2026-05-13 21:28,XRPUSDT,buy,216.5146,WIN,0.32,1.14,5.18
2026-05-13 22:08,XRPUSDT,sell,214.6184,LOSS,0.64,5.24,0.27
2026-05-13 22:09,XRPUSDT,sell,214.4748,LOSS,0.71,5.31,0.2
2026-05-13 22:16,XRPUSDT,buy,218.3794,WIN,2.02,0.24,5.43
2026-05-13 22:17,XRPUSDT,buy,218.7325,WIN,1.9,0.41,5.26
2026-05-13 22:22,XRPUSDT,buy,219.2471,WIN,0.46,0.64,5.01
2026-05-13 22:44,XRPUSDT,sell,217.8589,LOSS,0.41,5.68,0.0
2026-05-13 22:49,XRPUSDT,buy,219.413,WIN,0.72,0.59,5.11
2026-05-13 22:53,XRPUSDT,buy,219.5017,WIN,0.48,0.63,5.07
2026-05-13 23:02,XRPUSDT,buy,219.9141,WIN,0.52,0.0,5.04
2026-05-13 23:03,XRPUSDT,buy,220.2169,WIN,0.62,0.1,5.06
2026-05-13 23:04,XRPUSDT,buy,220.4473,WIN,0.72,0.2,5.28
2026-05-13 23:05,XRPUSDT,buy,220.5738,WIN,0.69,0.26,5.22
2026-05-13 23:06,XRPUSDT,buy,220.7904,WIN,0.6,0.35,5.11
2026-05-13 23:20,XRPUSDT,buy,221.4417,WIN,0.5,0.38,5.18
2026-05-13 23:37,XRPUSDT,buy,222.1935,WIN,0.44,0.22,5.1
2026-05-13 23:39,XRPUSDT,buy,222.2418,WIN,0.38,0.24,5.08
2026-05-13 23:40,XRPUSDT,buy,222.5605,WIN,0.52,0.39,5.19
2026-05-13 23:46,XRPUSDT,buy,222.8857,WIN,0.54,0.02,5.04
2026-05-13 23:47,XRPUSDT,buy,223.4881,WIN,0.65,0.33,5.89
2026-05-13 23:48,XRPUSDT,buy,223.6576,WIN,0.72,0.41,5.81
2026-05-13 23:50,XRPUSDT,buy,223.9749,WIN,0.8,0.55,5.66
2026-05-13 23:52,XRPUSDT,buy,224.1038,WIN,0.44,0.61,5.59
2026-05-13 23:53,XRPUSDT,buy,224.2248,WIN,0.5,0.66,5.54
2026-05-13 23:55,XRPUSDT,buy,224.659,WIN,0.48,0.85,5.33
2026-05-14 00:24,XRPUSDT,buy,225.3935,WIN,0.82,1.17,5.03
2026-05-14 00:47,XRPUSDT,buy,226.441,WIN,0.84,1.63,5.13
2026-05-14 01:06,XRPUSDT,buy,227.1898,WIN,0.52,1.96,5.01
2026-05-14 01:36,XRPUSDT,buy,230.1573,WIN,1.53,3.22,6.79
2026-05-14 01:38,XRPUSDT,buy,230.6163,WIN,1.6,3.41,6.58
2026-05-14 01:41,XRPUSDT,buy,230.8657,WIN,0.46,3.52,6.47
2026-05-14 01:49,XRPUSDT,buy,231.0831,WIN,0.34,3.61,6.37
2026-05-14 02:03,XRPUSDT,buy,231.9664,WIN,0.94,3.97,5.96
2026-05-14 02:09,XRPUSDT,sell,229.4356,LOSS,0.92,5.03,2.91
2026-05-14 02:11,XRPUSDT,sell,229.0014,LOSS,0.85,5.03,2.73
2026-05-14 02:14,XRPUSDT,sell,228.4624,LOSS,0.48,5.27,2.5
2026-05-14 02:26,XRPUSDT,sell,228.1079,LOSS,0.71,5.14,2.35
2026-05-14 02:27,XRPUSDT,sell,227.9694,LOSS,0.77,5.21,2.29
2026-05-14 02:28,XRPUSDT,sell,227.417,LOSS,1.02,5.05,2.05
2026-05-14 02:30,XRPUSDT,sell,226.7592,LOSS,0.86,5.21,1.77
2026-05-14 02:31,XRPUSDT,sell,226.6977,LOSS,0.69,5.01,1.74
2026-05-14 02:35,XRPUSDT,sell,226.5661,LOSS,0.41,5.07,1.69
2026-05-14 02:53,XRPUSDT,sell,225.9228,LOSS,0.78,5.06,1.41
2026-05-14 02:55,XRPUSDT,sell,225.4698,LOSS,0.77,5.06,1.21
2026-05-14 02:56,XRPUSDT,sell,225.2295,LOSS,0.84,5.07,1.1
2026-05-14 02:58,XRPUSDT,sell,224.9282,LOSS,0.58,5.21,0.97
2026-05-14 03:19,XRPUSDT,buy,226.6921,WIN,0.5,1.74,5.01
2026-05-14 03:42,XRPUSDT,buy,226.5985,WIN,0.55,1.7,5.06
2026-05-14 03:43,XRPUSDT,buy,226.9336,WIN,0.7,1.84,5.13
2026-05-14 03:45,XRPUSDT,buy,227.3641,WIN,0.89,2.03,5.07
2026-05-14 03:59,XRPUSDT,sell,225.0603,LOSS,0.77,5.15,1.03
2026-05-14 04:00,XRPUSDT,sell,224.8576,LOSS,0.64,5.24,0.94
2026-05-14 04:28,XRPUSDT,sell,225.0397,LOSS,0.87,5.16,1.02
2026-05-14 04:56,XRPUSDT,buy,227.5841,WIN,1.19,2.13,5.11
2026-05-14 04:57,XRPUSDT,buy,228.0217,WIN,1.38,2.31,5.18
2026-05-14 04:59,XRPUSDT,buy,228.3417,WIN,1.53,2.45,5.04
2026-05-14 05:04,XRPUSDT,buy,229.3044,WIN,0.59,2.86,5.09
2026-05-14 05:34,XRPUSDT,sell,226.7396,LOSS,0.63,5.22,1.76
2026-05-14 06:01,XRPUSDT,sell,224.886,LOSS,0.85,5.23,0.95
2026-05-14 06:10,XRPUSDT,buy,227.5222,WIN,0.55,2.1,5.14
2026-05-14 06:17,XRPUSDT,buy,228.1151,WIN,0.47,2.35,5.14
2026-05-14 06:18,XRPUSDT,buy,228.2315,WIN,0.52,2.4,5.09
2026-05-14 06:23,XRPUSDT,buy,228.5841,WIN,0.66,2.55,5.22
2026-05-14 06:25,XRPUSDT,buy,228.826,WIN,0.77,2.66,5.11
2026-05-14 06:26,XRPUSDT,buy,229.0419,WIN,0.86,2.75,5.01
2026-05-14 06:27,XRPUSDT,buy,229.5175,WIN,0.64,2.95,5.02
2026-05-14 06:28,XRPUSDT,buy,229.9505,WIN,0.83,3.13,6.89
2026-05-14 06:29,XRPUSDT,buy,230.1083,WIN,0.68,3.2,6.82
2026-05-14 06:30,XRPUSDT,buy,230.5925,WIN,0.79,3.4,6.59
2026-05-14 06:31,XRPUSDT,buy,230.8432,WIN,0.88,3.51,6.48
2026-05-14 06:34,XRPUSDT,buy,231.8508,WIN,0.9,3.93,6.01
2026-05-14 06:36,XRPUSDT,buy,232.0464,WIN,0.61,4.01,5.92
2026-05-14 06:39,XRPUSDT,buy,232.2892,WIN,0.38,4.11,5.81
2026-05-14 06:40,XRPUSDT,buy,232.6679,WIN,0.54,4.26,5.64
2026-05-14 06:42,XRPUSDT,buy,233.4916,WIN,0.79,4.6,5.27
2026-05-14 07:04,XRPUSDT,sell,231.1088,LOSS,0.69,6.35,3.62
2026-05-14 07:12,XRPUSDT,sell,230.7255,LOSS,0.56,6.53,3.46
2026-05-14 07:13,XRPUSDT,sell,230.4657,LOSS,0.68,6.65,3.35
2026-05-14 07:14,XRPUSDT,sell,230.3374,LOSS,0.52,6.71,3.3
2026-05-14 07:19,XRPUSDT,sell,229.7524,LOSS,0.41,6.98,3.05
2026-05-14 07:34,XRPUSDT,sell,229.313,LOSS,0.49,5.09,2.86
2026-05-14 07:36,XRPUSDT,sell,228.8544,LOSS,0.69,5.09,2.67
2026-05-14 07:37,XRPUSDT,sell,228.3827,LOSS,0.8,5.02,2.47
2026-05-14 07:38,XRPUSDT,sell,228.2333,LOSS,0.64,5.09,2.4
2026-05-14 07:39,XRPUSDT,sell,227.5187,LOSS,0.86,5.0,2.1
2026-05-14 07:40,XRPUSDT,sell,227.175,LOSS,1.01,5.01,1.95
2026-05-14 07:41,XRPUSDT,sell,226.7154,LOSS,1.01,5.0,1.75
2026-05-14 07:42,XRPUSDT,sell,226.4711,LOSS,0.85,5.11,1.64
2026-05-14 07:58,XRPUSDT,sell,225.6374,LOSS,0.98,5.2,1.28
2026-05-14 08:02,XRPUSDT,sell,224.976,LOSS,0.82,5.19,0.99
2026-05-14 08:03,XRPUSDT,sell,224.5558,LOSS,0.61,5.38,0.81
2026-05-14 08:04,XRPUSDT,sell,224.078,LOSS,0.82,5.61,0.59
2026-05-14 08:05,XRPUSDT,sell,223.4954,LOSS,1.08,5.88,0.33
2026-05-14 08:06,XRPUSDT,sell,223.0209,LOSS,1.29,6.11,0.08
2026-05-14 08:16,XRPUSDT,buy,229.0144,WIN,2.76,0.25,5.02
2026-05-14 08:23,XRPUSDT,buy,229.7864,WIN,0.55,0.58,6.97
2026-05-14 08:54,XRPUSDT,buy,230.4396,WIN,0.66,0.87,6.66
2026-05-14 08:55,XRPUSDT,buy,230.7884,WIN,0.82,1.02,6.5
2026-05-14 08:58,XRPUSDT,buy,231.3046,WIN,0.77,1.24,6.26
2026-05-14 08:59,XRPUSDT,buy,231.6873,WIN,0.59,1.4,6.09
2026-05-14 09:42,XRPUSDT,sell,230.4585,LOSS,0.69,6.65,0.87
2026-05-14 09:45,XRPUSDT,sell,229.3466,LOSS,0.75,5.07,0.39
2026-05-14 10:11,XRPUSDT,buy,231.4918,WIN,0.66,0.92,6.18
2026-05-14 10:30,XRPUSDT,sell,230.1159,LOSS,0.5,6.81,0.33
2026-05-14 10:39,XRPUSDT,buy,231.4779,WIN,0.41,0.92,6.18
2026-05-14 10:42,XRPUSDT,buy,231.6975,WIN,0.49,1.01,6.08
2026-05-14 10:45,XRPUSDT,buy,231.9404,WIN,0.59,1.11,5.97
2026-05-14 11:03,XRPUSDT,sell,230.6306,LOSS,0.42,6.57,0.55
2026-05-14 11:04,XRPUSDT,sell,229.9521,LOSS,0.7,6.89,0.26
2026-05-14 11:21,XRPUSDT,buy,231.439,WIN,0.47,0.9,6.2
2026-05-14 11:36,XRPUSDT,buy,236.2353,WIN,2.76,1.15,5.81
2026-05-14 11:37,XRPUSDT,buy,236.7216,WIN,2.97,1.36,5.59
2026-05-14 11:40,XRPUSDT,buy,237.1542,WIN,2.8,1.54,5.4
2026-05-14 11:48,XRPUSDT,buy,238.1874,WIN,0.67,1.96,5.0
2026-05-14 11:49,XRPUSDT,buy,238.5656,WIN,0.83,2.12,5.18
2026-05-14 11:50,XRPUSDT,buy,238.7999,WIN,0.92,2.21,5.07
2026-05-14 11:51,XRPUSDT,buy,239.0148,WIN,0.71,2.3,5.02
2026-05-14 12:16,XRPUSDT,buy,239.0709,WIN,0.53,2.33,6.81
2026-05-14 12:17,XRPUSDT,buy,239.4122,WIN,0.67,2.46,6.66
2026-05-14 12:20,XRPUSDT,buy,240.2033,WIN,1.0,2.79,6.31
2026-05-14 12:21,XRPUSDT,buy,240.6075,WIN,0.64,2.95,6.13
2026-05-14 12:30,XRPUSDT,buy,241.1148,WIN,0.57,3.15,5.9
2026-05-14 12:37,XRPUSDT,sell,238.8488,LOSS,0.93,5.05,2.23
2026-05-14 12:38,XRPUSDT,sell,238.7564,LOSS,0.79,5.09,2.2
2026-05-14 12:40,XRPUSDT,sell,238.3533,LOSS,0.44,5.0,2.03
2026-05-14 12:41,XRPUSDT,sell,237.374,LOSS,0.79,5.3,1.63
2026-05-14 12:42,XRPUSDT,sell,237.1829,LOSS,0.87,5.38,1.55
2026-05-14 12:43,XRPUSDT,sell,236.6929,LOSS,1.08,5.6,1.34
2026-05-14 12:54,XRPUSDT,sell,235.9371,LOSS,0.57,5.94,1.03
2026-05-14 12:56,XRPUSDT,sell,235.3356,LOSS,0.82,5.2,0.78
2026-05-14 13:16,XRPUSDT,buy,236.7758,WIN,0.55,1.38,5.57
2026-05-14 13:21,XRPUSDT,sell,235.2124,LOSS,0.88,5.0,0.72
2026-05-14 13:22,XRPUSDT,sell,234.8753,LOSS,0.79,5.04,0.58
2026-05-14 13:28,XRPUSDT,sell,234.0306,LOSS,0.5,5.03,0.22
2026-05-14 13:49,XRPUSDT,buy,235.421,WIN,0.57,0.71,5.16
2026-05-14 14:18,XRPUSDT,buy,236.0086,WIN,0.96,0.75,5.91
2026-05-14 14:19,XRPUSDT,buy,236.2966,WIN,0.75,0.87,5.78
2026-05-14 14:21,XRPUSDT,buy,236.6916,WIN,0.92,1.03,5.6
2026-05-14 14:22,XRPUSDT,buy,236.9234,WIN,0.82,1.13,5.5
2026-05-14 14:47,XRPUSDT,buy,237.824,WIN,0.47,0.21,5.1
2026-05-14 14:49,XRPUSDT,buy,238.175,WIN,0.62,0.36,5.01
2026-05-14 14:53,XRPUSDT,buy,238.6276,WIN,0.55,0.24,5.15
2026-05-14 14:54,XRPUSDT,buy,238.8493,WIN,0.65,0.34,5.05
2026-05-14 14:56,XRPUSDT,buy,245.4427,WIN,3.42,3.01,6.89
2026-05-14 15:03,XRPUSDT,buy,246.2331,WIN,0.54,3.33,6.54
2026-05-14 15:21,XRPUSDT,buy,247.0978,WIN,0.58,3.66,6.17
2026-05-14 15:34,XRPUSDT,sell,244.4231,LOSS,0.58,5.1,2.61
2026-05-14 15:35,XRPUSDT,sell,244.1681,LOSS,0.67,5.01,2.51
2026-05-14 15:36,XRPUSDT,sell,243.5155,LOSS,0.9,5.13,2.25
2026-05-14 15:59,XRPUSDT,sell,242.9695,LOSS,0.49,5.1,2.03
2026-05-14 16:03,XRPUSDT,sell,242.459,LOSS,0.51,5.32,1.82
2026-05-14 16:15,XRPUSDT,sell,242.0963,LOSS,0.57,5.47,1.67
2026-05-14 16:38,XRPUSDT,sell,241.3218,LOSS,0.6,5.81,1.36
2026-05-14 16:53,XRPUSDT,sell,240.6365,LOSS,0.68,6.11,1.08
2026-05-14 17:05,XRPUSDT,sell,240.2553,LOSS,0.63,6.28,0.92
2026-05-14 17:10,XRPUSDT,sell,240.132,LOSS,0.52,6.34,0.87
2026-05-14 17:32,XRPUSDT,sell,239.5088,LOSS,0.6,6.61,0.61
2026-05-14 17:35,XRPUSDT,sell,239.3044,LOSS,0.39,6.71,0.53
2026-05-14 17:36,XRPUSDT,sell,239.0749,LOSS,0.48,6.81,0.43
2026-05-14 17:37,XRPUSDT,sell,238.2845,LOSS,0.81,5.02,0.0
2026-05-14 17:52,XRPUSDT,buy,241.0073,WIN,0.72,0.61,5.95
2026-05-14 17:54,XRPUSDT,buy,241.136,WIN,0.7,0.66,5.89
2026-05-14 18:16,XRPUSDT,buy,243.3277,WIN,1.22,1.32,5.01
2026-05-14 18:28,XRPUSDT,buy,243.864,WIN,0.47,1.54,5.14
2026-05-14 18:47,XRPUSDT,sell,242.777,LOSS,0.44,5.18,1.1
2026-05-14 18:48,XRPUSDT,sell,242.0887,LOSS,0.72,5.48,0.82
2026-05-14 18:57,XRPUSDT,sell,241.5749,LOSS,0.64,5.7,0.61
2026-05-14 19:03,XRPUSDT,sell,241.133,LOSS,0.44,5.9,0.43
2026-05-14 19:07,XRPUSDT,sell,240.5038,LOSS,0.52,6.17,0.17
2026-05-14 19:10,XRPUSDT,sell,240.2238,LOSS,0.62,6.3,0.05
2026-05-14 19:18,XRPUSDT,buy,242.2112,WIN,0.6,0.87,5.42
2026-05-14 19:47,XRPUSDT,buy,243.5004,WIN,0.69,1.39,5.14
2026-05-14 19:48,XRPUSDT,buy,243.5538,WIN,0.62,1.42,5.11
2026-05-14 19:49,XRPUSDT,buy,243.8496,WIN,0.75,1.53,5.15
2026-05-14 20:05,XRPUSDT,buy,244.1502,WIN,0.51,1.66,5.02
2026-05-14 20:07,XRPUSDT,buy,244.4267,WIN,0.46,1.77,5.1
2026-05-14 20:08,XRPUSDT,buy,244.7666,WIN,0.6,1.9,5.01
2026-05-14 20:20,XRPUSDT,sell,242.6659,LOSS,0.73,5.23,1.05
2026-05-14 20:44,XRPUSDT,buy,244.6367,WIN,0.61,1.85,5.01
2026-05-14 21:00,XRPUSDT,sell,242.2568,LOSS,0.91,5.4,0.89
2026-05-14 21:01,XRPUSDT,sell,241.875,LOSS,1.06,5.57,0.73
2026-05-14 21:06,XRPUSDT,sell,240.8528,LOSS,0.52,6.02,0.31
2026-05-14 21:12,XRPUSDT,sell,240.5436,LOSS,0.51,6.16,0.18
2026-05-14 21:16,XRPUSDT,sell,240.4216,LOSS,0.41,6.21,0.0
2026-05-14 21:25,XRPUSDT,buy,242.565,WIN,0.5,0.28,5.27
2026-05-14 21:28,XRPUSDT,buy,242.9192,WIN,0.48,0.23,5.12
2026-05-14 21:36,XRPUSDT,buy,249.7033,WIN,3.03,1.93,5.06
2026-05-14 22:03,XRPUSDT,sell,247.3854,LOSS,0.71,6.05,1.01
2026-05-14 22:05,XRPUSDT,sell,246.847,LOSS,0.54,6.28,0.8
2026-05-14 22:20,XRPUSDT,buy,248.3591,WIN,0.73,1.4,5.63
2026-05-14 22:27,XRPUSDT,buy,248.9439,WIN,0.39,1.63,5.38
2026-05-14 22:40,XRPUSDT,sell,247.132,LOSS,0.86,6.16,0.91
2026-05-14 22:53,XRPUSDT,sell,245.8244,LOSS,0.77,6.72,0.38
2026-05-14 22:57,XRPUSDT,sell,244.9611,LOSS,0.88,5.03,0.0
2026-05-14 23:17,XRPUSDT,buy,246.6871,WIN,0.52,0.67,6.35
2026-05-14 23:25,XRPUSDT,sell,245.2896,LOSS,0.59,5.05,0.1
2026-05-14 23:34,XRPUSDT,buy,247.2732,WIN,0.75,0.81,6.09
2026-05-14 23:50,XRPUSDT,buy,248.2764,WIN,1.21,0.47,5.67
2026-05-14 23:53,XRPUSDT,buy,249.0544,WIN,0.97,0.78,5.34
2026-05-15 00:19,XRPUSDT,buy,249.6079,WIN,0.77,0.49,5.1
2026-05-15 00:26,XRPUSDT,buy,249.8311,WIN,0.59,0.43,5.01
2026-05-15 00:27,XRPUSDT,buy,250.0313,WIN,0.67,0.51,5.12
2026-05-15 00:46,XRPUSDT,buy,250.6354,WIN,0.75,0.63,5.08
2026-05-15 00:56,XRPUSDT,buy,254.6901,WIN,2.26,0.83,5.07
2026-05-15 00:59,XRPUSDT,buy,255.3945,WIN,2.55,1.1,5.14
2026-05-15 01:00,XRPUSDT,buy,255.418,WIN,2.56,1.11,5.13
2026-05-15 01:21,XRPUSDT,buy,256.0794,WIN,0.56,1.36,5.1
2026-05-15 01:26,XRPUSDT,buy,256.4358,WIN,0.37,1.5,5.1
2026-05-15 01:28,XRPUSDT,buy,257.0143,WIN,0.59,1.72,5.02
2026-05-15 01:42,XRPUSDT,buy,257.5467,WIN,0.7,1.93,5.08
2026-05-15 01:50,XRPUSDT,sell,255.5268,LOSS,0.41,5.09,1.15
2026-05-15 01:51,XRPUSDT,sell,255.0317,LOSS,0.51,5.05,0.96
2026-05-15 01:52,XRPUSDT,sell,254.8644,LOSS,0.58,5.0,0.89
2026-05-15 01:58,XRPUSDT,sell,254.1237,LOSS,0.41,5.01,0.6
2026-05-15 01:59,XRPUSDT,sell,253.7744,LOSS,0.55,5.06,0.47
2026-05-15 02:00,XRPUSDT,sell,253.4087,LOSS,0.67,5.07,0.32
2026-05-15 02:01,XRPUSDT,sell,253.2032,LOSS,0.75,5.02,0.24
2026-05-15 02:13,XRPUSDT,buy,255.2827,WIN,0.84,1.05,5.19
2026-05-15 02:14,XRPUSDT,buy,255.4257,WIN,0.89,1.11,5.13
2026-05-15 02:17,XRPUSDT,buy,255.9058,WIN,0.51,1.29,5.18
2026-05-15 02:19,XRPUSDT,buy,256.2027,WIN,0.42,1.41,5.05
2026-05-15 02:20,XRPUSDT,buy,256.4673,WIN,0.52,1.51,5.09
2026-05-15 02:26,XRPUSDT,buy,257.3639,WIN,0.58,1.85,5.05
2026-05-15 03:34,XRPUSDT,sell,253.852,LOSS,0.59,5.03,0.49
2026-05-15 03:35,XRPUSDT,sell,253.6444,LOSS,0.67,5.04,0.41
2026-05-15 03:40,XRPUSDT,sell,252.9615,LOSS,0.35,5.12,0.14
2026-05-15 03:42,XRPUSDT,sell,252.7389,LOSS,0.44,5.0,0.0
2026-05-15 03:54,XRPUSDT,buy,255.0802,WIN,0.34,0.42,5.03
2026-05-15 04:01,XRPUSDT,buy,255.3638,WIN,0.54,0.4,5.16
2026-05-15 04:02,XRPUSDT,buy,255.4604,WIN,0.58,0.44,5.12
2026-05-15 04:16,XRPUSDT,buy,262.0718,WIN,3.02,1.04,5.07
2026-05-15 04:19,XRPUSDT,buy,262.9059,WIN,3.35,1.35,5.11
2026-05-15 04:20,XRPUSDT,buy,263.7347,WIN,3.68,1.66,5.01
2026-05-15 04:21,XRPUSDT,buy,264.2128,WIN,0.91,1.84,5.31
2026-05-15 04:22,XRPUSDT,buy,264.4214,WIN,0.93,1.92,5.23
2026-05-15 05:00,XRPUSDT,buy,263.8494,WIN,0.55,1.71,5.01
2026-05-15 05:02,XRPUSDT,buy,264.2095,WIN,0.55,1.84,5.31
2026-05-15 05:03,XRPUSDT,buy,264.5811,WIN,0.68,1.98,5.16
2026-05-15 05:04,XRPUSDT,buy,264.9938,WIN,0.84,2.13,5.05
2026-05-15 05:24,XRPUSDT,buy,265.481,WIN,0.54,2.31,5.01
2026-05-15 05:27,XRPUSDT,buy,266.4247,WIN,0.66,2.66,5.32
2026-05-15 05:28,XRPUSDT,buy,266.535,WIN,0.54,2.7,5.27
2026-05-15 06:00,XRPUSDT,buy,267.6429,WIN,0.63,3.1,5.07
2026-05-15 06:02,XRPUSDT,buy,268.3425,WIN,0.66,3.35,5.04
2026-05-15 06:26,XRPUSDT,sell,265.8975,LOSS,0.59,5.18,2.46
2026-05-15 06:33,XRPUSDT,sell,265.6428,LOSS,0.45,5.08,2.37
2026-05-15 06:48,XRPUSDT,buy,268.3919,WIN,0.83,3.37,5.02
2026-05-15 06:57,XRPUSDT,sell,265.8408,LOSS,0.56,5.01,2.44
2026-05-15 07:04,XRPUSDT,sell,264.817,LOSS,0.65,5.07,2.07
2026-05-15 07:05,XRPUSDT,sell,264.7298,LOSS,0.68,5.1,2.03
2026-05-15 07:09,XRPUSDT,sell,264.314,LOSS,0.37,5.27,1.88
2026-05-15 07:11,XRPUSDT,sell,263.5781,LOSS,0.58,5.07,1.6
2026-05-15 07:36,XRPUSDT,buy,269.0243,WIN,2.09,3.6,5.02
2026-05-15 07:55,XRPUSDT,buy,269.6647,WIN,0.76,3.83,5.08
2026-05-15 08:13,XRPUSDT,sell,268.4367,LOSS,0.41,5.0,3.39
2026-05-15 08:16,XRPUSDT,sell,268.1873,LOSS,0.38,5.1,3.3
2026-05-15 08:26,XRPUSDT,sell,267.5199,LOSS,0.64,5.12,3.05
2026-05-15 08:29,XRPUSDT,sell,267.4198,LOSS,0.52,5.15,3.02
2026-05-15 08:31,XRPUSDT,sell,267.0565,LOSS,0.66,5.07,2.89
2026-05-15 08:53,XRPUSDT,sell,266.9253,LOSS,0.41,5.12,2.84
2026-05-15 09:07,XRPUSDT,sell,266.5206,LOSS,0.6,5.28,2.69
2026-05-15 09:08,XRPUSDT,sell,266.1327,LOSS,0.74,5.09,2.55
2026-05-15 09:18,XRPUSDT,sell,265.7396,LOSS,0.39,5.05,2.41
2026-05-15 09:19,XRPUSDT,sell,265.6344,LOSS,0.43,5.09,2.37
2026-05-15 09:20,XRPUSDT,sell,265.4258,LOSS,0.36,5.04,2.29
2026-05-15 09:21,XRPUSDT,sell,265.1328,LOSS,0.45,5.15,2.18
2026-05-15 09:32,XRPUSDT,buy,267.0796,WIN,0.61,2.89,5.06
2026-05-15 09:33,XRPUSDT,buy,267.3214,WIN,0.62,2.98,5.19
2026-05-15 09:36,XRPUSDT,buy,268.0731,WIN,0.62,3.25,5.03
2026-05-15 09:51,XRPUSDT,sell,266.3834,LOSS,0.29,5.33,2.64
2026-05-15 09:53,XRPUSDT,sell,265.8907,LOSS,0.48,5.19,2.46
2026-05-15 09:54,XRPUSDT,sell,265.5198,LOSS,0.62,5.13,2.32
2026-05-15 09:55,XRPUSDT,sell,264.7324,LOSS,0.82,5.1,2.03
2026-05-15 09:56,XRPUSDT,sell,264.2558,LOSS,0.83,5.29,1.86
2026-05-15 09:57,XRPUSDT,sell,263.9221,LOSS,0.96,5.43,1.73
2026-05-15 10:02,XRPUSDT,sell,263.7271,LOSS,0.68,5.01,1.66
2026-05-15 10:03,XRPUSDT,sell,262.2413,LOSS,1.24,5.0,1.1
2026-05-15 10:19,XRPUSDT,sell,261.5053,LOSS,0.74,5.17,0.82
2026-05-15 10:23,XRPUSDT,sell,260.9113,LOSS,0.57,5.05,0.6
2026-05-15 10:41,XRPUSDT,sell,260.1231,LOSS,0.59,5.0,0.3
2026-05-15 10:42,XRPUSDT,sell,259.9989,LOSS,0.63,5.05,0.19
2026-05-15 10:56,XRPUSDT,buy,265.4448,WIN,2.29,1.23,5.03
2026-05-15 11:02,XRPUSDT,buy,266.385,WIN,0.84,1.58,5.33
2026-05-15 11:16,XRPUSDT,sell,264.0316,LOSS,0.75,5.38,0.7
2026-05-15 11:23,XRPUSDT,sell,263.5392,LOSS,0.44,5.09,0.52
2026-05-15 11:38,XRPUSDT,buy,264.8568,WIN,0.47,1.01,5.05
2026-05-15 11:57,XRPUSDT,sell,262.5506,LOSS,0.69,5.04,0.14
2026-05-15 12:16,XRPUSDT,buy,263.7818,WIN,0.47,0.0,5.04
2026-05-15 12:20,XRPUSDT,buy,265.1044,WIN,0.66,0.0,5.01
2026-05-15 12:21,XRPUSDT,buy,265.5858,WIN,0.77,0.06,5.11
2026-05-15 12:22,XRPUSDT,buy,266.4981,WIN,1.01,0.4,5.29
2026-05-15 12:27,XRPUSDT,buy,267.0635,WIN,0.62,0.41,5.06
2026-05-15 12:31,XRPUSDT,buy,267.5248,WIN,0.61,0.59,5.11
2026-05-15 12:32,XRPUSDT,buy,268.1965,WIN,0.8,0.83,5.1
2026-05-15 13:04,XRPUSDT,buy,267.9349,WIN,0.69,0.16,5.08
2026-05-15 13:07,XRPUSDT,buy,268.2045,WIN,0.59,0.05,5.1
2026-05-15 13:08,XRPUSDT,buy,268.3992,WIN,0.66,0.12,5.02
2026-05-15 13:11,XRPUSDT,buy,268.68,WIN,0.44,0.23,5.16
2026-05-15 13:22,XRPUSDT,buy,269.517,WIN,0.54,0.49,5.14
2026-05-15 13:27,XRPUSDT,buy,269.9912,WIN,0.55,0.66,5.16
2026-05-15 14:16,XRPUSDT,buy,271.9299,WIN,1.27,0.32,5.04
2026-05-15 14:18,XRPUSDT,buy,272.1052,WIN,1.34,0.39,5.09
2026-05-15 14:26,XRPUSDT,buy,272.8294,WIN,0.41,0.65,5.11
2026-05-15 14:28,XRPUSDT,buy,273.2837,WIN,0.52,0.82,5.06
2026-05-15 14:56,XRPUSDT,buy,273.7215,WIN,0.75,0.08,5.02
2026-05-15 14:58,XRPUSDT,buy,274.1792,WIN,0.87,0.25,5.03
2026-05-15 14:59,XRPUSDT,buy,274.801,WIN,1.06,0.48,5.25
2026-05-15 15:12,XRPUSDT,buy,275.851,WIN,0.46,0.09,5.01
2026-05-15 15:17,XRPUSDT,buy,276.8009,WIN,0.5,0.43,5.62
2026-05-15 15:18,XRPUSDT,buy,277.0196,WIN,0.45,0.51,5.54
2026-05-15 15:19,XRPUSDT,buy,277.7094,WIN,0.7,0.76,5.28
2026-05-15 15:27,XRPUSDT,buy,278.6472,WIN,0.51,1.09,5.08
2026-05-15 15:28,XRPUSDT,buy,279.0599,WIN,0.64,1.24,5.18
2026-05-15 15:48,XRPUSDT,sell,276.3151,LOSS,0.69,5.81,0.26
2026-05-15 15:49,XRPUSDT,sell,276.0368,LOSS,0.78,5.91,0.14
2026-05-15 16:07,XRPUSDT,buy,279.3754,WIN,0.54,0.35,5.07
2026-05-15 17:26,XRPUSDT,sell,280.1649,LOSS,0.46,5.05,0.63
2026-05-15 17:28,XRPUSDT,sell,279.9125,LOSS,0.53,5.14,0.54
2026-05-15 17:31,XRPUSDT,sell,279.3085,LOSS,0.64,5.09,0.33
2026-05-15 17:33,XRPUSDT,sell,278.8287,LOSS,0.81,5.01,0.16
2026-05-08 23:14,ADAUSDT,buy,101.1102,WIN,0.48,1.09,6.05
2026-05-08 23:16,ADAUSDT,buy,101.1904,WIN,0.35,1.17,5.96
2026-05-08 23:54,ADAUSDT,buy,101.1844,WIN,0.57,1.16,5.97
2026-05-09 00:08,ADAUSDT,sell,100.3262,LOSS,0.5,5.02,0.31
2026-05-09 00:15,ADAUSDT,sell,100.1346,LOSS,0.72,5.07,0.12
2026-05-09 00:32,ADAUSDT,buy,100.7288,WIN,0.67,0.7,5.03
2026-05-09 00:34,ADAUSDT,buy,100.9077,WIN,0.67,0.88,5.16
2026-05-09 00:49,ADAUSDT,buy,101.0264,WIN,0.83,0.47,5.03
2026-05-09 00:52,ADAUSDT,buy,101.2646,WIN,0.98,0.71,5.88
2026-05-09 01:14,ADAUSDT,buy,101.4343,WIN,0.47,0.23,5.71
2026-05-09 01:19,ADAUSDT,buy,101.6648,WIN,0.46,0.18,5.47
2026-05-09 01:26,ADAUSDT,buy,102.1382,WIN,0.64,0.02,5.16
2026-05-09 01:29,ADAUSDT,buy,102.5653,WIN,0.81,0.14,7.51
2026-05-09 01:30,ADAUSDT,buy,102.7728,WIN,1.0,0.34,7.29
2026-05-09 01:31,ADAUSDT,buy,102.8629,WIN,0.8,0.43,7.2
2026-05-09 01:37,ADAUSDT,buy,104.4396,WIN,1.97,1.39,5.58
2026-05-09 01:39,ADAUSDT,buy,104.5579,WIN,2.02,1.5,5.46
2026-05-09 01:40,ADAUSDT,buy,104.8814,WIN,2.34,1.8,5.13
2026-05-09 01:45,ADAUSDT,buy,105.1233,WIN,0.34,2.03,5.09
2026-05-09 01:51,ADAUSDT,buy,105.2391,WIN,0.21,2.14,5.04
2026-05-09 01:56,ADAUSDT,buy,105.3519,WIN,0.44,2.24,5.09
2026-05-09 01:57,ADAUSDT,buy,105.5595,WIN,0.63,2.43,5.08
2026-05-09 02:17,ADAUSDT,buy,105.8753,WIN,0.56,2.73,5.02
2026-05-09 02:26,ADAUSDT,sell,104.8991,LOSS,0.4,5.11,1.82
2026-05-09 02:29,ADAUSDT,sell,104.8735,LOSS,0.46,5.14,1.8
2026-05-09 02:32,ADAUSDT,sell,104.7127,LOSS,0.61,5.3,1.65
2026-05-09 02:33,ADAUSDT,sell,104.5194,LOSS,0.8,5.5,1.46
2026-05-09 02:34,ADAUSDT,sell,104.3218,LOSS,0.71,5.7,1.28
2026-05-09 02:35,ADAUSDT,sell,104.1352,LOSS,0.89,5.89,1.1
2026-05-09 02:43,ADAUSDT,sell,103.5329,LOSS,0.82,6.5,0.52
2026-05-09 02:46,ADAUSDT,sell,103.4703,LOSS,0.67,6.57,0.46
2026-05-09 02:47,ADAUSDT,sell,103.246,LOSS,0.68,6.8,0.25
2026-05-09 02:49,ADAUSDT,sell,103.1406,LOSS,0.51,6.91,0.11
2026-05-09 03:06,ADAUSDT,buy,103.895,WIN,0.43,0.84,6.13
2026-05-09 03:16,ADAUSDT,sell,103.1757,LOSS,0.58,6.87,0.15
2026-05-09 03:38,ADAUSDT,buy,103.9206,WIN,0.87,0.69,6.1
2026-05-09 04:00,ADAUSDT,buy,104.1954,WIN,0.6,0.95,5.82
2026-05-09 04:01,ADAUSDT,buy,104.3142,WIN,0.63,1.06,5.7
2026-05-09 04:32,ADAUSDT,buy,104.5228,WIN,0.43,0.62,5.49
2026-05-09 04:33,ADAUSDT,buy,104.6555,WIN,0.56,0.74,5.36
2026-05-09 04:51,ADAUSDT,sell,104.1449,LOSS,0.4,5.88,0.26
2026-05-09 04:52,ADAUSDT,sell,104.0078,LOSS,0.53,6.02,0.13
2026-05-09 04:57,ADAUSDT,buy,106.9978,WIN,3.0,2.52,5.2
2026-05-09 05:18,ADAUSDT,sell,105.4966,LOSS,0.48,5.14,1.14
2026-05-09 05:19,ADAUSDT,sell,105.3896,LOSS,0.35,5.05,1.04
2026-05-09 05:20,ADAUSDT,sell,105.07,LOSS,0.64,5.03,0.73
2026-05-09 05:21,ADAUSDT,sell,104.9939,LOSS,0.71,5.02,0.66
2026-05-09 06:06,ADAUSDT,buy,105.6525,WIN,0.42,1.28,5.11
2026-05-09 06:33,ADAUSDT,buy,106.0112,WIN,0.7,1.62,5.09
2026-05-09 06:43,ADAUSDT,sell,105.2725,LOSS,0.72,5.01,0.93
2026-05-09 06:44,ADAUSDT,sell,105.141,LOSS,0.85,5.07,0.8
2026-05-09 07:08,ADAUSDT,sell,104.9925,LOSS,0.55,5.02,0.66
2026-05-09 07:09,ADAUSDT,sell,104.9119,LOSS,0.63,5.1,0.58
2026-05-09 07:10,ADAUSDT,sell,104.5386,LOSS,0.95,5.48,0.23
2026-05-09 07:44,ADAUSDT,buy,105.6091,WIN,0.59,0.0,5.03
2026-05-09 07:45,ADAUSDT,buy,105.7546,WIN,0.6,0.06,5.01
2026-05-09 07:46,ADAUSDT,buy,105.9136,WIN,0.75,0.21,5.03
2026-05-09 07:47,ADAUSDT,buy,105.9536,WIN,0.66,0.25,5.15
2026-05-09 07:51,ADAUSDT,buy,106.0732,WIN,0.37,0.26,5.03
2026-05-09 07:53,ADAUSDT,buy,106.244,WIN,0.53,0.41,5.01
2026-05-09 07:56,ADAUSDT,buy,106.3084,WIN,0.49,0.29,5.09
2026-05-09 07:57,ADAUSDT,buy,106.3222,WIN,0.5,0.3,5.07
2026-05-09 08:01,ADAUSDT,buy,106.4427,WIN,0.41,0.41,5.06
2026-05-09 08:07,ADAUSDT,buy,106.7465,WIN,0.55,0.7,5.11
2026-05-09 08:08,ADAUSDT,buy,107.0451,WIN,0.77,0.97,5.16
2026-05-09 08:11,ADAUSDT,buy,107.3447,WIN,0.97,1.25,5.3
2026-05-09 08:15,ADAUSDT,buy,107.4343,WIN,0.38,1.33,5.21
2026-05-09 08:17,ADAUSDT,buy,110.2042,WIN,2.97,3.81,5.18
2026-05-09 08:18,ADAUSDT,buy,110.3217,WIN,3.08,3.91,5.07
2026-05-09 08:56,ADAUSDT,sell,108.8196,LOSS,0.53,5.06,2.59
2026-05-09 09:31,ADAUSDT,sell,108.062,LOSS,0.68,5.13,1.91
2026-05-09 09:34,ADAUSDT,sell,107.8093,LOSS,0.56,5.07,1.68
2026-05-09 09:35,ADAUSDT,sell,107.6677,LOSS,0.69,5.11,1.55
2026-05-09 10:28,ADAUSDT,buy,108.738,WIN,0.72,2.52,5.14
2026-05-09 10:50,ADAUSDT,sell,107.8604,LOSS,0.58,5.02,1.72
2026-05-09 10:55,ADAUSDT,sell,107.511,LOSS,0.56,5.14,1.4
2026-05-09 10:56,ADAUSDT,sell,107.2554,LOSS,0.8,5.39,1.17
2026-05-09 11:12,ADAUSDT,buy,108.0331,WIN,0.42,1.88,5.16
2026-05-09 11:17,ADAUSDT,sell,107.2269,LOSS,0.83,5.02,1.14
2026-05-09 11:37,ADAUSDT,buy,109.9129,WIN,2.73,3.56,5.46
2026-05-09 12:02,ADAUSDT,buy,110.0506,WIN,0.9,3.68,5.32
2026-05-09 12:03,ADAUSDT,buy,110.4178,WIN,0.84,4.0,5.11
2026-05-09 12:04,ADAUSDT,buy,110.5136,WIN,0.93,4.08,5.02
2026-05-09 12:06,ADAUSDT,buy,110.6209,WIN,0.7,4.17,5.04
2026-05-09 12:25,ADAUSDT,sell,109.7589,LOSS,0.37,5.6,3.42
2026-05-09 12:39,ADAUSDT,sell,109.3557,LOSS,0.63,5.16,3.07
2026-05-09 12:40,ADAUSDT,sell,109.0768,LOSS,0.88,5.04,2.82
2026-05-09 12:41,ADAUSDT,sell,109.0217,LOSS,0.8,5.09,2.77
2026-05-09 12:54,ADAUSDT,sell,108.6702,LOSS,0.55,5.06,2.45
2026-05-09 12:55,ADAUSDT,sell,108.5472,LOSS,0.66,5.01,2.34
2026-05-09 12:58,ADAUSDT,sell,108.3123,LOSS,0.61,5.24,2.13
2026-05-09 13:01,ADAUSDT,sell,108.1478,LOSS,0.58,5.05,1.98
2026-05-09 13:02,ADAUSDT,sell,107.9797,LOSS,0.72,5.21,1.83
2026-05-09 13:10,ADAUSDT,sell,107.8983,LOSS,0.52,5.03,1.76
2026-05-09 13:38,ADAUSDT,sell,107.2658,LOSS,1.11,5.38,1.18
2026-05-09 13:42,ADAUSDT,sell,107.0663,LOSS,0.55,5.13,0.99
2026-05-09 13:43,ADAUSDT,sell,107.0193,LOSS,0.6,5.18,0.95
2026-05-09 13:47,ADAUSDT,sell,106.9391,LOSS,0.26,5.26,0.88
2026-05-09 13:50,ADAUSDT,sell,106.7455,LOSS,0.4,5.11,0.7
2026-05-09 13:51,ADAUSDT,sell,106.6698,LOSS,0.43,5.19,0.62
2026-05-09 13:52,ADAUSDT,sell,106.4831,LOSS,0.6,5.02,0.45
2026-05-09 13:55,ADAUSDT,sell,106.1075,LOSS,0.6,5.05,0.1
2026-05-09 14:19,ADAUSDT,buy,107.1915,WIN,0.49,0.44,5.01
2026-05-09 14:24,ADAUSDT,buy,107.2838,WIN,0.27,0.52,5.36
2026-05-09 14:39,ADAUSDT,buy,107.7508,WIN,0.96,0.4,5.03
2026-05-09 14:41,ADAUSDT,buy,107.8994,WIN,0.98,0.54,5.03
2026-05-09 14:43,ADAUSDT,buy,108.09,WIN,0.71,0.72,5.11
2026-05-09 14:57,ADAUSDT,buy,109.3754,WIN,1.92,0.0,5.14
2026-05-09 14:58,ADAUSDT,buy,109.5001,WIN,2.03,0.0,5.02
2026-05-09 14:59,ADAUSDT,buy,109.8986,WIN,2.34,0.02,5.47
2026-05-09 15:03,ADAUSDT,buy,110.2306,WIN,0.68,0.32,5.15
2026-05-09 15:04,ADAUSDT,buy,110.4766,WIN,0.59,0.54,5.06
2026-05-09 15:05,ADAUSDT,buy,110.6969,WIN,0.74,0.74,5.1
2026-05-09 15:08,ADAUSDT,buy,110.9278,WIN,0.71,0.95,5.02
2026-05-09 15:09,ADAUSDT,buy,111.0797,WIN,0.67,1.08,5.04
2026-05-09 15:12,ADAUSDT,buy,111.1378,WIN,0.46,1.13,5.09
2026-05-09 15:27,ADAUSDT,sell,110.4033,LOSS,0.63,5.13,0.48
2026-05-09 15:46,ADAUSDT,buy,111.0148,WIN,0.5,1.02,5.1
2026-05-09 16:04,ADAUSDT,buy,111.0792,WIN,0.38,1.08,5.04
2026-05-09 16:22,ADAUSDT,buy,111.5215,WIN,0.61,1.47,5.05
2026-05-09 16:23,ADAUSDT,buy,111.6162,WIN,0.7,1.56,5.29
2026-05-09 16:27,ADAUSDT,buy,111.9411,WIN,0.49,1.84,5.03
2026-05-09 16:28,ADAUSDT,buy,112.066,WIN,0.6,1.95,5.16
2026-05-09 16:46,ADAUSDT,buy,112.4291,WIN,1.03,2.27,5.01
2026-05-09 16:48,ADAUSDT,buy,112.9099,WIN,1.29,2.69,5.62
2026-05-09 17:04,ADAUSDT,sell,111.5755,LOSS,0.86,5.33,1.52
2026-05-09 17:07,ADAUSDT,sell,111.5137,LOSS,0.87,5.06,1.47
2026-05-09 17:18,ADAUSDT,sell,111.3482,LOSS,0.72,5.01,1.32
2026-05-09 17:19,ADAUSDT,sell,111.0178,LOSS,1.02,5.1,1.03
2026-05-09 17:20,ADAUSDT,sell,110.8377,LOSS,0.97,5.11,0.87
2026-05-09 17:21,ADAUSDT,sell,110.471,LOSS,1.28,5.06,0.54
2026-05-09 17:22,ADAUSDT,sell,110.2243,LOSS,1.26,5.16,0.31
2026-05-09 18:07,ADAUSDT,sell,110.0318,LOSS,0.67,5.34,0.0
2026-05-09 18:17,ADAUSDT,buy,113.0808,WIN,2.49,0.18,5.46
2026-05-09 18:18,ADAUSDT,buy,113.1827,WIN,2.51,0.27,5.37
2026-05-09 18:19,ADAUSDT,buy,113.2941,WIN,2.61,0.37,5.26
2026-05-09 18:20,ADAUSDT,buy,113.344,WIN,2.66,0.41,5.22
2026-05-09 18:23,ADAUSDT,buy,113.8121,WIN,0.58,0.82,5.29
2026-05-09 18:26,ADAUSDT,buy,114.0234,WIN,0.52,1.0,5.09
2026-05-09 18:27,ADAUSDT,buy,114.0748,WIN,0.56,1.05,5.05
2026-05-09 18:28,ADAUSDT,buy,114.3201,WIN,0.53,1.26,5.3
2026-05-09 18:29,ADAUSDT,buy,114.459,WIN,0.65,1.38,5.18
2026-05-09 18:30,ADAUSDT,buy,114.6479,WIN,0.73,1.54,5.0
2026-05-09 18:33,ADAUSDT,buy,114.9273,WIN,0.55,1.78,5.39
2026-05-09 18:50,ADAUSDT,sell,114.2934,LOSS,0.65,5.33,1.24
2026-05-09 18:51,ADAUSDT,sell,114.2246,LOSS,0.69,5.39,1.18
2026-05-09 18:53,ADAUSDT,sell,114.0796,LOSS,0.61,5.04,1.05
2026-05-09 18:54,ADAUSDT,sell,113.86,LOSS,0.75,5.25,0.86
2026-05-09 18:56,ADAUSDT,sell,113.7523,LOSS,0.49,5.35,0.77
2026-05-09 19:07,ADAUSDT,sell,113.4265,LOSS,0.68,5.14,0.48
2026-05-09 19:08,ADAUSDT,sell,113.1899,LOSS,0.89,5.36,0.28
2026-05-09 19:18,ADAUSDT,sell,112.8884,LOSS,0.71,5.64,0.0
2026-05-09 19:40,ADAUSDT,buy,114.0935,WIN,0.53,1.06,5.03
2026-05-09 19:42,ADAUSDT,buy,114.3372,WIN,0.61,1.27,5.29
2026-05-09 19:43,ADAUSDT,buy,114.4843,WIN,0.64,1.4,5.15
2026-05-09 19:55,ADAUSDT,sell,113.2102,LOSS,0.63,5.34,0.2
2026-05-09 20:48,ADAUSDT,buy,114.1913,WIN,0.42,1.15,5.42
2026-05-09 20:49,ADAUSDT,buy,114.3548,WIN,0.56,1.29,5.27
2026-05-09 20:52,ADAUSDT,buy,114.4463,WIN,0.34,1.37,5.19
2026-05-09 20:54,ADAUSDT,buy,114.7599,WIN,0.56,1.64,5.1
2026-05-09 20:55,ADAUSDT,buy,114.9765,WIN,0.75,1.82,5.34
2026-05-09 21:16,ADAUSDT,buy,114.8024,WIN,0.76,1.67,5.07
2026-05-09 21:19,ADAUSDT,buy,114.9422,WIN,0.51,1.79,5.38
2026-05-09 21:30,ADAUSDT,sell,113.9126,LOSS,0.76,5.2,0.9
2026-05-09 21:32,ADAUSDT,sell,113.7587,LOSS,0.65,5.34,0.77
2026-05-09 21:34,ADAUSDT,sell,113.6848,LOSS,0.44,5.41,0.7
2026-05-09 21:37,ADAUSDT,buy,115.8608,WIN,2.03,2.57,5.01
2026-05-09 21:38,ADAUSDT,buy,115.9565,WIN,2.11,2.65,5.07
2026-05-09 22:01,ADAUSDT,sell,115.1394,LOSS,0.65,5.2,1.96
2026-05-09 22:15,ADAUSDT,sell,114.677,LOSS,0.52,5.18,1.56
2026-05-09 22:17,ADAUSDT,sell,114.6093,LOSS,0.57,5.04,1.51
2026-05-09 22:51,ADAUSDT,sell,114.2025,LOSS,0.64,5.41,1.16
2026-05-09 23:12,ADAUSDT,sell,113.8581,LOSS,0.53,5.25,0.86
2026-05-09 23:14,ADAUSDT,sell,113.689,LOSS,0.67,5.4,0.71
2026-05-09 23:15,ADAUSDT,sell,113.4834,LOSS,0.85,5.09,0.14
2026-05-09 23:36,ADAUSDT,buy,114.4018,WIN,0.58,1.33,5.23
2026-05-09 23:38,ADAUSDT,buy,114.4682,WIN,0.54,1.38,5.17
2026-05-09 23:44,ADAUSDT,buy,114.767,WIN,0.48,1.64,5.1
2026-05-09 23:46,ADAUSDT,buy,114.9972,WIN,0.63,1.84,5.33
2026-05-09 23:48,ADAUSDT,buy,115.1593,WIN,0.59,1.98,5.18
2026-05-09 23:53,ADAUSDT,buy,115.5335,WIN,0.63,2.29,5.02
2026-05-10 00:03,ADAUSDT,buy,116.2677,WIN,0.69,2.91,5.05
2026-05-10 00:05,ADAUSDT,buy,116.4396,WIN,0.83,3.05,5.11
2026-05-10 00:06,ADAUSDT,buy,116.6068,WIN,0.66,3.19,5.19
2026-05-10 00:07,ADAUSDT,buy,116.7053,WIN,0.72,3.27,5.1
2026-05-10 00:08,ADAUSDT,buy,116.8078,WIN,0.61,3.36,5.01
2026-05-10 00:09,ADAUSDT,buy,116.8506,WIN,0.64,3.4,5.19
2026-05-10 00:20,ADAUSDT,buy,117.0739,WIN,0.49,3.58,5.83
2026-05-10 00:21,ADAUSDT,buy,117.3647,WIN,0.74,3.82,5.57
2026-05-10 00:26,ADAUSDT,sell,116.3228,LOSS,1.02,5.01,2.96
2026-05-10 00:39,ADAUSDT,buy,117.6862,WIN,0.86,4.08,5.28
2026-05-10 00:47,ADAUSDT,buy,118.1429,WIN,0.33,4.45,5.07
2026-05-10 00:57,ADAUSDT,buy,119.1013,LOSS,1.14,5.03,0.17
2026-05-10 01:18,ADAUSDT,sell,117.932,LOSS,0.38,5.06,4.28
2026-05-10 01:19,ADAUSDT,sell,117.4795,LOSS,0.74,5.46,3.91
2026-05-10 01:21,ADAUSDT,sell,117.2739,LOSS,0.91,5.65,3.74
2026-05-10 01:24,ADAUSDT,sell,117.0373,LOSS,0.51,5.02,3.55
2026-05-10 01:25,ADAUSDT,sell,116.8494,LOSS,0.63,5.19,3.39
2026-05-10 01:26,ADAUSDT,sell,116.8114,LOSS,0.5,5.0,3.36
2026-05-10 01:29,ADAUSDT,sell,116.6075,LOSS,0.51,5.19,3.19
2026-05-10 02:03,ADAUSDT,buy,117.2833,WIN,0.54,3.75,5.64
2026-05-10 02:05,ADAUSDT,sell,116.404,LOSS,0.81,5.14,3.02
2026-05-10 02:22,ADAUSDT,buy,117.5626,WIN,0.63,3.98,5.39
2026-05-10 02:24,ADAUSDT,buy,117.6066,WIN,0.54,4.02,5.35
2026-05-10 02:25,ADAUSDT,buy,117.828,WIN,0.73,4.2,5.15
2026-05-10 02:41,ADAUSDT,buy,118.2447,WIN,0.41,4.53,5.08
2026-05-10 02:49,ADAUSDT,buy,118.4468,WIN,0.55,4.7,5.21
2026-05-10 02:50,ADAUSDT,buy,118.524,WIN,0.54,4.76,5.15
2026-05-10 02:51,ADAUSDT,buy,118.6515,WIN,0.65,4.86,5.03
2026-05-10 02:54,ADAUSDT,buy,118.7206,WIN,0.29,4.92,5.19
2026-05-10 03:05,ADAUSDT,sell,117.4376,LOSS,0.97,5.5,3.88
2026-05-10 03:06,ADAUSDT,sell,117.3451,LOSS,0.95,5.58,3.8
2026-05-10 03:23,ADAUSDT,sell,117.211,LOSS,0.38,5.7,3.69
2026-05-10 03:24,ADAUSDT,sell,117.0389,LOSS,0.5,5.02,3.55
2026-05-10 03:31,ADAUSDT,sell,116.7266,LOSS,0.47,5.08,3.29
2026-05-10 03:38,ADAUSDT,sell,116.4612,LOSS,0.63,5.09,3.07
2026-05-10 03:40,ADAUSDT,sell,116.2557,LOSS,0.65,5.06,2.9
2026-05-10 03:42,ADAUSDT,sell,116.027,LOSS,0.58,5.0,2.71
2026-05-10 03:56,ADAUSDT,buy,117.3857,WIN,0.7,3.84,5.55
2026-05-10 04:16,ADAUSDT,sell,115.7612,LOSS,0.53,5.1,2.49
2026-05-10 04:17,ADAUSDT,buy,118.7078,WIN,2.65,4.91,5.2
2026-05-10 04:18,ADAUSDT,buy,118.8302,LOSS,2.76,5.0,0.4
2026-05-10 04:19,ADAUSDT,buy,119.1805,LOSS,3.06,5.09,0.1
2026-05-10 04:39,ADAUSDT,sell,117.9269,LOSS,0.51,5.06,4.28
2026-05-10 04:42,ADAUSDT,sell,117.6359,LOSS,0.69,5.32,4.04
2026-05-10 04:45,ADAUSDT,sell,117.4669,LOSS,0.54,5.47,3.9
2026-05-10 04:47,ADAUSDT,sell,117.4146,LOSS,0.52,5.52,3.86
2026-05-10 04:59,ADAUSDT,sell,116.6381,LOSS,0.71,5.16,3.22
2026-05-10 05:37,ADAUSDT,sell,116.2902,LOSS,0.41,5.03,2.93
2026-05-10 05:38,ADAUSDT,sell,116.2576,LOSS,0.43,5.05,2.9
2026-05-10 05:54,ADAUSDT,sell,115.9548,LOSS,0.42,5.07,2.65
2026-05-10 05:57,ADAUSDT,sell,115.5915,LOSS,0.65,5.04,2.34
2026-05-10 06:02,ADAUSDT,sell,115.1103,LOSS,0.59,5.22,1.93
2026-05-10 06:03,ADAUSDT,sell,114.8226,LOSS,0.84,5.05,1.69
2026-05-10 06:13,ADAUSDT,sell,114.4536,LOSS,0.53,5.18,1.37
2026-05-10 06:29,ADAUSDT,sell,113.9716,LOSS,0.64,5.14,0.95
2026-05-10 06:30,ADAUSDT,sell,113.8309,LOSS,0.76,5.27,0.83
2026-05-10 06:32,ADAUSDT,sell,113.5993,LOSS,0.71,5.01,0.63
2026-05-10 06:39,ADAUSDT,sell,113.5356,LOSS,0.56,5.07,0.57
2026-05-10 06:40,ADAUSDT,sell,113.4454,LOSS,0.54,5.07,0.5
2026-05-10 06:42,ADAUSDT,sell,113.2814,LOSS,0.63,5.22,0.35
2026-05-10 06:45,ADAUSDT,sell,113.0993,LOSS,0.39,5.03,0.19
2026-05-10 07:00,ADAUSDT,buy,113.8384,WIN,0.29,0.11,5.27
2026-05-10 07:03,ADAUSDT,buy,114.1664,WIN,0.52,0.27,5.45
2026-05-10 07:04,ADAUSDT,buy,114.4135,WIN,0.74,0.48,5.22
2026-05-10 07:21,ADAUSDT,buy,114.6834,WIN,0.72,0.69,5.17
2026-05-10 07:37,ADAUSDT,buy,116.077,WIN,1.75,1.75,5.08
2026-05-10 07:38,ADAUSDT,buy,116.1585,WIN,1.75,1.82,5.0
2026-05-10 07:40,ADAUSDT,buy,116.3688,WIN,1.85,2.0,5.17
2026-05-10 07:41,ADAUSDT,buy,116.5821,WIN,2.04,2.18,5.21
2026-05-10 08:00,ADAUSDT,sell,115.9648,LOSS,0.79,5.06,1.65
2026-05-10 08:35,ADAUSDT,sell,115.8107,LOSS,0.5,5.05,1.52
2026-05-10 08:45,ADAUSDT,sell,115.4579,LOSS,0.71,5.09,1.22
2026-05-10 08:49,ADAUSDT,sell,115.2906,LOSS,0.46,5.06,1.08
2026-05-10 08:50,ADAUSDT,sell,115.1419,LOSS,0.39,5.19,0.95
2026-05-10 09:16,ADAUSDT,sell,115.0845,LOSS,0.81,5.25,0.9
2026-05-10 09:26,ADAUSDT,sell,114.9501,LOSS,0.59,5.37,0.79
2026-05-10 09:44,ADAUSDT,buy,115.568,WIN,0.57,1.32,5.06
2026-05-10 09:45,ADAUSDT,buy,115.7882,WIN,0.61,1.5,5.07
2026-05-10 09:46,ADAUSDT,buy,115.9882,WIN,0.79,1.67,5.04
2026-05-10 09:48,ADAUSDT,buy,116.1971,WIN,0.97,1.85,5.11
2026-05-10 10:17,ADAUSDT,buy,116.2881,WIN,0.64,1.93,5.03
2026-05-10 10:29,ADAUSDT,sell,115.1959,LOSS,0.63,5.14,1.0
2026-05-10 10:33,ADAUSDT,sell,115.1538,LOSS,0.3,5.18,0.96
2026-05-10 10:34,ADAUSDT,sell,114.9892,LOSS,0.44,5.33,0.82
2026-05-10 10:35,ADAUSDT,sell,114.8589,LOSS,0.56,5.01,0.71
2026-05-10 10:36,ADAUSDT,sell,114.7363,LOSS,0.66,5.13,0.6
2026-05-10 10:38,ADAUSDT,sell,114.5091,LOSS,0.58,5.13,0.4
2026-05-10 10:39,ADAUSDT,sell,114.4592,LOSS,0.6,5.18,0.36
2026-05-10 10:57,ADAUSDT,buy,117.6071,WIN,2.56,0.84,5.35
2026-05-10 10:59,ADAUSDT,buy,117.8681,WIN,2.79,1.06,5.12
2026-05-10 11:00,ADAUSDT,buy,118.033,WIN,2.93,1.2,5.17
2026-05-10 11:01,ADAUSDT,buy,118.261,WIN,2.91,1.39,5.07
2026-05-10 11:46,ADAUSDT,sell,117.3737,LOSS,0.45,5.56,0.65
2026-05-10 11:49,ADAUSDT,sell,117.1509,LOSS,0.58,5.76,0.46
2026-05-10 12:19,ADAUSDT,buy,117.9332,WIN,0.86,1.12,5.06
2026-05-10 12:42,ADAUSDT,sell,116.9672,LOSS,0.6,5.09,0.3
2026-05-10 12:49,ADAUSDT,sell,116.7355,LOSS,0.46,5.07,0.09
2026-05-10 12:57,ADAUSDT,buy,117.9169,WIN,0.98,0.23,5.07
2026-05-10 13:05,ADAUSDT,buy,118.4394,WIN,0.67,0.54,5.22
2026-05-10 13:07,ADAUSDT,buy,118.8315,WIN,0.8,0.87,5.09
2026-05-10 13:08,ADAUSDT,buy,119.0615,WIN,0.81,1.06,5.23
2026-05-10 14:11,ADAUSDT,sell,118.3483,LOSS,0.49,5.04,0.46
2026-05-10 14:12,ADAUSDT,sell,118.1562,LOSS,0.65,5.06,0.3
2026-05-10 14:13,ADAUSDT,sell,118.0044,LOSS,0.77,5.19,0.17
2026-05-10 14:17,ADAUSDT,buy,119.8197,WIN,1.72,0.41,5.07
2026-05-10 14:20,ADAUSDT,buy,120.2273,WIN,2.06,0.74,5.2
2026-05-10 14:38,ADAUSDT,buy,120.9614,WIN,0.67,1.3,5.4
2026-05-10 14:54,ADAUSDT,buy,121.5869,WIN,0.75,1.81,7.14
2026-05-10 14:55,ADAUSDT,buy,121.7058,WIN,0.85,1.91,7.04
2026-05-10 14:59,ADAUSDT,buy,122.1026,WIN,0.5,2.23,6.69
2026-05-10 15:04,ADAUSDT,buy,122.4922,WIN,0.5,2.54,6.35
2026-05-10 15:18,ADAUSDT,sell,121.6794,LOSS,0.4,7.06,1.89
2026-05-10 15:20,ADAUSDT,sell,121.4316,LOSS,0.52,5.0,1.69
2026-05-10 15:21,ADAUSDT,sell,121.1763,LOSS,0.65,5.21,1.48
2026-05-10 16:02,ADAUSDT,sell,121.7675,LOSS,0.51,6.98,1.96
2026-05-10 16:06,ADAUSDT,sell,121.4694,LOSS,0.42,5.05,1.72
2026-05-10 16:07,ADAUSDT,sell,121.4038,LOSS,0.47,5.01,1.66
2026-05-10 16:11,ADAUSDT,sell,121.0056,LOSS,0.49,5.36,1.34
2026-05-10 16:12,ADAUSDT,sell,120.9908,LOSS,0.46,5.37,1.33
2026-05-10 16:16,ADAUSDT,sell,120.9194,LOSS,0.43,5.43,1.27
2026-05-10 16:17,ADAUSDT,sell,120.7691,LOSS,0.56,5.0,1.15
2026-05-10 16:18,ADAUSDT,sell,120.6931,LOSS,0.62,5.07,1.08
2026-05-10 16:23,ADAUSDT,sell,120.5368,LOSS,0.54,5.07,0.96
2026-05-10 16:24,ADAUSDT,sell,120.358,LOSS,0.68,5.08,0.81
2026-05-10 16:38,ADAUSDT,sell,119.8528,LOSS,0.58,5.04,0.39
2026-05-10 16:39,ADAUSDT,sell,119.7944,LOSS,0.63,5.1,0.34
2026-05-10 16:40,ADAUSDT,sell,119.6801,LOSS,0.48,5.02,0.25
2026-05-10 16:42,ADAUSDT,sell,119.4612,LOSS,0.57,5.21,0.01
2026-05-10 17:21,ADAUSDT,buy,120.851,WIN,0.65,0.92,5.49
2026-05-10 17:22,ADAUSDT,buy,121.109,WIN,0.83,1.13,5.27
2026-05-10 17:25,ADAUSDT,buy,121.2046,WIN,0.51,1.21,5.18
2026-05-10 17:27,ADAUSDT,buy,121.487,WIN,0.48,1.44,5.03
2026-05-10 17:37,ADAUSDT,buy,123.8487,WIN,3.01,3.32,5.19
2026-05-10 17:38,ADAUSDT,buy,124.0235,WIN,3.15,3.46,5.04
2026-05-10 17:39,ADAUSDT,buy,124.2265,WIN,3.32,3.61,5.1
2026-05-10 18:08,ADAUSDT,sell,122.4025,LOSS,0.43,6.43,2.18
2026-05-10 18:22,ADAUSDT,sell,122.1293,LOSS,0.56,6.67,1.96
2026-05-10 18:24,ADAUSDT,sell,121.9459,LOSS,0.69,6.83,1.81
2026-05-10 18:47,ADAUSDT,sell,121.5446,LOSS,0.43,7.18,1.49
2026-05-10 18:49,ADAUSDT,sell,121.3987,LOSS,0.46,5.02,1.37
2026-05-10 18:51,ADAUSDT,sell,121.1163,LOSS,0.54,5.26,1.14
2026-05-10 18:56,ADAUSDT,sell,120.6141,LOSS,0.64,5.14,0.73
2026-05-10 19:11,ADAUSDT,buy,121.9458,WIN,0.4,1.81,6.83
2026-05-10 19:12,ADAUSDT,buy,122.2789,WIN,0.67,2.08,6.54
2026-05-10 19:14,ADAUSDT,buy,122.4742,WIN,0.69,2.23,6.37
2026-05-10 19:15,ADAUSDT,buy,122.6603,WIN,0.79,2.38,6.2
2026-05-10 19:16,ADAUSDT,buy,122.8383,WIN,0.8,2.52,6.05
2026-05-10 19:35,ADAUSDT,buy,122.9876,WIN,0.63,2.64,5.92
2026-05-10 19:50,ADAUSDT,sell,122.1082,LOSS,0.68,6.68,1.94
2026-05-10 19:58,ADAUSDT,sell,121.9933,LOSS,0.62,6.79,1.85
2026-05-10 20:00,ADAUSDT,sell,121.6824,LOSS,0.82,7.06,1.6
2026-05-10 20:01,ADAUSDT,sell,121.4172,LOSS,0.9,5.0,1.38
2026-05-10 20:19,ADAUSDT,sell,121.1113,LOSS,0.42,5.27,1.13
2026-05-10 20:21,ADAUSDT,sell,120.91,LOSS,0.45,5.44,0.97
2026-05-10 20:25,ADAUSDT,sell,120.4789,LOSS,0.71,5.12,0.62
2026-05-10 20:32,ADAUSDT,sell,120.2988,LOSS,0.48,5.13,0.47
2026-05-10 20:36,ADAUSDT,sell,119.9574,LOSS,0.57,5.04,0.18
2026-05-10 20:57,ADAUSDT,buy,123.3189,WIN,2.4,1.36,5.64
2026-05-10 20:58,ADAUSDT,buy,123.3995,WIN,2.34,1.42,5.57
2026-05-10 20:59,ADAUSDT,buy,123.4886,WIN,2.28,1.49,5.49
2026-05-10 21:17,ADAUSDT,sell,122.0746,LOSS,0.59,6.71,0.35
2026-05-10 21:18,ADAUSDT,sell,121.9788,LOSS,0.59,6.8,0.27
2026-05-10 21:42,ADAUSDT,buy,122.9064,WIN,0.28,1.03,5.99
2026-05-10 21:43,ADAUSDT,buy,123.1034,WIN,0.44,1.19,5.82
2026-05-10 21:50,ADAUSDT,sell,122.1402,LOSS,0.75,6.66,0.41
2026-05-10 21:51,ADAUSDT,sell,121.9022,LOSS,0.91,6.86,0.21
2026-05-10 21:53,ADAUSDT,sell,121.7373,LOSS,0.82,7.01,0.01
2026-05-10 22:11,ADAUSDT,buy,123.021,WIN,0.62,1.06,5.89
2026-05-10 22:20,ADAUSDT,buy,123.7258,WIN,0.94,1.62,5.29
2026-05-10 22:36,ADAUSDT,sell,122.5489,LOSS,0.55,6.3,0.67
2026-05-10 22:37,ADAUSDT,sell,122.2583,LOSS,0.78,6.55,0.44
2026-05-10 22:38,ADAUSDT,sell,121.8835,LOSS,1.09,6.88,0.11
2026-05-10 22:56,ADAUSDT,buy,122.6728,WIN,0.73,0.37,6.19
2026-05-10 22:57,ADAUSDT,buy,122.8727,WIN,0.89,0.53,6.02
2026-05-10 23:01,ADAUSDT,buy,123.0398,WIN,0.67,0.03,5.88
2026-05-10 23:02,ADAUSDT,buy,123.0994,WIN,0.72,0.02,5.83
2026-05-10 23:03,ADAUSDT,buy,123.3355,WIN,0.91,0.21,5.62
2026-05-10 23:06,ADAUSDT,buy,123.6803,WIN,0.57,0.01,5.33
2026-05-10 23:10,ADAUSDT,buy,124.1682,WIN,0.69,0.02,5.01
2026-05-10 23:11,ADAUSDT,buy,124.5684,WIN,0.82,0.35,5.03
2026-05-10 23:12,ADAUSDT,buy,124.8236,WIN,0.93,0.55,5.17
2026-05-10 23:20,ADAUSDT,buy,125.095,WIN,0.77,0.21,5.04
2026-05-10 23:30,ADAUSDT,buy,125.6622,WIN,0.67,0.02,5.03
2026-05-10 23:31,ADAUSDT,buy,125.8273,WIN,0.8,0.15,7.33
2026-05-10 23:32,ADAUSDT,buy,125.9777,WIN,0.92,0.27,7.2
2026-05-10 23:37,ADAUSDT,buy,126.4403,WIN,0.64,0.26,6.81
2026-05-10 23:42,ADAUSDT,buy,126.805,WIN,0.55,0.49,6.5
2026-05-10 23:43,ADAUSDT,buy,127.1712,WIN,0.84,0.78,6.19
2026-05-10 23:51,ADAUSDT,buy,127.4995,WIN,0.21,1.03,5.92
2026-05-10 23:57,ADAUSDT,buy,127.5467,WIN,0.67,1.07,5.88
2026-05-11 00:06,ADAUSDT,sell,126.6262,LOSS,0.66,6.65,0.35
2026-05-11 00:07,ADAUSDT,sell,126.557,LOSS,0.7,6.71,0.3
2026-05-11 00:09,ADAUSDT,sell,126.3571,LOSS,0.64,6.88,0.14
2026-05-11 00:17,ADAUSDT,buy,130.2374,WIN,3.1,3.1,5.14
2026-05-11 00:19,ADAUSDT,buy,130.2986,WIN,3.06,3.15,5.09
2026-05-11 00:21,ADAUSDT,buy,130.4558,WIN,3.17,3.27,5.0
2026-05-11 00:36,ADAUSDT,buy,131.1005,WIN,0.45,3.74,5.12
2026-05-11 00:39,ADAUSDT,buy,131.6073,WIN,0.71,4.11,5.45
2026-05-11 01:20,ADAUSDT,sell,130.8067,LOSS,0.42,5.1,3.53
2026-05-11 01:21,ADAUSDT,sell,130.4546,LOSS,0.69,5.0,3.26
2026-05-11 01:34,ADAUSDT,buy,131.53,WIN,0.63,4.06,5.02
2026-05-11 01:37,ADAUSDT,buy,131.9205,WIN,0.62,4.34,5.2
2026-05-11 01:51,ADAUSDT,sell,130.6322,LOSS,0.63,5.05,3.4
2026-05-11 01:56,ADAUSDT,sell,130.3677,LOSS,0.59,5.04,3.2
2026-05-11 02:07,ADAUSDT,sell,129.878,LOSS,1.02,5.18,2.84
2026-05-11 02:09,ADAUSDT,sell,129.6026,LOSS,1.15,5.21,2.63
2026-05-11 02:10,ADAUSDT,sell,129.32,LOSS,0.99,5.02,2.42
2026-05-11 02:12,ADAUSDT,sell,129.0244,LOSS,0.75,5.0,2.19
2026-05-11 02:17,ADAUSDT,sell,128.7493,LOSS,0.52,5.23,1.98
2026-05-11 02:45,ADAUSDT,sell,128.6717,LOSS,0.32,5.29,1.92
2026-05-11 02:46,ADAUSDT,sell,128.5484,LOSS,0.41,5.05,1.83
2026-05-11 02:47,ADAUSDT,sell,128.41,LOSS,0.52,5.17,1.72
2026-05-11 02:48,ADAUSDT,sell,128.0674,LOSS,0.78,5.45,1.46
2026-05-11 02:50,ADAUSDT,sell,127.9587,LOSS,0.58,5.54,1.38
2026-05-11 03:06,ADAUSDT,buy,129.0612,WIN,0.59,2.22,5.13
2026-05-11 03:16,ADAUSDT,sell,127.8552,LOSS,0.54,5.62,1.3
2026-05-11 03:18,ADAUSDT,sell,127.648,LOSS,0.7,5.8,1.14
2026-05-11 03:27,ADAUSDT,sell,127.0011,LOSS,0.77,6.33,0.63
2026-05-11 03:29,ADAUSDT,sell,126.5848,LOSS,0.82,6.68,0.31
2026-05-11 03:31,ADAUSDT,sell,126.4597,LOSS,0.66,6.79,0.21
2026-05-11 03:35,ADAUSDT,sell,126.4123,LOSS,0.29,6.83,0.17
2026-05-11 03:36,ADAUSDT,sell,126.2311,LOSS,0.43,6.98,0.0
2026-05-11 03:38,ADAUSDT,buy,128.148,WIN,1.55,0.76,5.38
2026-05-11 03:40,ADAUSDT,buy,128.3589,WIN,1.71,0.93,5.21
2026-05-11 03:41,ADAUSDT,buy,128.7748,WIN,2.04,1.25,5.21
2026-05-11 04:04,ADAUSDT,buy,128.7,WIN,0.76,1.19,5.27
2026-05-11 04:15,ADAUSDT,buy,129.1955,WIN,0.61,1.57,5.02
2026-05-11 04:16,ADAUSDT,buy,129.35,WIN,0.63,1.69,5.2
2026-05-11 04:43,ADAUSDT,sell,127.8327,LOSS,0.71,5.64,0.52
2026-05-11 05:05,ADAUSDT,buy,128.7357,WIN,0.76,0.57,5.24
2026-05-11 05:11,ADAUSDT,buy,129.0576,WIN,0.71,0.82,5.13
2026-05-11 05:12,ADAUSDT,buy,129.1008,WIN,0.59,0.85,5.1
2026-05-11 05:17,ADAUSDT,buy,129.3291,WIN,0.42,1.02,5.02
2026-05-11 05:38,ADAUSDT,sell,128.5443,LOSS,0.62,5.06,0.42
2026-05-11 05:39,ADAUSDT,sell,128.268,LOSS,0.58,5.28,0.21
2026-05-11 06:01,ADAUSDT,buy,128.8246,WIN,0.64,0.36,5.17
2026-05-11 06:09,ADAUSDT,buy,129.2811,WIN,0.72,0.27,5.05
2026-05-11 06:16,ADAUSDT,buy,129.8013,WIN,0.67,0.2,5.05
2026-05-11 06:21,ADAUSDT,buy,129.9896,WIN,0.35,0.04,5.09
2026-05-11 06:22,ADAUSDT,buy,130.0785,WIN,0.41,0.11,5.02
2026-05-11 06:23,ADAUSDT,buy,130.4412,WIN,0.69,0.39,5.01
2026-05-11 06:44,ADAUSDT,buy,131.064,WIN,0.74,0.29,5.15
2026-05-11 06:46,ADAUSDT,buy,131.2271,WIN,0.76,0.29,5.02
2026-05-11 06:47,ADAUSDT,buy,131.4925,WIN,0.82,0.49,5.05
2026-05-11 06:48,ADAUSDT,buy,131.6837,WIN,0.81,0.64,5.39
2026-05-11 06:57,ADAUSDT,buy,134.9512,WIN,3.14,1.05,5.88
2026-05-11 06:58,ADAUSDT,buy,135.3044,WIN,3.4,1.31,5.61
2026-05-11 07:08,ADAUSDT,buy,135.9398,WIN,0.75,1.77,5.11
2026-05-11 07:09,ADAUSDT,buy,136.2591,WIN,0.77,2.0,5.0
2026-05-11 07:10,ADAUSDT,buy,136.591,WIN,0.87,2.24,5.06
2026-05-11 07:29,ADAUSDT,buy,136.8407,WIN,0.74,2.42,5.09
2026-05-11 07:32,ADAUSDT,buy,137.1812,WIN,0.76,2.66,5.02
2026-05-11 07:43,ADAUSDT,buy,137.4116,WIN,0.44,2.83,5.03
2026-05-11 07:46,ADAUSDT,buy,137.8006,WIN,0.63,3.1,5.14
2026-05-11 07:47,ADAUSDT,buy,137.8158,WIN,0.64,3.11,5.13
2026-05-11 08:01,ADAUSDT,sell,136.6038,LOSS,0.53,5.05,2.25
2026-05-11 08:15,ADAUSDT,sell,136.1087,LOSS,0.77,5.09,1.9
2026-05-11 08:26,ADAUSDT,sell,135.6815,LOSS,0.54,5.31,1.59
2026-05-11 08:28,ADAUSDT,sell,135.6556,LOSS,0.44,5.33,1.57
2026-05-11 08:29,ADAUSDT,sell,135.4732,LOSS,0.56,5.48,1.44
2026-05-11 08:30,ADAUSDT,sell,135.1251,LOSS,0.82,5.75,1.18
2026-05-11 08:31,ADAUSDT,sell,134.8166,LOSS,0.92,5.99,0.95
2026-05-11 08:56,ADAUSDT,sell,134.5508,LOSS,0.57,6.2,0.76
2026-05-11 09:11,ADAUSDT,buy,135.5526,WIN,0.68,1.49,5.41
2026-05-11 09:16,ADAUSDT,buy,135.895,WIN,0.42,1.74,5.15
2026-05-11 09:18,ADAUSDT,buy,136.1841,WIN,0.59,1.95,5.03
2026-05-11 09:19,ADAUSDT,buy,136.2975,WIN,0.67,2.03,5.02
2026-05-11 09:38,ADAUSDT,sell,135.5656,LOSS,0.32,5.4,1.5
2026-05-11 09:42,ADAUSDT,sell,135.1965,LOSS,0.55,5.69,1.23
2026-05-11 09:43,ADAUSDT,sell,134.7046,LOSS,0.73,6.08,0.87
2026-05-11 09:44,ADAUSDT,sell,134.5321,LOSS,0.86,6.21,0.75
2026-05-11 09:45,ADAUSDT,sell,134.0513,LOSS,1.21,5.11,0.39
2026-05-11 09:46,ADAUSDT,sell,133.9894,LOSS,1.26,5.16,0.34
2026-05-11 09:47,ADAUSDT,sell,133.9447,LOSS,1.07,5.2,0.31
2026-05-11 09:48,ADAUSDT,sell,133.8203,LOSS,0.77,5.04,0.22
2026-05-11 10:13,ADAUSDT,sell,133.7104,LOSS,0.83,5.13,0.14
2026-05-11 10:14,ADAUSDT,sell,133.5331,LOSS,0.96,5.0,0.0
2026-05-11 10:17,ADAUSDT,buy,137.0461,WIN,2.63,1.55,5.12
2026-05-11 11:14,ADAUSDT,sell,135.2272,LOSS,0.54,5.67,0.22
2026-05-11 11:15,ADAUSDT,sell,135.0216,LOSS,0.46,5.83,0.07
2026-05-11 11:27,ADAUSDT,sell,134.9454,LOSS,0.57,5.89,0.0
2026-05-11 11:41,ADAUSDT,buy,136.3359,WIN,0.59,0.82,5.26
2026-05-11 11:42,ADAUSDT,buy,136.4823,WIN,0.56,0.93,5.14
2026-05-11 11:43,ADAUSDT,buy,136.6208,WIN,0.67,1.03,5.04
2026-05-11 12:02,ADAUSDT,sell,135.8799,LOSS,0.73,5.16,0.49
2026-05-11 12:03,ADAUSDT,sell,135.776,LOSS,0.74,5.24,0.41
2026-05-11 12:04,ADAUSDT,sell,135.5564,LOSS,0.9,5.41,0.25
2026-05-11 12:19,ADAUSDT,sell,135.2704,LOSS,0.53,5.63,0.04
2026-05-11 12:34,ADAUSDT,buy,136.2413,WIN,0.76,0.58,5.02
2026-05-11 12:51,ADAUSDT,buy,136.6384,WIN,0.49,0.78,5.02
2026-05-11 13:14,ADAUSDT,buy,136.9638,WIN,0.88,0.56,5.18
2026-05-11 13:15,ADAUSDT,buy,137.2125,WIN,1.06,0.74,5.01
2026-05-11 13:37,ADAUSDT,buy,138.5413,WIN,1.72,0.39,5.05
2026-05-11 13:54,ADAUSDT,buy,139.0977,WIN,0.77,0.75,7.59
2026-05-11 13:56,ADAUSDT,buy,139.8225,WIN,1.3,1.27,7.03
2026-05-11 13:57,ADAUSDT,buy,139.843,WIN,1.11,1.28,7.02
2026-05-11 14:37,ADAUSDT,buy,140.4525,WIN,0.96,1.71,6.55
2026-05-11 14:38,ADAUSDT,buy,140.8341,WIN,0.93,1.98,6.26
2026-05-11 14:40,ADAUSDT,buy,141.1031,WIN,0.91,2.16,6.06
2026-05-11 15:29,ADAUSDT,buy,140.6619,WIN,0.63,1.86,6.39
2026-05-11 15:58,ADAUSDT,sell,139.4523,LOSS,0.7,7.32,1.01
2026-05-11 16:06,ADAUSDT,sell,139.2733,LOSS,0.31,7.45,0.88
2026-05-11 16:08,ADAUSDT,sell,139.1258,LOSS,0.41,7.57,0.77
2026-05-11 16:31,ADAUSDT,sell,138.5804,LOSS,0.73,5.02,0.38
2026-05-11 16:32,ADAUSDT,sell,138.24,LOSS,0.98,5.07,0.14
2026-05-11 16:53,ADAUSDT,buy,139.4114,WIN,0.63,0.27,7.35
2026-05-11 16:55,ADAUSDT,buy,139.5534,WIN,0.58,0.17,7.24
2026-05-11 16:56,ADAUSDT,buy,139.6091,WIN,0.62,0.0,7.2
2026-05-11 16:57,ADAUSDT,buy,142.8376,WIN,2.75,1.18,5.03
2026-05-11 17:10,ADAUSDT,buy,143.4645,WIN,0.62,1.61,5.06
2026-05-11 17:18,ADAUSDT,buy,143.6478,WIN,0.64,1.74,7.28
2026-05-11 17:20,ADAUSDT,buy,143.891,WIN,0.81,1.9,7.1
2026-05-11 17:41,ADAUSDT,sell,142.8797,LOSS,0.84,5.0,1.21
2026-05-11 17:43,ADAUSDT,sell,142.6772,LOSS,0.5,5.11,1.07
2026-05-11 17:46,ADAUSDT,sell,142.4327,LOSS,0.38,5.07,0.9
2026-05-11 17:48,ADAUSDT,sell,142.2689,LOSS,0.41,5.19,0.79
2026-05-11 18:01,ADAUSDT,buy,144.2018,WIN,0.59,2.12,6.87
2026-05-11 18:19,ADAUSDT,sell,143.5076,LOSS,0.44,5.03,1.64
2026-05-11 18:22,ADAUSDT,sell,143.1655,LOSS,0.68,5.16,1.41
2026-05-11 18:34,ADAUSDT,buy,144.733,WIN,1.08,2.48,6.48
2026-05-11 18:47,ADAUSDT,sell,142.9284,LOSS,0.65,5.33,1.24
2026-05-11 18:49,ADAUSDT,sell,142.6497,LOSS,0.67,5.13,1.05
2026-05-11 18:50,ADAUSDT,sell,142.4465,LOSS,0.73,5.06,0.91
2026-05-11 19:03,ADAUSDT,sell,142.2948,LOSS,0.41,5.17,0.8
2026-05-11 19:15,ADAUSDT,buy,143.0166,WIN,0.56,1.31,5.27
2026-05-11 19:16,ADAUSDT,buy,143.493,WIN,0.8,1.63,5.04
2026-05-11 19:17,ADAUSDT,buy,143.5819,WIN,0.62,1.69,7.33
2026-05-11 19:18,ADAUSDT,buy,143.8157,WIN,0.74,1.85,7.16
2026-05-11 19:43,ADAUSDT,sell,142.4064,LOSS,0.66,5.09,0.88
2026-05-11 19:59,ADAUSDT,sell,142.0435,LOSS,0.8,5.36,0.63
2026-05-11 20:05,ADAUSDT,sell,141.8807,LOSS,0.61,5.48,0.51
2026-05-11 20:09,ADAUSDT,sell,141.5987,LOSS,0.48,5.69,0.32
2026-05-11 20:13,ADAUSDT,sell,141.3375,LOSS,0.55,5.88,0.0
2026-05-11 20:17,ADAUSDT,buy,145.2489,WIN,2.9,1.47,6.1
2026-05-11 21:18,ADAUSDT,sell,143.4528,LOSS,0.3,5.07,0.24
2026-05-11 21:19,ADAUSDT,sell,143.2844,LOSS,0.42,5.07,0.11
2026-05-11 21:32,ADAUSDT,buy,144.243,WIN,0.58,0.66,6.84
2026-05-11 22:05,ADAUSDT,buy,144.6147,WIN,0.54,0.91,6.57
2026-05-11 22:06,ADAUSDT,buy,144.7451,WIN,0.63,1.0,6.47
2026-05-11 22:18,ADAUSDT,buy,145.0558,WIN,0.91,1.21,6.24
2026-05-11 22:32,ADAUSDT,sell,143.7523,LOSS,0.74,7.21,0.32
2026-05-11 22:36,ADAUSDT,sell,143.4712,LOSS,0.52,5.05,0.12
2026-05-11 22:54,ADAUSDT,buy,145.0736,WIN,0.56,0.44,6.23
2026-05-11 23:08,ADAUSDT,buy,145.3876,WIN,0.45,0.56,6.0
2026-05-11 23:15,ADAUSDT,buy,145.5996,WIN,0.64,0.71,5.85
2026-05-11 23:16,ADAUSDT,buy,145.8048,WIN,0.78,0.84,5.7
2026-05-11 23:37,ADAUSDT,buy,149.5296,WIN,3.25,1.0,5.1
2026-05-11 23:40,ADAUSDT,buy,149.7513,WIN,2.97,1.15,5.14
2026-05-11 23:44,ADAUSDT,buy,150.4036,WIN,0.67,1.58,5.09
2026-05-12 00:10,ADAUSDT,buy,150.3168,WIN,0.59,1.52,5.02
2026-05-12 00:20,ADAUSDT,sell,149.4126,LOSS,0.39,5.0,0.92
2026-05-12 00:21,ADAUSDT,sell,149.3209,LOSS,0.45,5.0,0.86
2026-05-12 01:02,ADAUSDT,buy,150.5461,WIN,0.59,1.67,5.06
2026-05-12 01:14,ADAUSDT,sell,149.1821,LOSS,0.9,5.1,0.77
2026-05-12 01:15,ADAUSDT,sell,148.9141,LOSS,1.08,5.07,0.59
2026-05-12 01:33,ADAUSDT,buy,150.0355,WIN,0.65,1.33,5.08
2026-05-12 01:35,ADAUSDT,buy,150.0633,WIN,0.47,1.35,5.06
2026-05-12 01:51,ADAUSDT,buy,150.2427,WIN,0.69,1.47,5.07
2026-05-12 02:14,ADAUSDT,sell,148.9886,LOSS,0.78,5.01,0.64
2026-05-12 02:15,ADAUSDT,sell,148.7168,LOSS,0.83,5.03,0.46
2026-05-12 02:16,ADAUSDT,sell,148.477,LOSS,0.99,5.2,0.3
2026-05-12 02:42,ADAUSDT,sell,148.2655,LOSS,0.46,5.06,0.0
2026-05-12 02:55,ADAUSDT,buy,149.3812,WIN,0.54,0.0,5.03
2026-05-12 02:56,ADAUSDT,buy,149.5672,WIN,0.67,0.0,5.08
2026-05-12 02:57,ADAUSDT,buy,154.0114,WIN,3.65,0.75,6.51
2026-05-12 03:04,ADAUSDT,buy,154.1977,WIN,0.57,0.87,6.38
2026-05-12 03:09,ADAUSDT,buy,154.5302,WIN,0.46,1.08,6.15
2026-05-12 03:22,ADAUSDT,sell,153.6146,LOSS,0.73,6.78,0.49
2026-05-12 03:23,ADAUSDT,sell,153.1928,LOSS,0.97,5.0,0.22
2026-05-12 03:24,ADAUSDT,sell,153.0567,LOSS,1.06,5.08,0.13
2026-05-12 03:50,ADAUSDT,buy,155.0584,WIN,0.55,1.15,5.79
2026-05-12 03:55,ADAUSDT,buy,155.7183,WIN,0.54,1.57,5.34
2026-05-12 03:56,ADAUSDT,buy,155.764,WIN,0.57,1.6,5.31
2026-05-12 03:57,ADAUSDT,buy,156.0384,WIN,0.74,1.77,5.12
2026-05-12 04:23,ADAUSDT,buy,156.3803,WIN,0.58,1.98,5.07
2026-05-12 04:24,ADAUSDT,buy,156.4641,WIN,0.63,2.04,5.01
2026-05-12 04:25,ADAUSDT,buy,156.5813,WIN,0.47,2.11,5.84
2026-05-12 04:26,ADAUSDT,buy,156.8098,WIN,0.54,2.25,5.69
2026-05-12 04:27,ADAUSDT,buy,156.9272,WIN,0.55,2.33,5.61
2026-05-12 04:29,ADAUSDT,buy,157.4061,WIN,0.65,2.62,5.28
2026-05-12 04:30,ADAUSDT,buy,157.5174,WIN,0.66,2.69,5.21
2026-05-12 04:31,ADAUSDT,buy,157.6333,WIN,0.62,2.76,5.13
2026-05-12 04:51,ADAUSDT,sell,155.8366,LOSS,0.71,5.26,1.64
2026-05-12 04:56,ADAUSDT,sell,155.3312,LOSS,0.46,5.6,1.32
2026-05-12 04:58,ADAUSDT,sell,155.1175,LOSS,0.59,5.75,1.19
2026-05-12 05:21,ADAUSDT,buy,156.1702,WIN,0.6,1.85,5.04
2026-05-12 05:26,ADAUSDT,buy,156.4205,WIN,0.29,2.01,5.04
2026-05-12 06:02,ADAUSDT,sell,155.556,LOSS,0.67,5.45,1.46
2026-05-12 06:10,ADAUSDT,sell,155.1963,LOSS,0.78,5.69,1.24
2026-05-12 06:17,ADAUSDT,buy,157.5757,WIN,1.32,2.73,5.17
2026-05-12 06:18,ADAUSDT,buy,157.6374,WIN,1.36,2.77,5.13
2026-05-12 06:31,ADAUSDT,buy,157.8937,WIN,0.64,2.92,5.59
2026-05-12 06:33,ADAUSDT,buy,158.2616,WIN,0.88,3.15,5.34
2026-05-12 06:34,ADAUSDT,buy,158.5327,WIN,1.05,3.31,5.16
2026-05-12 06:35,ADAUSDT,buy,158.7337,WIN,1.11,3.44,5.03
2026-05-12 07:02,ADAUSDT,buy,159.3244,WIN,0.39,3.79,5.15
2026-05-12 07:11,ADAUSDT,buy,159.525,WIN,0.47,3.92,5.02
2026-05-12 07:20,ADAUSDT,buy,159.7899,WIN,0.53,4.08,5.05
2026-05-12 07:21,ADAUSDT,buy,159.992,WIN,0.53,4.2,5.05
2026-05-12 07:22,ADAUSDT,buy,160.1979,WIN,0.66,4.32,5.06
2026-05-12 07:23,ADAUSDT,buy,160.2576,WIN,0.7,4.36,5.02
2026-05-12 07:44,ADAUSDT,sell,159.2751,LOSS,0.38,5.02,3.77
2026-05-12 08:15,ADAUSDT,sell,158.9728,LOSS,0.56,5.07,3.58
2026-05-12 08:17,ADAUSDT,sell,158.471,LOSS,0.87,5.2,3.28
2026-05-12 08:19,ADAUSDT,sell,158.3837,LOSS,0.8,5.26,3.22
2026-05-12 08:20,ADAUSDT,sell,158.1915,LOSS,0.5,5.39,3.11
2026-05-12 08:32,ADAUSDT,sell,158.121,LOSS,0.78,5.43,3.06
2026-05-12 08:36,ADAUSDT,sell,157.5898,LOSS,0.49,5.16,2.74
2026-05-12 08:37,ADAUSDT,sell,157.5739,LOSS,0.45,5.17,2.73
2026-05-12 08:38,ADAUSDT,sell,157.3482,LOSS,0.59,5.32,2.59
2026-05-12 08:39,ADAUSDT,sell,157.1066,LOSS,0.74,5.49,2.44
2026-05-12 08:40,ADAUSDT,sell,156.8876,LOSS,0.88,5.63,2.3
2026-05-12 08:41,ADAUSDT,sell,156.1521,LOSS,1.03,5.05,1.84
2026-05-12 08:43,ADAUSDT,sell,156.0504,LOSS,0.88,5.12,1.78
2026-05-12 08:44,ADAUSDT,sell,155.6361,LOSS,1.01,5.4,1.52
2026-05-12 08:45,ADAUSDT,sell,155.3668,LOSS,1.03,5.58,1.34
2026-05-12 08:55,ADAUSDT,sell,155.1414,LOSS,0.72,5.73,1.2
2026-05-12 09:06,ADAUSDT,sell,154.3779,LOSS,0.91,6.25,0.71
2026-05-12 09:07,ADAUSDT,sell,154.0003,LOSS,0.98,6.52,0.47
2026-05-12 09:08,ADAUSDT,sell,153.8707,LOSS,1.06,6.61,0.39
2026-05-12 09:09,ADAUSDT,sell,153.7521,LOSS,1.03,6.69,0.31
2026-05-12 09:21,ADAUSDT,sell,153.3485,LOSS,0.54,6.97,0.0
2026-05-12 09:29,ADAUSDT,buy,154.2315,WIN,0.5,0.19,6.36
2026-05-12 09:33,ADAUSDT,buy,154.5809,WIN,0.59,0.41,6.12
2026-05-12 09:36,ADAUSDT,buy,154.8786,WIN,0.61,0.0,5.91
2026-05-12 09:37,ADAUSDT,buy,157.7933,WIN,2.5,0.92,5.03
2026-05-12 09:38,ADAUSDT,buy,158.103,WIN,2.7,1.11,5.45
2026-05-12 10:02,ADAUSDT,sell,156.6595,LOSS,0.45,5.79,0.2
2026-05-12 10:12,ADAUSDT,buy,157.957,WIN,0.6,1.02,5.54
2026-05-12 10:19,ADAUSDT,buy,158.5835,WIN,0.6,1.41,5.13
2026-05-12 10:20,ADAUSDT,buy,158.6858,WIN,0.32,1.47,5.06
2026-05-12 10:27,ADAUSDT,buy,159.0705,WIN,0.52,1.71,5.01
2026-05-12 10:35,ADAUSDT,sell,157.8419,LOSS,0.56,5.0,0.95
2026-05-12 10:40,ADAUSDT,sell,157.553,LOSS,0.53,5.19,0.77
2026-05-12 10:45,ADAUSDT,sell,157.2816,LOSS,0.6,5.37,0.59
2026-05-12 10:47,ADAUSDT,sell,156.9513,LOSS,0.81,5.59,0.39
2026-05-12 10:48,ADAUSDT,sell,156.5241,LOSS,0.93,5.0,0.11
2026-05-12 10:49,ADAUSDT,sell,156.4692,LOSS,0.74,5.01,0.0
2026-05-12 10:58,ADAUSDT,buy,158.5442,WIN,0.6,0.54,5.15
2026-05-12 11:00,ADAUSDT,buy,158.6514,WIN,0.55,0.61,5.08
2026-05-12 11:08,ADAUSDT,buy,159.0192,WIN,0.37,0.84,5.04
2026-05-12 11:12,ADAUSDT,buy,159.3452,WIN,0.47,1.04,5.14
2026-05-12 11:29,ADAUSDT,sell,157.7551,LOSS,0.88,5.05,0.03
2026-05-12 12:06,ADAUSDT,buy,159.4438,WIN,0.62,0.48,5.07
2026-05-12 12:19,ADAUSDT,buy,159.5767,WIN,0.56,0.57,5.19
2026-05-12 12:20,ADAUSDT,buy,159.8275,WIN,0.68,0.72,5.02
2026-05-12 12:33,ADAUSDT,buy,159.9403,WIN,0.64,0.42,5.03
2026-05-12 12:34,ADAUSDT,buy,160.2748,WIN,0.75,0.63,5.0
2026-05-12 12:38,ADAUSDT,buy,160.6252,WIN,0.48,0.84,5.11
2026-05-12 12:57,ADAUSDT,buy,163.9451,WIN,2.62,2.85,5.03
2026-05-12 13:18,ADAUSDT,buy,163.756,WIN,0.59,2.74,5.15
2026-05-12 13:19,ADAUSDT,buy,164.0446,WIN,0.5,2.91,5.02
2026-05-12 13:36,ADAUSDT,sell,162.3856,LOSS,0.68,5.13,1.92
2026-05-12 13:38,ADAUSDT,sell,161.7708,LOSS,1.01,5.07,1.54
2026-05-12 13:39,ADAUSDT,sell,161.6761,LOSS,0.86,5.13,1.49
2026-05-12 13:53,ADAUSDT,sell,161.3945,LOSS,0.53,5.01,1.31
2026-05-12 13:54,ADAUSDT,sell,160.9442,LOSS,0.8,5.25,1.04
2026-05-12 14:01,ADAUSDT,sell,160.4317,LOSS,0.63,5.09,0.72
2026-05-12 14:02,ADAUSDT,sell,159.9897,LOSS,0.9,5.0,0.45
2026-05-12 14:04,ADAUSDT,sell,159.769,LOSS,0.99,5.06,0.31
2026-05-12 14:06,ADAUSDT,sell,159.6865,LOSS,0.6,5.12,0.26
2026-05-12 14:11,ADAUSDT,sell,159.6224,LOSS,0.37,5.16,0.22
2026-05-12 14:40,ADAUSDT,buy,161.7361,WIN,0.44,1.42,5.09
2026-05-12 14:53,ADAUSDT,sell,160.2754,LOSS,0.8,5.0,0.52
2026-05-12 14:57,ADAUSDT,sell,159.7216,LOSS,0.47,5.09,0.14
2026-05-12 15:15,ADAUSDT,buy,161.0607,WIN,0.5,0.89,5.18
2026-05-12 15:25,ADAUSDT,sell,159.9916,LOSS,0.52,5.05,0.23
2026-05-12 15:26,ADAUSDT,sell,159.6741,LOSS,0.72,5.12,0.03
2026-05-12 15:39,ADAUSDT,buy,161.2099,WIN,0.78,0.04,5.08
2026-05-12 15:41,ADAUSDT,buy,161.4454,WIN,0.52,0.07,5.11
2026-05-12 15:42,ADAUSDT,buy,161.8403,WIN,0.76,0.32,5.02
2026-05-12 15:50,ADAUSDT,buy,162.2656,WIN,0.58,0.55,5.04
2026-05-12 16:08,ADAUSDT,buy,162.6441,WIN,0.41,0.28,5.06
2026-05-12 16:17,ADAUSDT,buy,165.4807,WIN,2.02,0.0,6.0
2026-05-12 16:19,ADAUSDT,buy,166.4512,WIN,2.62,0.0,5.38
2026-05-12 16:21,ADAUSDT,buy,166.8701,WIN,2.68,0.19,5.12
2026-05-12 16:22,ADAUSDT,buy,167.0482,WIN,1.13,0.29,5.01
2026-05-12 16:24,ADAUSDT,buy,167.4356,WIN,0.79,0.5,5.04
2026-05-12 16:25,ADAUSDT,buy,167.8461,WIN,0.77,0.74,5.24
2026-05-12 16:31,ADAUSDT,buy,168.0944,WIN,0.4,0.89,5.09
2026-05-12 16:33,ADAUSDT,buy,168.392,WIN,0.56,1.07,5.23
2026-05-12 16:56,ADAUSDT,buy,168.7914,WIN,1.18,0.39,5.08
2026-05-12 17:02,ADAUSDT,buy,169.1492,WIN,0.6,0.45,5.09
2026-05-12 17:05,ADAUSDT,buy,169.408,WIN,0.76,0.6,7.15
2026-05-12 17:06,ADAUSDT,buy,169.6543,WIN,0.69,0.75,6.99
2026-05-12 17:09,ADAUSDT,buy,169.7864,WIN,0.3,0.82,6.91
2026-05-12 17:10,ADAUSDT,buy,170.0611,WIN,0.4,0.98,6.74
2026-05-12 17:12,ADAUSDT,buy,170.3258,WIN,0.48,1.14,6.57
2026-05-12 17:32,ADAUSDT,buy,170.5168,WIN,0.48,1.25,6.45
2026-05-12 17:33,ADAUSDT,buy,170.7252,WIN,0.57,1.37,6.32
2026-05-12 17:48,ADAUSDT,buy,171.032,WIN,0.45,1.55,6.13
2026-05-12 17:51,ADAUSDT,buy,171.536,WIN,0.7,1.84,5.82
2026-05-12 18:06,ADAUSDT,sell,169.9972,LOSS,0.59,6.78,0.95
2026-05-12 18:15,ADAUSDT,sell,169.7435,LOSS,0.51,6.94,0.8
2026-05-12 18:18,ADAUSDT,sell,169.4356,LOSS,0.45,7.13,0.62
2026-05-12 18:19,ADAUSDT,sell,169.3059,LOSS,0.39,7.21,0.54
2026-05-12 18:23,ADAUSDT,sell,169.0197,LOSS,0.34,5.04,0.37
2026-05-12 18:36,ADAUSDT,sell,168.4702,LOSS,0.56,5.18,0.0
2026-05-12 18:48,ADAUSDT,buy,169.6449,WIN,0.5,0.0,7.0
2026-05-12 18:49,ADAUSDT,buy,170.2452,WIN,0.68,0.34,6.62
2026-05-12 18:56,ADAUSDT,buy,170.6558,WIN,0.59,0.12,6.36
2026-05-12 18:58,ADAUSDT,buy,170.9058,WIN,0.46,0.15,6.21
2026-05-12 19:01,ADAUSDT,buy,171.1514,WIN,0.41,0.18,6.06
2026-05-12 19:03,ADAUSDT,buy,171.4325,WIN,0.45,0.27,5.88
2026-05-12 19:04,ADAUSDT,buy,172.0606,WIN,0.82,0.64,5.5
2026-05-12 19:37,ADAUSDT,buy,175.4,WIN,2.47,0.43,5.16
2026-05-12 19:38,ADAUSDT,buy,175.5539,WIN,2.56,0.52,5.07
2026-05-12 19:39,ADAUSDT,buy,175.7193,WIN,2.48,0.61,5.06
2026-05-12 19:46,ADAUSDT,buy,176.4459,WIN,0.75,1.02,5.06
2026-05-12 19:48,ADAUSDT,buy,176.9309,WIN,0.76,1.29,5.01
2026-05-12 20:01,ADAUSDT,buy,177.3479,WIN,0.64,1.53,5.03
2026-05-12 20:02,ADAUSDT,buy,177.4696,WIN,0.67,1.59,5.06
2026-05-12 20:03,ADAUSDT,buy,177.6222,WIN,0.75,1.68,5.13
2026-05-12 20:13,ADAUSDT,sell,175.9992,LOSS,0.5,5.07,0.77
2026-05-12 20:24,ADAUSDT,sell,175.4502,LOSS,0.63,5.13,0.46
2026-05-12 20:26,ADAUSDT,sell,175.0625,LOSS,0.85,5.09,0.24
2026-05-12 20:34,ADAUSDT,buy,176.8907,WIN,1.06,1.27,5.04
2026-05-12 20:53,ADAUSDT,sell,174.997,LOSS,0.62,5.03,0.2
2026-05-12 21:05,ADAUSDT,buy,176.1337,WIN,0.57,0.7,5.12
2026-05-12 21:07,ADAUSDT,buy,176.5607,WIN,0.77,0.94,5.13
2026-05-12 21:08,ADAUSDT,buy,176.6473,WIN,0.62,0.99,5.08
2026-05-12 21:23,ADAUSDT,sell,175.3002,LOSS,0.6,5.02,0.23
2026-05-12 21:25,ADAUSDT,sell,175.26,LOSS,0.54,5.05,0.21
2026-05-12 21:39,ADAUSDT,buy,176.3022,WIN,0.54,0.8,5.02
2026-05-12 21:40,ADAUSDT,buy,176.5028,WIN,0.66,0.91,5.02
2026-05-12 21:41,ADAUSDT,buy,176.5267,WIN,0.67,0.93,5.01
2026-05-12 22:05,ADAUSDT,sell,175.2075,LOSS,0.92,5.0,0.18
2026-05-12 22:31,ADAUSDT,buy,176.4502,WIN,0.6,0.52,5.05
2026-05-12 22:32,ADAUSDT,buy,176.753,WIN,0.62,0.69,5.01
2026-05-12 22:55,ADAUSDT,buy,176.8387,WIN,0.47,0.15,5.07
2026-05-12 22:57,ADAUSDT,buy,181.452,WIN,2.91,0.92,6.36
2026-05-12 23:00,ADAUSDT,buy,181.9197,WIN,3.03,1.18,6.09
2026-05-12 23:09,ADAUSDT,buy,182.1715,WIN,0.42,1.32,5.94
2026-05-12 23:10,ADAUSDT,buy,182.422,WIN,0.56,1.45,5.8
2026-05-12 23:13,ADAUSDT,buy,182.9605,WIN,0.77,1.74,5.49
2026-05-12 23:24,ADAUSDT,buy,183.9823,WIN,0.47,2.29,5.05
2026-05-12 23:28,ADAUSDT,buy,184.3077,WIN,0.45,2.46,5.2
2026-05-12 23:29,ADAUSDT,buy,184.5379,WIN,0.58,2.58,5.07
2026-05-12 23:30,ADAUSDT,buy,184.6584,WIN,0.65,2.64,5.0
2026-05-13 00:38,ADAUSDT,sell,183.2018,LOSS,0.82,5.35,1.87
2026-05-13 00:39,ADAUSDT,sell,182.7016,LOSS,0.81,5.64,1.6
2026-05-13 00:42,ADAUSDT,sell,182.5638,LOSS,0.64,5.72,1.53
2026-05-13 00:49,ADAUSDT,sell,181.9141,LOSS,0.5,6.09,1.18
2026-05-13 00:50,ADAUSDT,sell,181.861,LOSS,0.53,6.12,1.15
2026-05-13 00:51,ADAUSDT,sell,181.6628,LOSS,0.64,6.24,1.04
2026-05-13 01:10,ADAUSDT,buy,182.7097,WIN,0.77,1.61,5.63
2026-05-13 01:18,ADAUSDT,buy,182.9794,WIN,0.44,1.75,5.48
2026-05-13 01:20,ADAUSDT,buy,183.4823,WIN,0.68,2.02,5.19
2026-05-13 01:26,ADAUSDT,sell,181.3701,LOSS,0.81,6.41,0.88
2026-05-13 01:54,ADAUSDT,sell,180.5419,LOSS,0.83,6.9,0.42
2026-05-13 01:55,ADAUSDT,sell,180.2579,LOSS,0.99,7.07,0.27
2026-05-13 01:57,ADAUSDT,sell,180.0926,LOSS,0.78,5.09,0.18
2026-05-13 02:11,ADAUSDT,sell,179.9807,LOSS,0.57,5.03,0.11
2026-05-13 02:17,ADAUSDT,buy,183.4442,WIN,2.04,0.82,5.21
2026-05-13 02:18,ADAUSDT,buy,183.8464,WIN,2.26,1.03,5.08
2026-05-13 02:23,ADAUSDT,buy,184.2679,WIN,0.38,1.26,5.22
2026-05-13 02:24,ADAUSDT,buy,184.7024,WIN,0.61,1.49,5.0
2026-05-13 02:26,ADAUSDT,buy,184.9037,WIN,0.6,1.6,5.04
2026-05-13 02:30,ADAUSDT,buy,185.4471,WIN,0.57,1.89,5.06
2026-05-13 02:33,ADAUSDT,buy,185.6878,WIN,0.7,2.02,6.25
2026-05-13 03:32,ADAUSDT,sell,182.9302,LOSS,0.72,5.5,0.54
2026-05-13 03:42,ADAUSDT,buy,184.6163,WIN,0.83,1.45,5.02
2026-05-13 03:45,ADAUSDT,buy,184.8539,WIN,0.63,1.57,5.07
2026-05-13 03:46,ADAUSDT,buy,185.2624,WIN,0.85,1.79,5.04
2026-05-13 03:48,ADAUSDT,buy,185.4818,WIN,0.54,1.91,5.04
2026-05-13 03:51,ADAUSDT,buy,185.7342,WIN,0.58,2.04,6.22
2026-05-13 03:52,ADAUSDT,buy,186.0759,WIN,0.76,2.22,6.03
2026-05-13 04:11,ADAUSDT,buy,186.3739,WIN,0.45,2.38,5.86
2026-05-13 04:14,ADAUSDT,buy,186.4811,WIN,0.45,2.43,5.8
2026-05-13 04:32,ADAUSDT,sell,185.3455,LOSS,0.69,5.02,1.84
2026-05-13 04:54,ADAUSDT,sell,185.2059,LOSS,0.47,5.01,1.76
2026-05-13 04:56,ADAUSDT,sell,184.6868,LOSS,0.75,5.01,1.49
2026-05-13 05:02,ADAUSDT,sell,184.13,LOSS,0.36,5.3,1.19
2026-05-13 05:03,ADAUSDT,sell,183.6056,LOSS,0.64,5.12,0.9
2026-05-13 05:17,ADAUSDT,buy,185.4879,WIN,0.58,1.91,5.03
2026-05-13 05:24,ADAUSDT,buy,186.1538,WIN,0.71,2.26,5.98
2026-05-13 05:37,ADAUSDT,buy,187.9159,WIN,1.77,3.18,5.11
2026-05-13 05:38,ADAUSDT,buy,188.1313,WIN,1.89,3.29,5.2
2026-05-13 06:10,ADAUSDT,sell,186.5218,LOSS,0.45,5.77,2.45
2026-05-13 06:13,ADAUSDT,sell,185.9491,LOSS,0.54,6.1,2.15
2026-05-13 06:14,ADAUSDT,sell,185.6372,LOSS,0.7,5.0,1.99
2026-05-13 06:19,ADAUSDT,sell,185.3253,LOSS,0.43,5.01,1.82
2026-05-13 06:21,ADAUSDT,sell,184.9201,LOSS,0.64,5.03,1.61
2026-05-13 06:22,ADAUSDT,sell,184.4635,LOSS,0.74,5.11,1.37
2026-05-13 06:39,ADAUSDT,buy,185.8677,WIN,0.79,2.11,6.15
2026-05-13 06:45,ADAUSDT,buy,186.092,WIN,0.49,2.23,6.02
2026-05-13 06:46,ADAUSDT,buy,186.45,WIN,0.69,2.42,5.81
2026-05-13 07:04,ADAUSDT,buy,186.9704,WIN,0.47,2.69,5.52
2026-05-13 07:05,ADAUSDT,buy,187.2094,WIN,0.6,2.81,5.39
2026-05-13 07:09,ADAUSDT,buy,187.2579,WIN,0.29,2.84,5.36
2026-05-13 07:29,ADAUSDT,sell,185.8912,LOSS,0.55,6.13,2.12
2026-05-13 07:30,ADAUSDT,sell,185.446,LOSS,0.79,5.06,1.89
2026-05-13 07:37,ADAUSDT,sell,185.2749,LOSS,0.52,5.04,1.8
2026-05-13 07:38,ADAUSDT,sell,185.1329,LOSS,0.6,5.05,1.72
2026-05-13 07:39,ADAUSDT,sell,184.7497,LOSS,0.8,5.13,1.52
2026-05-13 07:40,ADAUSDT,sell,184.4746,LOSS,0.95,5.1,1.37
2026-05-13 07:42,ADAUSDT,sell,184.1414,LOSS,0.71,5.29,1.19
2026-05-13 07:43,ADAUSDT,sell,184.0697,LOSS,0.66,5.34,1.15
2026-05-13 07:44,ADAUSDT,sell,183.8341,LOSS,0.54,5.08,1.03
2026-05-13 07:46,ADAUSDT,sell,183.5924,LOSS,0.47,5.12,0.9
2026-05-13 07:55,ADAUSDT,sell,183.1275,LOSS,0.62,5.39,0.65
2026-05-13 08:16,ADAUSDT,sell,183.0965,LOSS,0.57,5.41,0.63
2026-05-13 08:23,ADAUSDT,buy,184.6511,WIN,0.73,1.47,5.0
2026-05-13 08:24,ADAUSDT,buy,184.9436,WIN,0.73,1.62,5.02
2026-05-13 08:37,ADAUSDT,sell,182.7014,LOSS,0.55,5.64,0.41
2026-05-13 08:45,ADAUSDT,sell,182.2257,LOSS,0.38,5.91,0.15
2026-05-13 08:57,ADAUSDT,buy,185.7054,WIN,2.07,0.66,6.24
2026-05-13 08:58,ADAUSDT,buy,186.1201,WIN,2.3,0.88,6.0
2026-05-13 08:59,ADAUSDT,buy,186.3364,WIN,2.41,1.0,5.88
2026-05-13 09:00,ADAUSDT,buy,186.7462,WIN,2.64,1.21,5.65
2026-05-13 09:06,ADAUSDT,buy,187.5452,WIN,0.42,1.63,5.2
2026-05-13 09:07,ADAUSDT,buy,187.7259,WIN,0.48,1.73,5.1
2026-05-13 09:19,ADAUSDT,buy,188.2698,WIN,0.72,2.01,5.12
2026-05-13 09:26,ADAUSDT,sell,186.3953,LOSS,0.71,5.85,1.03
2026-05-13 09:35,ADAUSDT,sell,185.6665,LOSS,0.62,6.26,0.64
2026-05-13 09:39,ADAUSDT,sell,185.2461,LOSS,0.61,5.05,0.41
2026-05-13 09:40,ADAUSDT,sell,185.1053,LOSS,0.61,5.06,0.34
2026-05-13 10:11,ADAUSDT,buy,186.5084,WIN,1.0,0.68,5.78
2026-05-13 10:13,ADAUSDT,buy,186.8692,WIN,0.82,0.87,5.58
2026-05-13 10:36,ADAUSDT,buy,187.5183,WIN,0.76,1.22,5.21
2026-05-13 10:38,ADAUSDT,buy,187.7493,WIN,0.89,1.34,5.08
2026-05-13 10:54,ADAUSDT,sell,185.7988,LOSS,0.8,6.19,0.3
2026-05-13 10:55,ADAUSDT,sell,185.6445,LOSS,0.88,6.27,0.22
2026-05-13 10:56,ADAUSDT,sell,185.3236,LOSS,0.73,5.01,0.0
2026-05-13 11:22,ADAUSDT,sell,185.6982,LOSS,0.57,6.24,0.12
2026-05-13 11:31,ADAUSDT,buy,187.0831,WIN,0.64,0.75,5.46
2026-05-13 11:46,ADAUSDT,buy,187.7379,WIN,0.45,1.1,5.09
2026-05-13 11:58,ADAUSDT,sell,186.0641,LOSS,0.57,6.03,0.21
2026-05-13 12:09,ADAUSDT,buy,188.1334,WIN,0.8,1.31,5.19
2026-05-13 12:12,ADAUSDT,buy,188.5859,WIN,0.82,1.54,5.04
2026-05-13 12:15,ADAUSDT,buy,188.9532,WIN,0.6,1.74,5.07
2026-05-13 12:17,ADAUSDT,buy,192.979,WIN,2.4,3.79,7.24
2026-05-13 12:45,ADAUSDT,sell,189.1834,LOSS,0.64,5.34,1.86
2026-05-13 12:46,ADAUSDT,sell,188.7223,LOSS,0.89,5.05,1.62
2026-05-13 12:47,ADAUSDT,sell,188.4764,LOSS,0.84,5.0,1.49
2026-05-13 12:50,ADAUSDT,sell,188.1489,LOSS,0.63,5.19,1.32
2026-05-13 12:52,ADAUSDT,sell,187.5216,LOSS,0.81,5.21,0.99
2026-05-13 13:05,ADAUSDT,sell,186.895,LOSS,1.01,5.56,0.65
2026-05-13 13:07,ADAUSDT,sell,186.4512,LOSS,1.0,5.81,0.42
2026-05-13 13:32,ADAUSDT,buy,188.4435,WIN,0.49,1.47,5.02
2026-05-13 13:37,ADAUSDT,buy,188.8875,WIN,0.52,1.7,5.11
2026-05-13 13:38,ADAUSDT,buy,189.2719,WIN,0.72,1.9,5.29
2026-05-13 14:06,ADAUSDT,sell,186.9201,LOSS,0.69,5.55,0.67
2026-05-13 14:08,ADAUSDT,sell,186.5667,LOSS,0.88,5.75,0.48
2026-05-13 14:27,ADAUSDT,sell,186.156,LOSS,0.68,5.98,0.18
2026-05-13 14:50,ADAUSDT,buy,187.3752,WIN,0.83,0.79,5.29
2026-05-13 14:55,ADAUSDT,buy,187.7659,WIN,0.36,0.99,5.07
2026-05-13 15:27,ADAUSDT,sell,186.1831,LOSS,0.67,5.97,0.15
2026-05-13 15:37,ADAUSDT,buy,191.3225,WIN,2.7,2.79,5.22
2026-05-13 16:17,ADAUSDT,sell,188.9632,LOSS,0.76,5.07,1.58
2026-05-13 16:24,ADAUSDT,sell,188.1443,LOSS,0.59,5.19,1.15
2026-05-13 16:32,ADAUSDT,sell,187.8089,LOSS,0.6,5.05,0.98
2026-05-13 16:34,ADAUSDT,sell,187.6018,LOSS,0.65,5.16,0.87
2026-05-13 16:36,ADAUSDT,sell,186.9904,LOSS,0.7,5.51,0.54
2026-05-13 16:39,ADAUSDT,sell,186.5403,LOSS,0.73,5.76,0.3
2026-05-13 17:04,ADAUSDT,sell,186.1397,LOSS,0.72,5.99,0.0
2026-05-13 17:13,ADAUSDT,buy,187.5407,WIN,0.75,0.26,5.2
2026-05-13 17:14,ADAUSDT,buy,187.8553,WIN,0.92,0.42,5.02
2026-05-13 17:18,ADAUSDT,buy,188.0877,WIN,0.35,0.55,5.02
2026-05-13 17:42,ADAUSDT,buy,189.4711,WIN,0.41,0.12,5.18
2026-05-13 17:46,ADAUSDT,buy,189.7828,WIN,0.46,0.13,5.0
2026-05-13 17:52,ADAUSDT,buy,190.2824,WIN,0.4,0.21,5.07
2026-05-13 17:56,ADAUSDT,buy,190.4958,WIN,0.25,0.33,5.08
2026-05-13 17:57,ADAUSDT,buy,190.7794,WIN,0.34,0.47,5.11
2026-05-13 17:59,ADAUSDT,buy,191.2153,WIN,0.52,0.7,5.0
2026-05-13 18:00,ADAUSDT,buy,191.6478,WIN,0.75,0.92,5.05
2026-05-13 18:01,ADAUSDT,buy,191.884,WIN,0.77,1.05,5.06
2026-05-13 18:05,ADAUSDT,buy,192.2408,WIN,0.38,1.23,5.2
2026-05-13 18:57,ADAUSDT,buy,193.8283,WIN,1.97,1.31,6.77
2026-05-13 19:06,ADAUSDT,buy,194.151,WIN,0.55,1.48,6.6
2026-05-13 19:10,ADAUSDT,buy,194.4014,WIN,0.51,1.6,6.46
2026-05-13 19:38,ADAUSDT,sell,192.9799,LOSS,0.75,7.24,0.88
2026-05-13 19:46,ADAUSDT,sell,191.9394,LOSS,0.56,5.03,0.34
2026-05-13 20:05,ADAUSDT,buy,193.5038,WIN,0.97,1.15,6.95
2026-05-13 20:09,ADAUSDT,buy,193.7218,WIN,0.43,1.26,6.83
2026-05-13 20:11,ADAUSDT,buy,194.0738,WIN,0.58,1.44,6.64
2026-05-13 20:15,ADAUSDT,buy,194.1805,WIN,0.4,1.49,6.58
2026-05-13 20:17,ADAUSDT,buy,194.3377,WIN,0.41,1.57,6.49
2026-05-13 20:42,ADAUSDT,sell,193.6127,LOSS,0.56,6.89,1.2
2026-05-13 21:06,ADAUSDT,sell,192.7187,LOSS,0.59,7.39,0.74
2026-05-13 21:07,ADAUSDT,sell,192.4733,LOSS,0.72,5.07,0.62
2026-05-13 21:08,ADAUSDT,sell,191.8583,LOSS,0.93,5.07,0.3
2026-05-13 21:22,ADAUSDT,sell,191.348,LOSS,0.79,5.21,0.03
2026-05-13 21:29,ADAUSDT,buy,193.0434,WIN,0.92,0.66,7.21
2026-05-13 22:14,ADAUSDT,sell,192.1409,LOSS,0.54,5.03,0.19
2026-05-13 22:17,ADAUSDT,buy,197.1016,WIN,2.78,0.71,5.14
2026-05-13 22:21,ADAUSDT,buy,197.3677,WIN,2.82,0.84,5.0
2026-05-13 22:22,ADAUSDT,buy,197.6856,WIN,0.49,1.0,5.03
2026-05-13 22:43,ADAUSDT,sell,196.3944,LOSS,0.68,5.38,0.35
2026-05-13 22:44,ADAUSDT,sell,195.8123,LOSS,0.98,5.69,0.0
2026-05-13 23:15,ADAUSDT,buy,198.4785,WIN,0.83,0.76,5.23
2026-05-13 23:16,ADAUSDT,buy,198.8925,WIN,1.04,0.97,5.01
2026-05-13 23:22,ADAUSDT,buy,199.3972,WIN,0.57,1.22,6.72
2026-05-13 23:23,ADAUSDT,buy,199.7009,WIN,0.64,1.37,6.56
2026-05-13 23:48,ADAUSDT,sell,198.1559,LOSS,0.8,5.09,0.6
2026-05-13 23:50,ADAUSDT,sell,197.7164,LOSS,0.9,5.01,0.38
2026-05-13 23:53,ADAUSDT,sell,197.2578,LOSS,0.53,5.06,0.1
2026-05-14 00:12,ADAUSDT,buy,199.1772,WIN,0.6,0.76,6.84
2026-05-14 00:13,ADAUSDT,buy,199.3041,WIN,0.66,0.83,6.77
2026-05-14 00:36,ADAUSDT,buy,199.7142,WIN,0.61,0.09,6.55
2026-05-14 00:38,ADAUSDT,buy,200.1087,WIN,0.78,0.29,6.34
2026-05-14 00:39,ADAUSDT,buy,200.3681,WIN,0.91,0.42,6.2
2026-05-14 00:44,ADAUSDT,buy,200.5418,WIN,0.42,0.5,6.11
2026-05-14 01:06,ADAUSDT,buy,201.2705,WIN,0.87,0.6,5.73
2026-05-14 01:16,ADAUSDT,buy,202.072,WIN,0.87,0.68,5.31
2026-05-14 01:37,ADAUSDT,buy,206.8833,WIN,3.09,1.21,5.18
2026-05-14 01:38,ADAUSDT,buy,207.1768,WIN,3.14,1.35,5.03
2026-05-14 01:40,ADAUSDT,buy,207.274,WIN,2.8,1.4,5.05
2026-05-14 01:41,ADAUSDT,buy,207.4041,WIN,2.87,1.46,5.0
2026-05-14 01:42,ADAUSDT,buy,207.5031,WIN,0.34,1.51,5.05
2026-05-14 02:15,ADAUSDT,sell,205.9758,LOSS,0.38,5.36,0.78
2026-05-14 02:16,ADAUSDT,sell,205.7114,LOSS,0.5,5.49,0.65
2026-05-14 02:24,ADAUSDT,sell,205.3217,LOSS,0.59,5.69,0.46
2026-05-14 03:01,ADAUSDT,buy,207.1634,WIN,0.72,1.35,5.04
2026-05-14 03:02,ADAUSDT,buy,207.4213,WIN,0.85,1.47,5.1
2026-05-14 03:36,ADAUSDT,sell,205.3287,LOSS,0.61,5.69,0.47
2026-05-14 03:47,ADAUSDT,sell,204.6132,LOSS,0.75,5.17,0.12
2026-05-14 03:48,ADAUSDT,sell,204.4572,LOSS,0.82,5.07,0.0
2026-05-14 04:02,ADAUSDT,buy,206.7023,WIN,0.47,0.77,5.05
2026-05-14 04:08,ADAUSDT,buy,207.0618,WIN,0.68,0.94,5.09
2026-05-14 04:27,ADAUSDT,buy,208.2068,WIN,0.5,1.49,5.22
2026-05-14 04:40,ADAUSDT,buy,208.5661,WIN,0.68,1.66,5.04
2026-05-14 04:48,ADAUSDT,sell,206.6313,LOSS,0.54,5.02,0.74
2026-05-14 04:49,ADAUSDT,sell,206.3466,LOSS,0.46,5.17,0.6
2026-05-14 04:51,ADAUSDT,sell,205.7033,LOSS,0.72,5.49,0.16
2026-05-14 04:57,ADAUSDT,buy,212.3295,WIN,3.39,1.69,5.0
2026-05-14 05:02,ADAUSDT,buy,213.5335,WIN,0.64,2.24,5.47
2026-05-14 05:06,ADAUSDT,buy,214.1192,WIN,0.69,2.51,5.18
2026-05-14 05:09,ADAUSDT,buy,214.6242,WIN,0.39,2.74,5.05
2026-05-14 05:10,ADAUSDT,buy,214.8485,WIN,0.49,2.84,5.33
2026-05-14 05:14,ADAUSDT,buy,215.2988,WIN,0.37,3.04,5.11
2026-05-14 05:36,ADAUSDT,sell,213.1729,LOSS,0.75,5.65,2.07
2026-05-14 05:38,ADAUSDT,sell,212.9626,LOSS,0.84,5.09,1.98
2026-05-14 05:52,ADAUSDT,buy,215.3563,WIN,0.85,3.07,5.08
2026-05-14 06:04,ADAUSDT,sell,212.2283,LOSS,0.57,5.05,1.64
2026-05-14 06:10,ADAUSDT,sell,211.8143,LOSS,0.6,5.1,1.45
2026-05-14 06:29,ADAUSDT,sell,211.2418,LOSS,0.69,5.17,1.18
2026-05-14 06:30,ADAUSDT,sell,210.1247,LOSS,1.21,5.06,0.65
2026-05-14 06:31,ADAUSDT,sell,209.7259,LOSS,1.4,5.02,0.46
2026-05-14 06:38,ADAUSDT,sell,209.1514,LOSS,0.53,5.11,0.19
2026-05-14 06:39,ADAUSDT,sell,208.8617,LOSS,0.66,5.03,0.05
2026-05-14 06:58,ADAUSDT,buy,210.2043,WIN,0.4,0.69,5.02
2026-05-14 07:02,ADAUSDT,buy,211.0803,WIN,0.71,1.1,5.01
2026-05-14 07:09,ADAUSDT,buy,211.7723,WIN,0.58,1.43,5.12
2026-05-14 07:10,ADAUSDT,buy,212.1328,WIN,0.75,1.59,5.1
2026-05-14 07:32,ADAUSDT,sell,209.8986,LOSS,0.65,5.05,0.55
2026-05-14 07:36,ADAUSDT,sell,209.6808,LOSS,0.32,5.04,0.44
2026-05-14 07:50,ADAUSDT,sell,209.5305,LOSS,0.51,5.12,0.37
2026-05-14 07:52,ADAUSDT,sell,209.1872,LOSS,0.48,5.09,0.21
2026-05-14 07:54,ADAUSDT,sell,209.0366,LOSS,0.55,5.04,0.04
2026-05-14 08:16,ADAUSDT,buy,210.6277,WIN,0.36,0.0,5.07
2026-05-14 08:17,ADAUSDT,buy,216.9142,WIN,3.26,0.27,5.11
2026-05-14 08:18,ADAUSDT,buy,217.0722,WIN,3.31,0.34,5.03
2026-05-14 08:19,ADAUSDT,buy,217.3731,WIN,3.46,0.48,5.21
2026-05-14 08:20,ADAUSDT,buy,217.7077,WIN,3.61,0.63,5.05
2026-05-14 08:37,ADAUSDT,buy,218.017,WIN,0.78,0.31,5.01
2026-05-14 08:46,ADAUSDT,buy,218.6003,WIN,0.58,0.49,5.04
2026-05-14 08:56,ADAUSDT,buy,219.2791,WIN,0.66,0.8,5.13
2026-05-14 09:07,ADAUSDT,buy,219.4739,WIN,0.63,0.89,5.04
2026-05-14 09:21,ADAUSDT,sell,218.0046,LOSS,0.75,5.01,0.22
2026-05-14 09:22,ADAUSDT,sell,217.8374,LOSS,0.82,5.04,0.14
2026-05-14 09:39,ADAUSDT,buy,219.231,WIN,0.46,0.48,5.16
2026-05-14 09:40,ADAUSDT,buy,219.6484,WIN,0.65,0.67,5.53
2026-05-14 09:41,ADAUSDT,buy,219.9379,WIN,0.78,0.8,5.39
2026-05-14 09:42,ADAUSDT,buy,220.4204,WIN,1.0,1.02,5.16
2026-05-14 10:04,ADAUSDT,sell,218.3913,LOSS,0.79,5.14,0.1
2026-05-14 10:29,ADAUSDT,buy,219.9395,WIN,0.48,0.57,5.39
2026-05-14 10:39,ADAUSDT,buy,220.4175,WIN,0.79,0.21,5.16
2026-05-14 10:49,ADAUSDT,buy,221.2343,WIN,0.5,0.58,5.01
2026-05-14 10:50,ADAUSDT,buy,221.354,WIN,0.55,0.63,5.05
2026-05-14 11:16,ADAUSDT,buy,221.6668,WIN,0.45,0.11,5.19
2026-05-14 11:20,ADAUSDT,buy,222.4734,WIN,0.59,0.3,5.31
2026-05-14 11:24,ADAUSDT,buy,222.8999,WIN,0.37,0.49,5.11
2026-05-14 11:25,ADAUSDT,buy,223.0189,WIN,0.39,0.54,5.05
2026-05-14 11:26,ADAUSDT,buy,223.2134,WIN,0.48,0.63,5.03
2026-05-14 11:37,ADAUSDT,buy,225.1812,WIN,1.52,0.31,5.1
2026-05-14 11:38,ADAUSDT,buy,225.3934,WIN,1.61,0.41,5.0
2026-05-14 11:42,ADAUSDT,buy,225.9959,WIN,0.56,0.67,7.26
2026-05-14 12:39,ADAUSDT,sell,225.0827,LOSS,0.68,5.15,0.0
2026-05-14 12:45,ADAUSDT,buy,227.3604,WIN,0.86,0.52,6.61
2026-05-14 12:46,ADAUSDT,buy,227.7102,WIN,0.74,0.67,6.45
2026-05-14 12:47,ADAUSDT,buy,228.6276,WIN,1.15,1.07,6.02
2026-05-14 13:05,ADAUSDT,buy,228.8773,WIN,0.67,0.74,5.91
2026-05-14 13:16,ADAUSDT,buy,229.6091,WIN,0.79,0.76,5.57
2026-05-14 13:42,ADAUSDT,buy,230.5107,WIN,0.57,0.49,5.15
2026-05-14 13:43,ADAUSDT,buy,231.2354,WIN,0.89,0.8,5.02
2026-05-14 14:02,ADAUSDT,buy,232.4169,WIN,0.64,0.46,5.24
2026-05-14 14:11,ADAUSDT,buy,232.7598,WIN,0.61,0.25,5.08
2026-05-14 14:20,ADAUSDT,buy,233.9247,WIN,0.75,0.28,5.01
2026-05-14 14:39,ADAUSDT,buy,235.2217,WIN,0.79,0.58,5.71
2026-05-14 14:41,ADAUSDT,buy,236.2593,WIN,1.24,1.02,5.24
2026-05-14 14:57,ADAUSDT,buy,242.0473,WIN,3.21,0.83,5.01
2026-05-14 14:58,ADAUSDT,buy,242.5785,WIN,3.36,1.04,5.03
2026-05-14 15:03,ADAUSDT,buy,243.2234,WIN,0.45,1.31,5.27
2026-05-14 15:07,ADAUSDT,buy,243.7258,WIN,0.4,1.51,5.05
2026-05-14 15:09,ADAUSDT,buy,244.1374,WIN,0.53,1.67,5.08
2026-05-14 15:24,ADAUSDT,sell,242.6399,LOSS,0.58,5.01,1.07
2026-05-14 15:25,ADAUSDT,sell,242.1084,LOSS,0.8,5.1,0.85
2026-05-14 15:34,ADAUSDT,sell,241.4905,LOSS,0.44,5.19,0.6
2026-05-14 15:37,ADAUSDT,sell,240.5803,LOSS,0.73,5.12,0.22
2026-05-14 15:39,ADAUSDT,sell,240.3403,LOSS,0.69,5.22,0.01
2026-05-14 15:54,ADAUSDT,buy,242.8237,WIN,0.63,0.69,5.04
2026-05-14 15:56,ADAUSDT,buy,242.9264,WIN,0.45,0.74,5.1
2026-05-14 16:05,ADAUSDT,buy,243.8243,WIN,0.55,1.1,5.01
2026-05-14 16:11,ADAUSDT,buy,244.1516,WIN,0.43,1.23,5.07
2026-05-14 16:24,ADAUSDT,buy,244.4105,WIN,0.36,1.34,5.15
2026-05-14 16:25,ADAUSDT,buy,244.831,WIN,0.53,1.51,5.06
2026-05-14 16:45,ADAUSDT,buy,245.4624,WIN,0.78,1.76,5.86
2026-05-14 17:03,ADAUSDT,buy,246.3388,WIN,0.49,2.11,5.48
2026-05-14 17:10,ADAUSDT,sell,244.3017,LOSS,1.05,5.0,1.29
2026-05-14 17:13,ADAUSDT,sell,243.9215,LOSS,0.56,5.06,1.14
2026-05-14 17:14,ADAUSDT,sell,243.7583,LOSS,0.54,5.04,1.07
2026-05-14 17:17,ADAUSDT,sell,242.9184,LOSS,0.68,5.1,0.73
2026-05-14 17:18,ADAUSDT,sell,242.4449,LOSS,0.68,5.09,0.54
2026-05-14 17:23,ADAUSDT,sell,242.1577,LOSS,0.54,5.08,0.42
2026-05-14 17:45,ADAUSDT,buy,243.7225,WIN,0.45,1.06,5.05
2026-05-14 17:56,ADAUSDT,sell,241.8706,LOSS,1.05,5.02,0.3
2026-05-14 17:57,ADAUSDT,sell,241.4209,LOSS,1.18,5.01,0.12
2026-05-14 18:17,ADAUSDT,buy,248.2917,WIN,2.4,0.51,5.12
2026-05-14 18:33,ADAUSDT,buy,249.4046,WIN,0.97,0.53,5.14
2026-05-14 18:42,ADAUSDT,buy,249.9012,WIN,0.45,0.72,5.05
2026-05-14 18:55,ADAUSDT,sell,248.281,LOSS,0.4,5.12,0.05
2026-05-14 19:03,ADAUSDT,buy,250.4553,WIN,0.76,0.72,5.13
2026-05-14 19:17,ADAUSDT,buy,251.641,WIN,1.0,0.38,5.11
2026-05-14 19:32,ADAUSDT,buy,252.4595,WIN,0.71,0.26,5.22
2026-05-14 19:33,ADAUSDT,buy,253.0685,WIN,0.79,0.5,5.12
2026-05-14 19:36,ADAUSDT,buy,253.3797,WIN,0.71,0.62,5.2
2026-05-14 19:38,ADAUSDT,buy,253.7797,WIN,0.56,0.78,5.03
2026-05-14 19:40,ADAUSDT,buy,254.286,WIN,0.76,0.97,5.05
2026-05-14 19:58,ADAUSDT,buy,255.0121,WIN,0.45,1.26,5.22
2026-05-14 20:00,ADAUSDT,buy,255.0702,WIN,0.47,1.28,5.2
2026-05-14 20:01,ADAUSDT,buy,255.8521,WIN,0.78,1.58,5.15
2026-05-14 20:14,ADAUSDT,buy,256.425,WIN,0.77,1.8,5.08
2026-05-14 20:18,ADAUSDT,buy,256.8287,WIN,0.7,1.95,5.08
2026-05-14 20:35,ADAUSDT,sell,255.3651,LOSS,0.72,5.08,1.39
2026-05-14 20:46,ADAUSDT,sell,254.6286,LOSS,0.33,5.01,1.11
2026-05-14 20:52,ADAUSDT,sell,253.9345,LOSS,0.41,5.1,0.84
2026-05-14 21:05,ADAUSDT,sell,253.417,LOSS,0.58,5.18,0.63
2026-05-14 21:11,ADAUSDT,sell,252.7183,LOSS,0.59,5.11,0.36
2026-05-14 21:23,ADAUSDT,sell,252.1712,LOSS,0.97,5.02,0.14
2026-05-14 21:24,ADAUSDT,sell,252.0526,LOSS,0.84,5.07,0.1
2026-05-14 21:37,ADAUSDT,buy,259.7829,WIN,3.13,0.2,5.07
2026-05-14 21:39,ADAUSDT,buy,260.0022,WIN,3.12,0.0,5.11
2026-05-14 21:40,ADAUSDT,buy,260.4305,WIN,3.29,0.14,5.09
2026-05-14 21:41,ADAUSDT,buy,260.5458,WIN,3.34,0.18,5.05
2026-05-14 21:42,ADAUSDT,buy,260.9419,WIN,0.65,0.33,5.03
2026-05-14 21:43,ADAUSDT,buy,261.6063,WIN,0.91,0.58,5.07
2026-05-14 21:44,ADAUSDT,buy,261.9924,WIN,1.06,0.73,5.01
2026-05-14 21:46,ADAUSDT,buy,262.2542,WIN,0.69,0.83,5.11
2026-05-14 21:47,ADAUSDT,buy,262.3986,WIN,0.6,0.88,5.05
2026-05-14 22:02,ADAUSDT,buy,263.246,WIN,0.86,1.2,7.2
2026-05-14 22:04,ADAUSDT,buy,263.3102,WIN,0.68,1.23,7.18
2026-05-14 22:06,ADAUSDT,buy,263.7421,WIN,0.54,1.39,7.0
2026-05-14 22:09,ADAUSDT,buy,263.9619,WIN,0.44,1.47,6.91
2026-05-14 22:10,ADAUSDT,buy,264.2133,WIN,0.53,1.57,6.81
2026-05-14 22:17,ADAUSDT,buy,264.795,WIN,0.79,1.78,6.57
2026-05-14 22:18,ADAUSDT,buy,265.5499,WIN,1.07,2.06,6.27
2026-05-14 22:20,ADAUSDT,buy,266.0789,WIN,1.28,2.26,6.06
2026-05-14 22:22,ADAUSDT,buy,266.7349,WIN,0.83,2.5,5.8
2026-05-14 22:53,ADAUSDT,sell,264.9202,LOSS,0.31,6.52,1.83
2026-05-14 22:59,ADAUSDT,sell,264.4017,LOSS,0.62,6.73,1.64
2026-05-14 23:06,ADAUSDT,sell,263.663,LOSS,0.79,7.03,1.36
2026-05-14 23:22,ADAUSDT,buy,265.5453,WIN,0.51,2.06,6.27
2026-05-14 23:41,ADAUSDT,sell,264.2051,LOSS,0.37,6.81,1.56
2026-05-14 23:43,ADAUSDT,sell,263.4806,LOSS,0.64,7.11,1.29
2026-05-14 23:44,ADAUSDT,sell,263.3762,LOSS,0.61,7.15,1.25
2026-05-14 23:45,ADAUSDT,sell,262.9949,LOSS,0.76,7.3,1.11
2026-05-15 00:03,ADAUSDT,sell,262.6546,LOSS,0.68,7.44,0.98
2026-05-15 00:16,ADAUSDT,sell,262.0961,LOSS,0.44,5.18,0.77
2026-05-15 00:20,ADAUSDT,sell,261.8448,LOSS,0.42,5.05,0.67
2026-05-15 00:46,ADAUSDT,sell,260.7656,LOSS,0.68,5.01,0.26
2026-05-15 00:57,ADAUSDT,buy,267.9663,WIN,3.01,1.63,5.31
2026-05-15 01:20,ADAUSDT,sell,264.7372,LOSS,0.54,6.6,0.43
2026-05-15 02:06,ADAUSDT,sell,265.0048,LOSS,0.87,6.49,0.53
2026-05-15 02:07,ADAUSDT,sell,264.6051,LOSS,0.64,6.65,0.38
2026-05-15 02:08,ADAUSDT,sell,263.8787,LOSS,0.91,6.94,0.05
2026-05-15 02:22,ADAUSDT,buy,267.2243,WIN,0.44,0.0,5.61
2026-05-15 02:23,ADAUSDT,buy,268.0981,WIN,0.77,0.1,5.26
2026-05-15 02:24,ADAUSDT,buy,268.6002,WIN,0.96,0.28,5.06
2026-05-15 02:25,ADAUSDT,buy,269.0155,WIN,0.93,0.44,5.01
2026-05-15 02:26,ADAUSDT,buy,269.2514,WIN,0.96,0.52,5.14
2026-05-15 02:29,ADAUSDT,buy,269.7364,WIN,0.71,0.16,5.01
2026-05-15 02:30,ADAUSDT,buy,270.6071,WIN,1.03,0.48,5.19
2026-05-15 02:42,ADAUSDT,buy,271.2472,WIN,0.61,0.28,5.04
2026-05-15 02:43,ADAUSDT,buy,271.6038,WIN,0.75,0.41,5.22
2026-05-15 02:51,ADAUSDT,buy,272.696,WIN,0.81,0.56,5.08
2026-05-15 02:52,ADAUSDT,buy,272.9108,WIN,0.89,0.64,5.06
2026-05-15 03:16,ADAUSDT,buy,273.5554,WIN,0.76,0.87,5.06
2026-05-15 03:25,ADAUSDT,sell,271.3071,LOSS,0.71,5.01,0.04
2026-05-15 03:45,ADAUSDT,buy,274.0276,WIN,0.59,0.38,5.14
2026-05-15 03:53,ADAUSDT,buy,274.7015,WIN,0.32,0.62,5.19
2026-05-15 03:55,ADAUSDT,buy,274.9508,WIN,0.42,0.71,5.09
2026-05-15 04:12,ADAUSDT,sell,273.3175,LOSS,0.49,5.15,0.12
2026-05-15 04:14,ADAUSDT,sell,272.998,LOSS,0.44,5.03,0.0
2026-05-15 04:17,ADAUSDT,buy,281.875,WIN,3.25,0.46,5.02
2026-05-15 04:22,ADAUSDT,buy,282.3465,WIN,0.48,0.63,5.28
2026-05-15 04:23,ADAUSDT,buy,282.5026,WIN,0.53,0.68,5.22
2026-05-15 04:39,ADAUSDT,sell,280.7643,LOSS,0.68,5.07,0.04
2026-05-15 04:58,ADAUSDT,buy,283.0858,WIN,0.57,0.12,5.0
2026-05-15 05:01,ADAUSDT,buy,283.7862,WIN,0.82,0.0,5.14
2026-05-15 05:02,ADAUSDT,buy,284.158,WIN,0.5,0.13,5.15
2026-05-15 05:06,ADAUSDT,buy,284.8196,WIN,0.46,0.31,5.15
2026-05-15 05:08,ADAUSDT,buy,285.6805,WIN,0.67,0.61,5.19
2026-05-15 05:14,ADAUSDT,buy,286.3188,WIN,0.46,0.84,5.06
2026-05-15 05:16,ADAUSDT,buy,286.8849,WIN,0.66,1.03,5.06
2026-05-15 05:21,ADAUSDT,buy,287.8897,WIN,0.61,1.38,5.14
2026-05-15 05:23,ADAUSDT,buy,288.1688,WIN,0.71,1.47,5.04
2026-05-15 05:25,ADAUSDT,buy,288.6818,WIN,0.68,1.65,5.12
2026-05-15 05:33,ADAUSDT,buy,289.0122,WIN,0.47,1.76,5.0
2026-05-15 05:43,ADAUSDT,sell,286.8811,LOSS,0.5,5.06,1.03
2026-05-15 05:56,ADAUSDT,sell,286.2696,LOSS,0.74,5.08,0.82
2026-05-15 05:57,ADAUSDT,sell,285.7174,LOSS,0.68,5.18,0.63
2026-05-15 06:09,ADAUSDT,sell,284.9037,LOSS,0.46,5.12,0.34
2026-05-15 06:30,ADAUSDT,buy,286.1562,WIN,0.49,0.37,5.02
2026-05-15 06:32,ADAUSDT,buy,286.3166,WIN,0.52,0.42,5.07
2026-05-15 06:49,ADAUSDT,buy,287.0233,WIN,0.62,0.65,5.01
2026-05-15 07:01,ADAUSDT,buy,287.1765,WIN,0.54,0.1,5.4
2026-05-15 07:03,ADAUSDT,buy,287.7856,WIN,0.68,0.11,5.18
2026-05-15 07:04,ADAUSDT,buy,287.9449,WIN,0.66,0.17,5.12
2026-05-15 07:06,ADAUSDT,buy,288.2721,WIN,0.48,0.28,5.0
2026-05-15 07:16,ADAUSDT,buy,288.8344,WIN,0.44,0.0,5.07
2026-05-15 07:26,ADAUSDT,buy,290.8936,WIN,0.5,0.57,6.11
2026-05-15 07:37,ADAUSDT,buy,293.6409,WIN,1.31,1.5,5.12
2026-05-15 07:49,ADAUSDT,buy,294.7432,WIN,0.46,1.87,5.0
2026-05-15 07:57,ADAUSDT,sell,292.3187,LOSS,0.74,5.59,1.06
2026-05-15 08:07,ADAUSDT,sell,291.9391,LOSS,0.73,5.73,0.93
2026-05-15 08:13,ADAUSDT,buy,294.2985,WIN,0.93,1.72,5.07
2026-05-15 08:15,ADAUSDT,buy,295.4884,WIN,1.15,2.12,5.08
2026-05-15 08:22,ADAUSDT,buy,295.8068,WIN,0.33,2.23,5.05
2026-05-15 09:03,ADAUSDT,sell,292.6903,LOSS,0.58,5.46,1.18
2026-05-15 09:04,ADAUSDT,sell,291.7069,LOSS,0.77,5.81,0.85
2026-05-15 09:06,ADAUSDT,sell,291.4245,LOSS,0.7,5.92,0.76
2026-05-15 09:07,ADAUSDT,sell,291.1905,LOSS,0.78,6.0,0.68
2026-05-15 09:09,ADAUSDT,sell,290.2034,LOSS,0.54,6.36,0.34
2026-05-15 09:27,ADAUSDT,buy,293.1909,WIN,0.67,1.35,5.28
2026-05-15 09:28,ADAUSDT,buy,293.608,WIN,0.82,1.49,5.13
2026-05-15 09:29,ADAUSDT,buy,294.211,WIN,1.03,1.7,5.1
2026-05-15 09:30,ADAUSDT,buy,294.4565,WIN,0.89,1.78,5.01
2026-05-15 09:50,ADAUSDT,buy,296.1071,WIN,0.63,2.33,5.09
2026-05-15 09:51,ADAUSDT,buy,296.9007,WIN,0.9,2.59,5.1
2026-05-15 10:07,ADAUSDT,sell,292.7427,LOSS,0.85,5.44,1.2
2026-05-15 10:10,ADAUSDT,sell,292.2826,LOSS,0.48,5.61,1.05
2026-05-15 10:11,ADAUSDT,sell,291.5609,LOSS,0.68,5.87,0.8
2026-05-15 10:28,ADAUSDT,sell,290.1364,LOSS,0.59,6.39,0.32
2026-05-15 10:57,ADAUSDT,buy,295.6495,WIN,1.97,1.13,5.02
2026-05-15 10:58,ADAUSDT,buy,296.0251,WIN,2.1,1.26,5.12
2026-05-15 11:06,ADAUSDT,buy,297.6718,WIN,0.78,1.8,7.07
2026-05-15 11:07,ADAUSDT,buy,298.3648,WIN,0.96,2.03,6.82
2026-05-15 11:08,ADAUSDT,buy,298.7676,WIN,0.82,2.16,6.68
2026-05-15 11:28,ADAUSDT,sell,295.3175,LOSS,0.45,5.05,1.02
2026-05-15 11:29,ADAUSDT,sell,295.0181,LOSS,0.55,5.16,0.92
2026-05-15 11:30,ADAUSDT,sell,294.1816,LOSS,0.83,5.11,0.64
2026-05-15 11:32,ADAUSDT,sell,293.6765,LOSS,1.0,5.1,0.47
2026-05-15 11:54,ADAUSDT,sell,292.9175,LOSS,0.66,5.38,0.21
2026-05-15 12:13,ADAUSDT,buy,294.8325,WIN,0.68,0.0,5.23
2026-05-15 12:14,ADAUSDT,buy,295.2391,WIN,0.82,0.0,5.08
2026-05-15 12:15,ADAUSDT,buy,295.7941,WIN,1.01,0.19,5.06
2026-05-15 12:20,ADAUSDT,buy,296.6523,WIN,0.4,0.48,5.19
2026-05-15 12:29,ADAUSDT,buy,298.3854,WIN,0.52,1.06,6.82
2026-05-15 12:31,ADAUSDT,buy,298.5198,WIN,0.37,1.1,6.77
2026-05-15 12:43,ADAUSDT,buy,298.566,WIN,0.47,1.12,6.75
2026-05-15 12:44,ADAUSDT,buy,298.9705,WIN,0.61,1.25,6.61
2026-05-15 12:45,ADAUSDT,buy,299.2193,WIN,0.69,1.33,6.52
2026-05-15 12:50,ADAUSDT,buy,300.0458,WIN,0.71,1.61,6.23
2026-05-15 12:53,ADAUSDT,buy,300.7234,WIN,0.86,1.83,5.99
2026-05-15 12:54,ADAUSDT,buy,301.1746,WIN,0.96,1.97,5.83
2026-05-15 12:57,ADAUSDT,buy,302.1552,WIN,0.88,2.29,5.48
2026-05-15 13:20,ADAUSDT,sell,299.0598,LOSS,1.01,6.58,1.28
2026-05-15 13:21,ADAUSDT,sell,298.5094,LOSS,1.04,6.77,1.1
2026-05-15 13:30,ADAUSDT,sell,297.4612,LOSS,0.85,7.15,0.75
2026-05-15 13:34,ADAUSDT,sell,297.0067,LOSS,0.5,5.07,0.6
2026-05-15 13:49,ADAUSDT,sell,296.1104,LOSS,0.52,5.09,0.3
2026-05-15 13:51,ADAUSDT,sell,295.9762,LOSS,0.57,5.14,0.25
2026-05-15 13:52,ADAUSDT,sell,295.8814,LOSS,0.32,5.03,0.22
2026-05-15 13:58,ADAUSDT,buy,298.0836,WIN,0.71,0.96,6.93
2026-05-15 14:16,ADAUSDT,sell,295.6064,LOSS,0.5,5.03,0.0
2026-05-15 14:17,ADAUSDT,buy,301.388,WIN,2.09,1.47,5.75
2026-05-15 14:22,ADAUSDT,buy,301.722,WIN,0.49,1.58,5.64
2026-05-15 14:38,ADAUSDT,buy,302.7561,WIN,0.73,1.91,5.28
2026-05-15 15:20,ADAUSDT,buy,302.2941,WIN,0.59,1.76,5.44
2026-05-15 15:21,ADAUSDT,buy,302.6912,WIN,0.72,1.89,5.3
2026-05-15 15:22,ADAUSDT,buy,303.2755,WIN,0.73,2.08,5.1
2026-05-15 15:45,ADAUSDT,sell,300.8254,LOSS,0.36,5.95,1.28
2026-05-15 15:46,ADAUSDT,sell,300.4006,LOSS,0.42,6.1,1.15
2026-05-15 15:53,ADAUSDT,buy,303.625,WIN,0.85,2.19,5.07
2026-05-15 16:07,ADAUSDT,sell,299.4176,LOSS,0.5,6.45,0.82
2026-05-15 16:09,ADAUSDT,sell,298.7637,LOSS,0.67,6.68,0.6
2026-05-15 16:10,ADAUSDT,sell,298.1184,LOSS,0.87,6.91,0.39
2026-05-15 16:40,ADAUSDT,sell,298.543,LOSS,0.48,6.76,0.0
2026-05-15 16:59,ADAUSDT,buy,301.6812,WIN,0.6,0.8,5.65
2026-05-15 17:25,ADAUSDT,sell,300.662,LOSS,0.49,6.01,0.46
2026-05-15 17:36,ADAUSDT,sell,299.7975,LOSS,0.72,6.31,0.08
2026-05-15 17:59,ADAUSDT,sell,303.3776,LOSS,0.65,5.06,1.26
2026-05-15 18:00,ADAUSDT,sell,303.2801,LOSS,0.58,5.09,1.22
2026-05-15 18:01,ADAUSDT,sell,302.9349,LOSS,0.7,5.21,1.11
2026-05-15 18:15,ADAUSDT,sell,301.5765,LOSS,0.68,5.69,0.67
2026-05-15 18:16,ADAUSDT,sell,301.1849,LOSS,0.56,5.82,0.54
2026-05-15 18:34,ADAUSDT,sell,300.5279,LOSS,0.28,6.06,0.32
2026-05-15 18:47,ADAUSDT,buy,302.0302,WIN,0.57,0.2,5.53
2026-05-15 18:52,ADAUSDT,buy,303.0345,WIN,0.47,0.53,5.18
